<annotation verified="no">
  <folder>ship</folder>
  <filename>00007</filename>
  <path>00007.jpg</path>
  <source>
    <database>Unknown</database>
  </source>
  <size>
    <width>309</width>
    <height>203</height>
    <depth>3</depth>
  </size>
  <segmented>0</segmented>
  <object>
    <name>other ship</name>
    <pose>Unspecified</pose>
    <truncated>0</truncated>
    <Difficult>0</Difficult>
    <bndbox>
      <xmin>7</xmin>
      <ymin>46</ymin>
      <xmax>304</xmax>
      <ymax>178</ymax>
    </bndbox>
  </object>
</annotation>