<annotation verified="no">
  <folder>ship</folder>
  <filename>00002</filename>
  <path>00002.jpg</path>
  <source>
    <database>Unknown</database>
  </source>
  <size>
    <width>400</width>
    <height>258</height>
    <depth>3</depth>
  </size>
  <segmented>0</segmented>
  <object>
    <name>bulk carrier</name>
    <pose>Unspecified</pose>
    <truncated>1</truncated>
    <Difficult>0</Difficult>
    <bndbox>
      <xmin>190</xmin>
      <ymin>1</ymin>
      <xmax>400</xmax>
      <ymax>235</ymax>
    </bndbox>
  </object>
  <object>
    <name>bulk carrier</name>
    <pose>Unspecified</pose>
    <truncated>0</truncated>
    <Difficult>0</Difficult>
    <bndbox>
      <xmin>105</xmin>
      <ymin>74</ymin>
      <xmax>206</xmax>
      <ymax>198</ymax>
    </bndbox>
  </object>
  <object>
    <name>bulk carrier</name>
    <pose>Unspecified</pose>
    <truncated>0</truncated>
    <Difficult>0</Difficult>
    <bndbox>
      <xmin>61</xmin>
      <ymin>128</ymin>
      <xmax>113</xmax>
      <ymax>180</ymax>
    </bndbox>
  </object>
</annotation>