<annotation verified="no">
  <folder>ship</folder>
  <filename>00004</filename>
  <path>00004.jpg</path>
  <source>
    <database>Unknown</database>
  </source>
  <size>
    <width>500</width>
    <height>333</height>
    <depth>3</depth>
  </size>
  <segmented>0</segmented>
  <object>
    <name>container ship</name>
    <pose>Unspecified</pose>
    <truncated>0</truncated>
    <Difficult>0</Difficult>
    <bndbox>
      <xmin>58</xmin>
      <ymin>79</ymin>
      <xmax>460</xmax>
      <ymax>267</ymax>
    </bndbox>
  </object>
</annotation>