<annotation verified="no">
  <folder>ship</folder>
  <filename>00005</filename>
  <path>00005.jpg</path>
  <source>
    <database>Unknown</database>
  </source>
  <size>
    <width>500</width>
    <height>309</height>
    <depth>3</depth>
  </size>
  <segmented>0</segmented>
  <object>
    <name>bulk carrier</name>
    <pose>Unspecified</pose>
    <truncated>1</truncated>
    <Difficult>0</Difficult>
    <bndbox>
      <xmin>33</xmin>
      <ymin>1</ymin>
      <xmax>473</xmax>
      <ymax>289</ymax>
    </bndbox>
  </object>
</annotation>