<annotation verified="no">
  <folder>ship</folder>
  <filename>00003</filename>
  <path>00003.jpg</path>
  <source>
    <database>Unknown</database>
  </source>
  <size>
    <width>500</width>
    <height>333</height>
    <depth>3</depth>
  </size>
  <segmented>0</segmented>
  <object>
    <name>bulk carrier</name>
    <pose>Unspecified</pose>
    <truncated>0</truncated>
    <Difficult>0</Difficult>
    <bndbox>
      <xmin>98</xmin>
      <ymin>49</ymin>
      <xmax>406</xmax>
      <ymax>178</ymax>
    </bndbox>
  </object>
  <object>
    <name>other ship</name>
    <pose>Unspecified</pose>
    <truncated>0</truncated>
    <Difficult>0</Difficult>
    <bndbox>
      <xmin>69</xmin>
      <ymin>96</ymin>
      <xmax>106</xmax>
      <ymax>134</ymax>
    </bndbox>
  </object>
  <object>
    <name>island reef</name>
    <pose>Unspecified</pose>
    <truncated>1</truncated>
    <Difficult>0</Difficult>
    <bndbox>
      <xmin>1</xmin>
      <ymin>78</ymin>
      <xmax>399</xmax>
      <ymax>116</ymax>
    </bndbox>
  </object>
</annotation>