<annotation verified="no">
  <folder>ship</folder>
  <filename>00008</filename>
  <path>00008.jpg</path>
  <source>
    <database>Unknown</database>
  </source>
  <size>
    <width>330</width>
    <height>220</height>
    <depth>3</depth>
  </size>
  <segmented>0</segmented>
  <object>
    <name>other ship</name>
    <pose>Unspecified</pose>
    <truncated>0</truncated>
    <Difficult>0</Difficult>
    <bndbox>
      <xmin>69</xmin>
      <ymin>96</ymin>
      <xmax>279</xmax>
      <ymax>141</ymax>
    </bndbox>
  </object>
</annotation>