<annotation verified="no">
  <folder>ship</folder>
  <filename>00001</filename>
  <path>00001.jpg</path>
  <source>
    <database>Unknown</database>
  </source>
  <size>
    <width>500</width>
    <height>749</height>
    <depth>3</depth>
  </size>
  <segmented>0</segmented>
  <object>
    <name>sailboat</name>
    <pose>Unspecified</pose>
    <truncated>0</truncated>
    <Difficult>0</Difficult>
    <bndbox>
      <xmin>247</xmin>
      <ymin>62</ymin>
      <xmax>374</xmax>
      <ymax>377</ymax>
    </bndbox>
  </object>
  <object>
    <name>sailboat</name>
    <pose>Unspecified</pose>
    <truncated>0</truncated>
    <Difficult>0</Difficult>
    <bndbox>
      <xmin>176</xmin>
      <ymin>153</ymin>
      <xmax>274</xmax>
      <ymax>365</ymax>
    </bndbox>
  </object>
  <object>
    <name>other ship</name>
    <pose>Unspecified</pose>
    <truncated>0</truncated>
    <Difficult>0</Difficult>
    <bndbox>
      <xmin>122</xmin>
      <ymin>302</ymin>
      <xmax>179</xmax>
      <ymax>363</ymax>
    </bndbox>
  </object>
  <object>
    <name>sailboat</name>
    <pose>Unspecified</pose>
    <truncated>0</truncated>
    <Difficult>0</Difficult>
    <bndbox>
      <xmin>76</xmin>
      <ymin>226</ymin>
      <xmax>128</xmax>
      <ymax>365</ymax>
    </bndbox>
  </object>
</annotation>