<annotation verified="no">
  <folder>ship</folder>
  <filename>00006</filename>
  <path>00006.jpg</path>
  <source>
    <database>Unknown</database>
  </source>
  <size>
    <width>600</width>
    <height>419</height>
    <depth>3</depth>
  </size>
  <segmented>0</segmented>
  <object>
    <name>other ship</name>
    <pose>Unspecified</pose>
    <truncated>0</truncated>
    <Difficult>0</Difficult>
    <bndbox>
      <xmin>381</xmin>
      <ymin>187</ymin>
      <xmax>453</xmax>
      <ymax>226</ymax>
    </bndbox>
  </object>
  <object>
    <name>other ship</name>
    <pose>Unspecified</pose>
    <truncated>0</truncated>
    <Difficult>0</Difficult>
    <bndbox>
      <xmin>500</xmin>
      <ymin>183</ymin>
      <xmax>572</xmax>
      <ymax>218</ymax>
    </bndbox>
  </object>
  <object>
    <name>other ship</name>
    <pose>Unspecified</pose>
    <truncated>0</truncated>
    <Difficult>0</Difficult>
    <bndbox>
      <xmin>141</xmin>
      <ymin>190</ymin>
      <xmax>599</xmax>
      <ymax>418</ymax>
    </bndbox>
  </object>
  <object>
    <name>island reef</name>
    <pose>Unspecified</pose>
    <truncated>1</truncated>
    <Difficult>0</Difficult>
    <bndbox>
      <xmin>2</xmin>
      <ymin>131</ymin>
      <xmax>600</xmax>
      <ymax>183</ymax>
    </bndbox>
  </object>
</annotation>