<annotation verified="no">
  <folder>ship</folder>
  <filename>00009</filename>
  <path>00009.jpg</path>
  <source>
    <database>Unknown</database>
  </source>
  <size>
    <width>500</width>
    <height>360</height>
    <depth>3</depth>
  </size>
  <segmented>0</segmented>
  <object>
    <name>other ship</name>
    <pose>Unspecified</pose>
    <truncated>1</truncated>
    <Difficult>0</Difficult>
    <bndbox>
      <xmin>110</xmin>
      <ymin>111</ymin>
      <xmax>500</xmax>
      <ymax>359</ymax>
    </bndbox>
  </object>
  <object>
    <name>island reef</name>
    <pose>Unspecified</pose>
    <truncated>1</truncated>
    <Difficult>0</Difficult>
    <bndbox>
      <xmin>1</xmin>
      <ymin>1</ymin>
      <xmax>500</xmax>
      <ymax>44</ymax>
    </bndbox>
  </object>
</annotation>