<annotation verified="no">
  <folder>ship</folder>
  <filename>00019</filename>
  <path>00019.jpg</path>
  <source>
    <database>Unknown</database>
  </source>
  <size>
    <width>500</width>
    <height>313</height>
    <depth>3</depth>
  </size>
  <segmented>0</segmented>
  <object>
    <name>liner</name>
    <pose>Unspecified</pose>
    <truncated>0</truncated>
    <Difficult>0</Difficult>
    <bndbox>
      <xmin>166</xmin>
      <ymin>116</ymin>
      <xmax>418</xmax>
      <ymax>253</ymax>
    </bndbox>
  </object>
  <object>
    <name>sailboat</name>
    <pose>Unspecified</pose>
    <truncated>0</truncated>
    <Difficult>0</Difficult>
    <bndbox>
      <xmin>100</xmin>
      <ymin>217</ymin>
      <xmax>128</xmax>
      <ymax>254</ymax>
    </bndbox>
  </object>
  <object>
    <name>sailboat</name>
    <pose>Unspecified</pose>
    <truncated>0</truncated>
    <Difficult>0</Difficult>
    <bndbox>
      <xmin>284</xmin>
      <ymin>204</ymin>
      <xmax>320</xmax>
      <ymax>260</ymax>
    </bndbox>
  </object>
  <object>
    <name>sailboat</name>
    <pose>Unspecified</pose>
    <truncated>0</truncated>
    <Difficult>0</Difficult>
    <bndbox>
      <xmin>404</xmin>
      <ymin>222</ymin>
      <xmax>425</xmax>
      <ymax>249</ymax>
    </bndbox>
  </object>
  <object>
    <name>island reef</name>
    <pose>Unspecified</pose>
    <truncated>1</truncated>
    <Difficult>0</Difficult>
    <bndbox>
      <xmin>1</xmin>
      <ymin>173</ymin>
      <xmax>251</xmax>
      <ymax>251</ymax>
    </bndbox>
  </object>
</annotation>