<annotation verified="no">
  <folder>ship</folder>
  <filename>00018</filename>
  <path>00018.jpg</path>
  <source>
    <database>Unknown</database>
  </source>
  <size>
    <width>500</width>
    <height>322</height>
    <depth>3</depth>
  </size>
  <segmented>0</segmented>
  <object>
    <name>bulk carrier</name>
    <pose>Unspecified</pose>
    <truncated>1</truncated>
    <Difficult>0</Difficult>
    <bndbox>
      <xmin>19</xmin>
      <ymin>1</ymin>
      <xmax>493</xmax>
      <ymax>314</ymax>
    </bndbox>
  </object>
</annotation>