<annotation verified="no">
  <folder>ship</folder>
  <filename>00015</filename>
  <path>00015.jpg</path>
  <source>
    <database>Unknown</database>
  </source>
  <size>
    <width>500</width>
    <height>333</height>
    <depth>3</depth>
  </size>
  <segmented>0</segmented>
  <object>
    <name>sailboat</name>
    <pose>Unspecified</pose>
    <truncated>0</truncated>
    <Difficult>0</Difficult>
    <bndbox>
      <xmin>120</xmin>
      <ymin>22</ymin>
      <xmax>369</xmax>
      <ymax>275</ymax>
    </bndbox>
  </object>
  <object>
    <name>island reef</name>
    <pose>Unspecified</pose>
    <truncated>1</truncated>
    <Difficult>0</Difficult>
    <bndbox>
      <xmin>1</xmin>
      <ymin>187</ymin>
      <xmax>114</xmax>
      <ymax>261</ymax>
    </bndbox>
  </object>
  <object>
    <name>island reef</name>
    <pose>Unspecified</pose>
    <truncated>1</truncated>
    <Difficult>0</Difficult>
    <bndbox>
      <xmin>358</xmin>
      <ymin>184</ymin>
      <xmax>500</xmax>
      <ymax>263</ymax>
    </bndbox>
  </object>
</annotation>