<annotation verified="no">
  <folder>ship</folder>
  <filename>00010</filename>
  <path>00010.jpg</path>
  <source>
    <database>Unknown</database>
  </source>
  <size>
    <width>500</width>
    <height>334</height>
    <depth>3</depth>
  </size>
  <segmented>0</segmented>
  <object>
    <name>liner</name>
    <pose>Unspecified</pose>
    <truncated>0</truncated>
    <Difficult>0</Difficult>
    <bndbox>
      <xmin>160</xmin>
      <ymin>81</ymin>
      <xmax>375</xmax>
      <ymax>226</ymax>
    </bndbox>
  </object>
  <object>
    <name>other ship</name>
    <pose>Unspecified</pose>
    <truncated>1</truncated>
    <Difficult>0</Difficult>
    <bndbox>
      <xmin>443</xmin>
      <ymin>183</ymin>
      <xmax>500</xmax>
      <ymax>217</ymax>
    </bndbox>
  </object>
  <object>
    <name>island reef</name>
    <pose>Unspecified</pose>
    <truncated>1</truncated>
    <Difficult>0</Difficult>
    <bndbox>
      <xmin>1</xmin>
      <ymin>188</ymin>
      <xmax>170</xmax>
      <ymax>201</ymax>
    </bndbox>
  </object>
</annotation>