<annotation verified="no">
  <folder>ship</folder>
  <filename>00014</filename>
  <path>00014.jpg</path>
  <source>
    <database>Unknown</database>
  </source>
  <size>
    <width>500</width>
    <height>575</height>
    <depth>3</depth>
  </size>
  <segmented>0</segmented>
  <object>
    <name>other ship</name>
    <pose>Unspecified</pose>
    <truncated>1</truncated>
    <Difficult>0</Difficult>
    <bndbox>
      <xmin>1</xmin>
      <ymin>340</ymin>
      <xmax>93</xmax>
      <ymax>403</ymax>
    </bndbox>
  </object>
  <object>
    <name>other ship</name>
    <pose>Unspecified</pose>
    <truncated>0</truncated>
    <Difficult>0</Difficult>
    <bndbox>
      <xmin>226</xmin>
      <ymin>47</ymin>
      <xmax>297</xmax>
      <ymax>84</ymax>
    </bndbox>
  </object>
  <object>
    <name>other ship</name>
    <pose>Unspecified</pose>
    <truncated>0</truncated>
    <Difficult>0</Difficult>
    <bndbox>
      <xmin>111</xmin>
      <ymin>46</ymin>
      <xmax>149</xmax>
      <ymax>75</ymax>
    </bndbox>
  </object>
  <object>
    <name>other ship</name>
    <pose>Unspecified</pose>
    <truncated>0</truncated>
    <Difficult>0</Difficult>
    <bndbox>
      <xmin>277</xmin>
      <ymin>269</ymin>
      <xmax>382</xmax>
      <ymax>314</ymax>
    </bndbox>
  </object>
  <object>
    <name>other ship</name>
    <pose>Unspecified</pose>
    <truncated>0</truncated>
    <Difficult>0</Difficult>
    <bndbox>
      <xmin>211</xmin>
      <ymin>241</ymin>
      <xmax>308</xmax>
      <ymax>287</ymax>
    </bndbox>
  </object>
  <object>
    <name>other ship</name>
    <pose>Unspecified</pose>
    <truncated>0</truncated>
    <Difficult>0</Difficult>
    <bndbox>
      <xmin>311</xmin>
      <ymin>183</ymin>
      <xmax>407</xmax>
      <ymax>219</ymax>
    </bndbox>
  </object>
  <object>
    <name>other ship</name>
    <pose>Unspecified</pose>
    <truncated>0</truncated>
    <Difficult>0</Difficult>
    <bndbox>
      <xmin>273</xmin>
      <ymin>160</ymin>
      <xmax>397</xmax>
      <ymax>197</ymax>
    </bndbox>
  </object>
  <object>
    <name>other ship</name>
    <pose>Unspecified</pose>
    <truncated>0</truncated>
    <Difficult>0</Difficult>
    <bndbox>
      <xmin>192</xmin>
      <ymin>138</ymin>
      <xmax>285</xmax>
      <ymax>180</ymax>
    </bndbox>
  </object>
  <object>
    <name>other ship</name>
    <pose>Unspecified</pose>
    <truncated>0</truncated>
    <Difficult>0</Difficult>
    <bndbox>
      <xmin>145</xmin>
      <ymin>118</ymin>
      <xmax>225</xmax>
      <ymax>157</ymax>
    </bndbox>
  </object>
</annotation>