<annotation verified="no">
  <folder>ship</folder>
  <filename>00013</filename>
  <path>00013.jpg</path>
  <source>
    <database>Unknown</database>
  </source>
  <size>
    <width>500</width>
    <height>313</height>
    <depth>3</depth>
  </size>
  <segmented>0</segmented>
  <object>
    <name>sailboat</name>
    <pose>Unspecified</pose>
    <truncated>0</truncated>
    <Difficult>0</Difficult>
    <bndbox>
      <xmin>142</xmin>
      <ymin>12</ymin>
      <xmax>453</xmax>
      <ymax>281</ymax>
    </bndbox>
  </object>
  <object>
    <name>island reef</name>
    <pose>Unspecified</pose>
    <truncated>1</truncated>
    <Difficult>0</Difficult>
    <bndbox>
      <xmin>421</xmin>
      <ymin>208</ymin>
      <xmax>500</xmax>
      <ymax>239</ymax>
    </bndbox>
  </object>
  <object>
    <name>island reef</name>
    <pose>Unspecified</pose>
    <truncated>1</truncated>
    <Difficult>0</Difficult>
    <bndbox>
      <xmin>1</xmin>
      <ymin>214</ymin>
      <xmax>190</xmax>
      <ymax>238</ymax>
    </bndbox>
  </object>
</annotation>