<annotation verified="no">
  <folder>ship</folder>
  <filename>00012</filename>
  <path>00012.jpg</path>
  <source>
    <database>Unknown</database>
  </source>
  <size>
    <width>531</width>
    <height>300</height>
    <depth>3</depth>
  </size>
  <segmented>0</segmented>
  <object>
    <name>bulk carrier</name>
    <pose>Unspecified</pose>
    <truncated>0</truncated>
    <Difficult>0</Difficult>
    <bndbox>
      <xmin>27</xmin>
      <ymin>71</ymin>
      <xmax>431</xmax>
      <ymax>214</ymax>
    </bndbox>
  </object>
  <object>
    <name>island reef</name>
    <pose>Unspecified</pose>
    <truncated>1</truncated>
    <Difficult>0</Difficult>
    <bndbox>
      <xmin>414</xmin>
      <ymin>149</ymin>
      <xmax>531</xmax>
      <ymax>204</ymax>
    </bndbox>
  </object>
  <object>
    <name>island reef</name>
    <pose>Unspecified</pose>
    <truncated>1</truncated>
    <Difficult>0</Difficult>
    <bndbox>
      <xmin>1</xmin>
      <ymin>152</ymin>
      <xmax>31</xmax>
      <ymax>201</ymax>
    </bndbox>
  </object>
</annotation>