<annotation verified="no">
  <folder>ship</folder>
  <filename>00016</filename>
  <path>00016.jpg</path>
  <source>
    <database>Unknown</database>
  </source>
  <size>
    <width>293</width>
    <height>220</height>
    <depth>3</depth>
  </size>
  <segmented>0</segmented>
  <object>
    <name>bulk carrier</name>
    <pose>Unspecified</pose>
    <truncated>0</truncated>
    <Difficult>0</Difficult>
    <bndbox>
      <xmin>31</xmin>
      <ymin>61</ymin>
      <xmax>278</xmax>
      <ymax>159</ymax>
    </bndbox>
  </object>
</annotation>