<annotation verified="no">
  <folder>ship</folder>
  <filename>00011</filename>
  <path>00011.jpg</path>
  <source>
    <database>Unknown</database>
  </source>
  <size>
    <width>395</width>
    <height>299</height>
    <depth>3</depth>
  </size>
  <segmented>0</segmented>
  <object>
    <name>bulk carrier</name>
    <pose>Unspecified</pose>
    <truncated>0</truncated>
    <Difficult>0</Difficult>
    <bndbox>
      <xmin>79</xmin>
      <ymin>137</ymin>
      <xmax>329</xmax>
      <ymax>181</ymax>
    </bndbox>
  </object>
  <object>
    <name>island reef</name>
    <pose>Unspecified</pose>
    <truncated>1</truncated>
    <Difficult>0</Difficult>
    <bndbox>
      <xmin>310</xmin>
      <ymin>142</ymin>
      <xmax>395</xmax>
      <ymax>164</ymax>
    </bndbox>
  </object>
  <object>
    <name>island reef</name>
    <pose>Unspecified</pose>
    <truncated>1</truncated>
    <Difficult>0</Difficult>
    <bndbox>
      <xmin>1</xmin>
      <ymin>136</ymin>
      <xmax>157</xmax>
      <ymax>162</ymax>
    </bndbox>
  </object>
</annotation>