<annotation verified="no">
  <folder>ship</folder>
  <filename>00017</filename>
  <path>00017.jpg</path>
  <source>
    <database>Unknown</database>
  </source>
  <size>
    <width>500</width>
    <height>333</height>
    <depth>3</depth>
  </size>
  <segmented>0</segmented>
  <object>
    <name>sailboat</name>
    <pose>Unspecified</pose>
    <truncated>0</truncated>
    <Difficult>0</Difficult>
    <bndbox>
      <xmin>302</xmin>
      <ymin>200</ymin>
      <xmax>335</xmax>
      <ymax>287</ymax>
    </bndbox>
  </object>
  <object>
    <name>sailboat</name>
    <pose>Unspecified</pose>
    <truncated>0</truncated>
    <Difficult>0</Difficult>
    <bndbox>
      <xmin>350</xmin>
      <ymin>143</ymin>
      <xmax>367</xmax>
      <ymax>186</ymax>
    </bndbox>
  </object>
  <object>
    <name>sailboat</name>
    <pose>Unspecified</pose>
    <truncated>0</truncated>
    <Difficult>0</Difficult>
    <bndbox>
      <xmin>317</xmin>
      <ymin>141</ymin>
      <xmax>337</xmax>
      <ymax>173</ymax>
    </bndbox>
  </object>
  <object>
    <name>sailboat</name>
    <pose>Unspecified</pose>
    <truncated>0</truncated>
    <Difficult>0</Difficult>
    <bndbox>
      <xmin>400</xmin>
      <ymin>139</ymin>
      <xmax>415</xmax>
      <ymax>165</ymax>
    </bndbox>
  </object>
  <object>
    <name>sailboat</name>
    <pose>Unspecified</pose>
    <truncated>0</truncated>
    <Difficult>0</Difficult>
    <bndbox>
      <xmin>445</xmin>
      <ymin>131</ymin>
      <xmax>461</xmax>
      <ymax>162</ymax>
    </bndbox>
  </object>
  <object>
    <name>sailboat</name>
    <pose>Unspecified</pose>
    <truncated>0</truncated>
    <Difficult>0</Difficult>
    <bndbox>
      <xmin>425</xmin>
      <ymin>118</ymin>
      <xmax>435</xmax>
      <ymax>135</ymax>
    </bndbox>
  </object>
  <object>
    <name>sailboat</name>
    <pose>Unspecified</pose>
    <truncated>1</truncated>
    <Difficult>0</Difficult>
    <bndbox>
      <xmin>491</xmin>
      <ymin>133</ymin>
      <xmax>500</xmax>
      <ymax>155</ymax>
    </bndbox>
  </object>
  <object>
    <name>island reef</name>
    <pose>Unspecified</pose>
    <truncated>1</truncated>
    <Difficult>0</Difficult>
    <bndbox>
      <xmin>1</xmin>
      <ymin>111</ymin>
      <xmax>323</xmax>
      <ymax>151</ymax>
    </bndbox>
  </object>
</annotation>