<annotation verified="no">
  <folder>ship</folder>
  <filename>00024</filename>
  <path>00024.jpg</path>
  <source>
    <database>Unknown</database>
  </source>
  <size>
    <width>500</width>
    <height>357</height>
    <depth>3</depth>
  </size>
  <segmented>0</segmented>
  <object>
    <name>bulk carrier</name>
    <pose>Unspecified</pose>
    <truncated>1</truncated>
    <Difficult>0</Difficult>
    <bndbox>
      <xmin>7</xmin>
      <ymin>24</ymin>
      <xmax>500</xmax>
      <ymax>274</ymax>
    </bndbox>
  </object>
</annotation>