<annotation verified="no">
  <folder>ship</folder>
  <filename>00029</filename>
  <path>00029.jpg</path>
  <source>
    <database>Unknown</database>
  </source>
  <size>
    <width>220</width>
    <height>220</height>
    <depth>3</depth>
  </size>
  <segmented>0</segmented>
  <object>
    <name>bulk carrier</name>
    <pose>Unspecified</pose>
    <truncated>1</truncated>
    <Difficult>0</Difficult>
    <bndbox>
      <xmin>83</xmin>
      <ymin>1</ymin>
      <xmax>220</xmax>
      <ymax>122</ymax>
    </bndbox>
  </object>
</annotation>