<annotation verified="no">
  <folder>ship</folder>
  <filename>00028</filename>
  <path>00028.jpg</path>
  <source>
    <database>Unknown</database>
  </source>
  <size>
    <width>400</width>
    <height>280</height>
    <depth>3</depth>
  </size>
  <segmented>0</segmented>
  <object>
    <name>bulk carrier</name>
    <pose>Unspecified</pose>
    <truncated>0</truncated>
    <Difficult>0</Difficult>
    <bndbox>
      <xmin>17</xmin>
      <ymin>61</ymin>
      <xmax>374</xmax>
      <ymax>189</ymax>
    </bndbox>
  </object>
  <object>
    <name>island reef</name>
    <pose>Unspecified</pose>
    <truncated>1</truncated>
    <Difficult>0</Difficult>
    <bndbox>
      <xmin>1</xmin>
      <ymin>62</ymin>
      <xmax>279</xmax>
      <ymax>132</ymax>
    </bndbox>
  </object>
  <object>
    <name>island reef</name>
    <pose>Unspecified</pose>
    <truncated>1</truncated>
    <Difficult>0</Difficult>
    <bndbox>
      <xmin>306</xmin>
      <ymin>48</ymin>
      <xmax>400</xmax>
      <ymax>120</ymax>
    </bndbox>
  </object>
</annotation>