<annotation verified="no">
  <folder>ship</folder>
  <filename>00026</filename>
  <path>00026.jpg</path>
  <source>
    <database>Unknown</database>
  </source>
  <size>
    <width>600</width>
    <height>420</height>
    <depth>3</depth>
  </size>
  <segmented>0</segmented>
  <object>
    <name>other ship</name>
    <pose>Unspecified</pose>
    <truncated>0</truncated>
    <Difficult>0</Difficult>
    <bndbox>
      <xmin>240</xmin>
      <ymin>171</ymin>
      <xmax>348</xmax>
      <ymax>275</ymax>
    </bndbox>
  </object>
  <object>
    <name>island reef</name>
    <pose>Unspecified</pose>
    <truncated>1</truncated>
    <Difficult>0</Difficult>
    <bndbox>
      <xmin>1</xmin>
      <ymin>173</ymin>
      <xmax>247</xmax>
      <ymax>264</ymax>
    </bndbox>
  </object>
  <object>
    <name>island reef</name>
    <pose>Unspecified</pose>
    <truncated>1</truncated>
    <Difficult>0</Difficult>
    <bndbox>
      <xmin>335</xmin>
      <ymin>173</ymin>
      <xmax>600</xmax>
      <ymax>263</ymax>
    </bndbox>
  </object>
</annotation>