<annotation verified="no">
  <folder>ship</folder>
  <filename>00021</filename>
  <path>00021.jpg</path>
  <source>
    <database>Unknown</database>
  </source>
  <size>
    <width>533</width>
    <height>300</height>
    <depth>3</depth>
  </size>
  <segmented>0</segmented>
  <object>
    <name>container ship</name>
    <pose>Unspecified</pose>
    <truncated>0</truncated>
    <Difficult>0</Difficult>
    <bndbox>
      <xmin>9</xmin>
      <ymin>36</ymin>
      <xmax>234</xmax>
      <ymax>182</ymax>
    </bndbox>
  </object>
</annotation>