<annotation verified="no">
  <folder>ship</folder>
  <filename>00020</filename>
  <path>00020.jpg</path>
  <source>
    <database>Unknown</database>
  </source>
  <size>
    <width>500</width>
    <height>500</height>
    <depth>3</depth>
  </size>
  <segmented>0</segmented>
  <object>
    <name>container ship</name>
    <pose>Unspecified</pose>
    <truncated>0</truncated>
    <Difficult>0</Difficult>
    <bndbox>
      <xmin>35</xmin>
      <ymin>143</ymin>
      <xmax>441</xmax>
      <ymax>385</ymax>
    </bndbox>
  </object>
  <object>
    <name>island reef</name>
    <pose>Unspecified</pose>
    <truncated>0</truncated>
    <Difficult>0</Difficult>
    <bndbox>
      <xmin>13</xmin>
      <ymin>170</ymin>
      <xmax>355</xmax>
      <ymax>203</ymax>
    </bndbox>
  </object>
</annotation>