<annotation verified="no">
  <folder>ship</folder>
  <filename>00025</filename>
  <path>00025.jpg</path>
  <source>
    <database>Unknown</database>
  </source>
  <size>
    <width>500</width>
    <height>333</height>
    <depth>3</depth>
  </size>
  <segmented>0</segmented>
  <object>
    <name>bulk carrier</name>
    <pose>Unspecified</pose>
    <truncated>0</truncated>
    <Difficult>0</Difficult>
    <bndbox>
      <xmin>177</xmin>
      <ymin>34</ymin>
      <xmax>368</xmax>
      <ymax>321</ymax>
    </bndbox>
  </object>
  <object>
    <name>bulk carrier</name>
    <pose>Unspecified</pose>
    <truncated>0</truncated>
    <Difficult>0</Difficult>
    <bndbox>
      <xmin>308</xmin>
      <ymin>132</ymin>
      <xmax>371</xmax>
      <ymax>240</ymax>
    </bndbox>
  </object>
</annotation>