<annotation verified="no">
  <folder>ship</folder>
  <filename>00027</filename>
  <path>00027.jpg</path>
  <source>
    <database>Unknown</database>
  </source>
  <size>
    <width>220</width>
    <height>220</height>
    <depth>3</depth>
  </size>
  <segmented>0</segmented>
  <object>
    <name>container ship</name>
    <pose>Unspecified</pose>
    <truncated>1</truncated>
    <Difficult>0</Difficult>
    <bndbox>
      <xmin>1</xmin>
      <ymin>38</ymin>
      <xmax>220</xmax>
      <ymax>169</ymax>
    </bndbox>
  </object>
</annotation>