<annotation verified="no">
  <folder>ship</folder>
  <filename>00036</filename>
  <path>00036.jpg</path>
  <source>
    <database>Unknown</database>
  </source>
  <size>
    <width>500</width>
    <height>375</height>
    <depth>3</depth>
  </size>
  <segmented>0</segmented>
  <object>
    <name>bulk carrier</name>
    <pose>Unspecified</pose>
    <truncated>0</truncated>
    <Difficult>0</Difficult>
    <bndbox>
      <xmin>41</xmin>
      <ymin>154</ymin>
      <xmax>499</xmax>
      <ymax>275</ymax>
    </bndbox>
  </object>
</annotation>