<annotation verified="no">
  <folder>ship</folder>
  <filename>00038</filename>
  <path>00038.jpg</path>
  <source>
    <database>Unknown</database>
  </source>
  <size>
    <width>500</width>
    <height>333</height>
    <depth>3</depth>
  </size>
  <segmented>0</segmented>
  <object>
    <name>bulk carrier</name>
    <pose>Unspecified</pose>
    <truncated>0</truncated>
    <Difficult>0</Difficult>
    <bndbox>
      <xmin>189</xmin>
      <ymin>155</ymin>
      <xmax>331</xmax>
      <ymax>215</ymax>
    </bndbox>
  </object>
  <object>
    <name>bulk carrier</name>
    <pose>Unspecified</pose>
    <truncated>0</truncated>
    <Difficult>0</Difficult>
    <bndbox>
      <xmin>85</xmin>
      <ymin>144</ymin>
      <xmax>178</xmax>
      <ymax>193</ymax>
    </bndbox>
  </object>
</annotation>