<annotation verified="no">
  <folder>ship</folder>
  <filename>00031</filename>
  <path>00031.jpg</path>
  <source>
    <database>Unknown</database>
  </source>
  <size>
    <width>533</width>
    <height>300</height>
    <depth>3</depth>
  </size>
  <segmented>0</segmented>
  <object>
    <name>island reef</name>
    <pose>Unspecified</pose>
    <truncated>1</truncated>
    <Difficult>0</Difficult>
    <bndbox>
      <xmin>318</xmin>
      <ymin>126</ymin>
      <xmax>533</xmax>
      <ymax>195</ymax>
    </bndbox>
  </object>
  <object>
    <name>other ship</name>
    <pose>Unspecified</pose>
    <truncated>1</truncated>
    <Difficult>0</Difficult>
    <bndbox>
      <xmin>1</xmin>
      <ymin>1</ymin>
      <xmax>376</xmax>
      <ymax>272</ymax>
    </bndbox>
  </object>
</annotation>