<annotation verified="no">
  <folder>ship</folder>
  <filename>00037</filename>
  <path>00037.jpg</path>
  <source>
    <database>Unknown</database>
  </source>
  <size>
    <width>500</width>
    <height>343</height>
    <depth>3</depth>
  </size>
  <segmented>0</segmented>
  <object>
    <name>other ship</name>
    <pose>Unspecified</pose>
    <truncated>0</truncated>
    <Difficult>0</Difficult>
    <bndbox>
      <xmin>250</xmin>
      <ymin>148</ymin>
      <xmax>364</xmax>
      <ymax>266</ymax>
    </bndbox>
  </object>
  <object>
    <name>other ship</name>
    <pose>Unspecified</pose>
    <truncated>1</truncated>
    <Difficult>0</Difficult>
    <bndbox>
      <xmin>1</xmin>
      <ymin>158</ymin>
      <xmax>214</xmax>
      <ymax>260</ymax>
    </bndbox>
  </object>
  <object>
    <name>other ship</name>
    <pose>Unspecified</pose>
    <truncated>1</truncated>
    <Difficult>0</Difficult>
    <bndbox>
      <xmin>150</xmin>
      <ymin>46</ymin>
      <xmax>500</xmax>
      <ymax>258</ymax>
    </bndbox>
  </object>
</annotation>