<annotation verified="no">
  <folder>ship</folder>
  <filename>00034</filename>
  <path>00034.jpg</path>
  <source>
    <database>Unknown</database>
  </source>
  <size>
    <width>500</width>
    <height>331</height>
    <depth>3</depth>
  </size>
  <segmented>0</segmented>
  <object>
    <name>sailboat</name>
    <pose>Unspecified</pose>
    <truncated>0</truncated>
    <Difficult>0</Difficult>
    <bndbox>
      <xmin>93</xmin>
      <ymin>51</ymin>
      <xmax>370</xmax>
      <ymax>254</ymax>
    </bndbox>
  </object>
  <object>
    <name>other ship</name>
    <pose>Unspecified</pose>
    <truncated>0</truncated>
    <Difficult>0</Difficult>
    <bndbox>
      <xmin>234</xmin>
      <ymin>213</ymin>
      <xmax>283</xmax>
      <ymax>250</ymax>
    </bndbox>
  </object>
  <object>
    <name>other ship</name>
    <pose>Unspecified</pose>
    <truncated>0</truncated>
    <Difficult>0</Difficult>
    <bndbox>
      <xmin>284</xmin>
      <ymin>227</ymin>
      <xmax>324</xmax>
      <ymax>252</ymax>
    </bndbox>
  </object>
  <object>
    <name>island reef</name>
    <pose>Unspecified</pose>
    <truncated>1</truncated>
    <Difficult>0</Difficult>
    <bndbox>
      <xmin>359</xmin>
      <ymin>173</ymin>
      <xmax>500</xmax>
      <ymax>229</ymax>
    </bndbox>
  </object>
</annotation>