<annotation verified="no">
  <folder>ship</folder>
  <filename>00035</filename>
  <path>00035.jpg</path>
  <source>
    <database>Unknown</database>
  </source>
  <size>
    <width>500</width>
    <height>755</height>
    <depth>3</depth>
  </size>
  <segmented>0</segmented>
  <object>
    <name>sailboat</name>
    <pose>Unspecified</pose>
    <truncated>0</truncated>
    <Difficult>0</Difficult>
    <bndbox>
      <xmin>10</xmin>
      <ymin>87</ymin>
      <xmax>426</xmax>
      <ymax>672</ymax>
    </bndbox>
  </object>
  <object>
    <name>island reef</name>
    <pose>Unspecified</pose>
    <truncated>1</truncated>
    <Difficult>0</Difficult>
    <bndbox>
      <xmin>1</xmin>
      <ymin>429</ymin>
      <xmax>500</xmax>
      <ymax>521</ymax>
    </bndbox>
  </object>
</annotation>