<annotation verified="no">
  <folder>ship</folder>
  <filename>00032</filename>
  <path>00032.jpg</path>
  <source>
    <database>Unknown</database>
  </source>
  <size>
    <width>700</width>
    <height>425</height>
    <depth>3</depth>
  </size>
  <segmented>0</segmented>
  <object>
    <name>sailboat</name>
    <pose>Unspecified</pose>
    <truncated>0</truncated>
    <Difficult>0</Difficult>
    <bndbox>
      <xmin>141</xmin>
      <ymin>171</ymin>
      <xmax>193</xmax>
      <ymax>243</ymax>
    </bndbox>
  </object>
  <object>
    <name>sailboat</name>
    <pose>Unspecified</pose>
    <truncated>0</truncated>
    <Difficult>0</Difficult>
    <bndbox>
      <xmin>220</xmin>
      <ymin>204</ymin>
      <xmax>260</xmax>
      <ymax>247</ymax>
    </bndbox>
  </object>
  <object>
    <name>sailboat</name>
    <pose>Unspecified</pose>
    <truncated>0</truncated>
    <Difficult>0</Difficult>
    <bndbox>
      <xmin>319</xmin>
      <ymin>113</ymin>
      <xmax>424</xmax>
      <ymax>255</ymax>
    </bndbox>
  </object>
  <object>
    <name>sailboat</name>
    <pose>Unspecified</pose>
    <truncated>0</truncated>
    <Difficult>0</Difficult>
    <bndbox>
      <xmin>459</xmin>
      <ymin>206</ymin>
      <xmax>487</xmax>
      <ymax>249</ymax>
    </bndbox>
  </object>
  <object>
    <name>sailboat</name>
    <pose>Unspecified</pose>
    <truncated>0</truncated>
    <Difficult>0</Difficult>
    <bndbox>
      <xmin>524</xmin>
      <ymin>196</ymin>
      <xmax>564</xmax>
      <ymax>248</ymax>
    </bndbox>
  </object>
  <object>
    <name>sailboat</name>
    <pose>Unspecified</pose>
    <truncated>0</truncated>
    <Difficult>0</Difficult>
    <bndbox>
      <xmin>567</xmin>
      <ymin>175</ymin>
      <xmax>601</xmax>
      <ymax>249</ymax>
    </bndbox>
  </object>
  <object>
    <name>sailboat</name>
    <pose>Unspecified</pose>
    <truncated>0</truncated>
    <Difficult>0</Difficult>
    <bndbox>
      <xmin>592</xmin>
      <ymin>220</ymin>
      <xmax>614</xmax>
      <ymax>248</ymax>
    </bndbox>
  </object>
  <object>
    <name>island reef</name>
    <pose>Unspecified</pose>
    <truncated>0</truncated>
    <Difficult>0</Difficult>
    <bndbox>
      <xmin>412</xmin>
      <ymin>223</ymin>
      <xmax>461</xmax>
      <ymax>243</ymax>
    </bndbox>
  </object>
  <object>
    <name>island reef</name>
    <pose>Unspecified</pose>
    <truncated>0</truncated>
    <Difficult>0</Difficult>
    <bndbox>
      <xmin>481</xmin>
      <ymin>226</ymin>
      <xmax>535</xmax>
      <ymax>240</ymax>
    </bndbox>
  </object>
  <object>
    <name>island reef</name>
    <pose>Unspecified</pose>
    <truncated>1</truncated>
    <Difficult>0</Difficult>
    <bndbox>
      <xmin>625</xmin>
      <ymin>225</ymin>
      <xmax>700</xmax>
      <ymax>246</ymax>
    </bndbox>
  </object>
</annotation>