<annotation verified="no">
  <folder>ship</folder>
  <filename>00033</filename>
  <path>00033.jpg</path>
  <source>
    <database>Unknown</database>
  </source>
  <size>
    <width>500</width>
    <height>333</height>
    <depth>3</depth>
  </size>
  <segmented>0</segmented>
  <object>
    <name>bulk carrier</name>
    <pose>Unspecified</pose>
    <truncated>0</truncated>
    <Difficult>0</Difficult>
    <bndbox>
      <xmin>42</xmin>
      <ymin>10</ymin>
      <xmax>437</xmax>
      <ymax>306</ymax>
    </bndbox>
  </object>
</annotation>