<annotation verified="no">
  <folder>ship</folder>
  <filename>00043</filename>
  <path>00043.jpg</path>
  <source>
    <database>Unknown</database>
  </source>
  <size>
    <width>500</width>
    <height>333</height>
    <depth>3</depth>
  </size>
  <segmented>0</segmented>
  <object>
    <name>sailboat</name>
    <pose>Unspecified</pose>
    <truncated>0</truncated>
    <Difficult>0</Difficult>
    <bndbox>
      <xmin>310</xmin>
      <ymin>128</ymin>
      <xmax>435</xmax>
      <ymax>290</ymax>
    </bndbox>
  </object>
  <object>
    <name>island reef</name>
    <pose>Unspecified</pose>
    <truncated>1</truncated>
    <Difficult>0</Difficult>
    <bndbox>
      <xmin>1</xmin>
      <ymin>68</ymin>
      <xmax>331</xmax>
      <ymax>264</ymax>
    </bndbox>
  </object>
  <object>
    <name>island reef</name>
    <pose>Unspecified</pose>
    <truncated>0</truncated>
    <Difficult>0</Difficult>
    <bndbox>
      <xmin>381</xmin>
      <ymin>27</ymin>
      <xmax>499</xmax>
      <ymax>224</ymax>
    </bndbox>
  </object>
</annotation>