<annotation verified="no">
  <folder>ship</folder>
  <filename>00046</filename>
  <path>00046.jpg</path>
  <source>
    <database>Unknown</database>
  </source>
  <size>
    <width>500</width>
    <height>333</height>
    <depth>3</depth>
  </size>
  <segmented>0</segmented>
  <object>
    <name>other ship</name>
    <pose>Unspecified</pose>
    <truncated>0</truncated>
    <Difficult>0</Difficult>
    <bndbox>
      <xmin>98</xmin>
      <ymin>65</ymin>
      <xmax>386</xmax>
      <ymax>187</ymax>
    </bndbox>
  </object>
</annotation>