<annotation verified="no">
  <folder>ship</folder>
  <filename>00044</filename>
  <path>00044.jpg</path>
  <source>
    <database>Unknown</database>
  </source>
  <size>
    <width>500</width>
    <height>334</height>
    <depth>3</depth>
  </size>
  <segmented>0</segmented>
  <object>
    <name>other ship</name>
    <pose>Unspecified</pose>
    <truncated>0</truncated>
    <Difficult>0</Difficult>
    <bndbox>
      <xmin>8</xmin>
      <ymin>4</ymin>
      <xmax>485</xmax>
      <ymax>311</ymax>
    </bndbox>
  </object>
</annotation>