<annotation verified="no">
  <folder>ship</folder>
  <filename>00045</filename>
  <path>00045.jpg</path>
  <source>
    <database>Unknown</database>
  </source>
  <size>
    <width>900</width>
    <height>600</height>
    <depth>3</depth>
  </size>
  <segmented>0</segmented>
  <object>
    <name>other ship</name>
    <pose>Unspecified</pose>
    <truncated>0</truncated>
    <Difficult>0</Difficult>
    <bndbox>
      <xmin>207</xmin>
      <ymin>310</ymin>
      <xmax>890</xmax>
      <ymax>542</ymax>
    </bndbox>
  </object>
</annotation>