<annotation verified="no">
  <folder>ship</folder>
  <filename>00049</filename>
  <path>00049.jpg</path>
  <source>
    <database>Unknown</database>
  </source>
  <size>
    <width>500</width>
    <height>334</height>
    <depth>3</depth>
  </size>
  <segmented>0</segmented>
  <object>
    <name>bulk carrier</name>
    <pose>Unspecified</pose>
    <truncated>0</truncated>
    <Difficult>0</Difficult>
    <bndbox>
      <xmin>59</xmin>
      <ymin>156</ymin>
      <xmax>486</xmax>
      <ymax>287</ymax>
    </bndbox>
  </object>
</annotation>