<annotation verified="no">
  <folder>ship</folder>
  <filename>00048</filename>
  <path>00048.jpg</path>
  <source>
    <database>Unknown</database>
  </source>
  <size>
    <width>450</width>
    <height>315</height>
    <depth>3</depth>
  </size>
  <segmented>0</segmented>
  <object>
    <name>bulk carrier</name>
    <pose>Unspecified</pose>
    <truncated>0</truncated>
    <Difficult>0</Difficult>
    <bndbox>
      <xmin>20</xmin>
      <ymin>30</ymin>
      <xmax>426</xmax>
      <ymax>234</ymax>
    </bndbox>
  </object>
</annotation>