<annotation verified="no">
  <folder>ship</folder>
  <filename>00047</filename>
  <path>00047.jpg</path>
  <source>
    <database>Unknown</database>
  </source>
  <size>
    <width>378</width>
    <height>220</height>
    <depth>3</depth>
  </size>
  <segmented>0</segmented>
  <object>
    <name>bulk carrier</name>
    <pose>Unspecified</pose>
    <truncated>0</truncated>
    <Difficult>0</Difficult>
    <bndbox>
      <xmin>27</xmin>
      <ymin>30</ymin>
      <xmax>338</xmax>
      <ymax>190</ymax>
    </bndbox>
  </object>
</annotation>