<annotation verified="no">
  <folder>ship</folder>
  <filename>00041</filename>
  <path>00041.jpg</path>
  <source>
    <database>Unknown</database>
  </source>
  <size>
    <width>600</width>
    <height>420</height>
    <depth>3</depth>
  </size>
  <segmented>0</segmented>
  <object>
    <name>other ship</name>
    <pose>Unspecified</pose>
    <truncated>0</truncated>
    <Difficult>0</Difficult>
    <bndbox>
      <xmin>179</xmin>
      <ymin>220</ymin>
      <xmax>268</xmax>
      <ymax>276</ymax>
    </bndbox>
  </object>
  <object>
    <name>other ship</name>
    <pose>Unspecified</pose>
    <truncated>0</truncated>
    <Difficult>0</Difficult>
    <bndbox>
      <xmin>231</xmin>
      <ymin>228</ymin>
      <xmax>317</xmax>
      <ymax>326</ymax>
    </bndbox>
  </object>
  <object>
    <name>other ship</name>
    <pose>Unspecified</pose>
    <truncated>0</truncated>
    <Difficult>0</Difficult>
    <bndbox>
      <xmin>290</xmin>
      <ymin>275</ymin>
      <xmax>572</xmax>
      <ymax>400</ymax>
    </bndbox>
  </object>
</annotation>