<annotation verified="no">
  <folder>ship</folder>
  <filename>00042</filename>
  <path>00042.jpg</path>
  <source>
    <database>Unknown</database>
  </source>
  <size>
    <width>292</width>
    <height>220</height>
    <depth>3</depth>
  </size>
  <segmented>0</segmented>
  <object>
    <name>other ship</name>
    <pose>Unspecified</pose>
    <truncated>0</truncated>
    <Difficult>0</Difficult>
    <bndbox>
      <xmin>33</xmin>
      <ymin>19</ymin>
      <xmax>103</xmax>
      <ymax>137</ymax>
    </bndbox>
  </object>
  <object>
    <name>other ship</name>
    <pose>Unspecified</pose>
    <truncated>0</truncated>
    <Difficult>0</Difficult>
    <bndbox>
      <xmin>99</xmin>
      <ymin>10</ymin>
      <xmax>285</xmax>
      <ymax>135</ymax>
    </bndbox>
  </object>
</annotation>