<annotation verified="no">
  <folder>ship</folder>
  <filename>00040</filename>
  <path>00040.jpg</path>
  <source>
    <database>Unknown</database>
  </source>
  <size>
    <width>500</width>
    <height>333</height>
    <depth>3</depth>
  </size>
  <segmented>0</segmented>
  <object>
    <name>other ship</name>
    <pose>Unspecified</pose>
    <truncated>0</truncated>
    <Difficult>0</Difficult>
    <bndbox>
      <xmin>15</xmin>
      <ymin>113</ymin>
      <xmax>368</xmax>
      <ymax>236</ymax>
    </bndbox>
  </object>
  <object>
    <name>island reef</name>
    <pose>Unspecified</pose>
    <truncated>1</truncated>
    <Difficult>0</Difficult>
    <bndbox>
      <xmin>357</xmin>
      <ymin>186</ymin>
      <xmax>500</xmax>
      <ymax>195</ymax>
    </bndbox>
  </object>
</annotation>