<annotation verified="no">
  <folder>ship</folder>
  <filename>00050</filename>
  <path>00050.jpg</path>
  <source>
    <database>Unknown</database>
  </source>
  <size>
    <width>330</width>
    <height>220</height>
    <depth>3</depth>
  </size>
  <segmented>0</segmented>
  <object>
    <name>liner</name>
    <pose>Unspecified</pose>
    <truncated>0</truncated>
    <Difficult>0</Difficult>
    <bndbox>
      <xmin>14</xmin>
      <ymin>86</ymin>
      <xmax>261</xmax>
      <ymax>172</ymax>
    </bndbox>
  </object>
  <object>
    <name>liner</name>
    <pose>Unspecified</pose>
    <truncated>0</truncated>
    <Difficult>0</Difficult>
    <bndbox>
      <xmin>278</xmin>
      <ymin>126</ymin>
      <xmax>324</xmax>
      <ymax>152</ymax>
    </bndbox>
  </object>
</annotation>