<annotation verified="no">
  <folder>ship</folder>
  <filename>00059</filename>
  <path>00059.jpg</path>
  <source>
    <database>Unknown</database>
  </source>
  <size>
    <width>293</width>
    <height>220</height>
    <depth>3</depth>
  </size>
  <segmented>0</segmented>
  <object>
    <name>other ship</name>
    <pose>Unspecified</pose>
    <truncated>0</truncated>
    <Difficult>0</Difficult>
    <bndbox>
      <xmin>160</xmin>
      <ymin>165</ymin>
      <xmax>195</xmax>
      <ymax>196</ymax>
    </bndbox>
  </object>
  <object>
    <name>bulk carrier</name>
    <pose>Unspecified</pose>
    <truncated>0</truncated>
    <Difficult>0</Difficult>
    <bndbox>
      <xmin>109</xmin>
      <ymin>61</ymin>
      <xmax>179</xmax>
      <ymax>137</ymax>
    </bndbox>
  </object>
</annotation>