<annotation verified="no">
  <folder>ship</folder>
  <filename>00055</filename>
  <path>00055.jpg</path>
  <source>
    <database>Unknown</database>
  </source>
  <size>
    <width>500</width>
    <height>375</height>
    <depth>3</depth>
  </size>
  <segmented>0</segmented>
  <object>
    <name>container ship</name>
    <pose>Unspecified</pose>
    <truncated>0</truncated>
    <Difficult>0</Difficult>
    <bndbox>
      <xmin>4</xmin>
      <ymin>55</ymin>
      <xmax>496</xmax>
      <ymax>266</ymax>
    </bndbox>
  </object>
</annotation>