<annotation verified="no">
  <folder>ship</folder>
  <filename>00058</filename>
  <path>00058.jpg</path>
  <source>
    <database>Unknown</database>
  </source>
  <size>
    <width>500</width>
    <height>333</height>
    <depth>3</depth>
  </size>
  <segmented>0</segmented>
  <object>
    <name>other ship</name>
    <pose>Unspecified</pose>
    <truncated>0</truncated>
    <Difficult>0</Difficult>
    <bndbox>
      <xmin>134</xmin>
      <ymin>9</ymin>
      <xmax>372</xmax>
      <ymax>228</ymax>
    </bndbox>
  </object>
</annotation>