<annotation verified="no">
  <folder>ship</folder>
  <filename>00056</filename>
  <path>00056.jpg</path>
  <source>
    <database>Unknown</database>
  </source>
  <size>
    <width>802</width>
    <height>529</height>
    <depth>3</depth>
  </size>
  <segmented>0</segmented>
  <object>
    <name>other ship</name>
    <pose>Unspecified</pose>
    <truncated>0</truncated>
    <Difficult>0</Difficult>
    <bndbox>
      <xmin>399</xmin>
      <ymin>374</ymin>
      <xmax>655</xmax>
      <ymax>486</ymax>
    </bndbox>
  </object>
  <object>
    <name>other ship</name>
    <pose>Unspecified</pose>
    <truncated>0</truncated>
    <Difficult>0</Difficult>
    <bndbox>
      <xmin>18</xmin>
      <ymin>130</ymin>
      <xmax>325</xmax>
      <ymax>227</ymax>
    </bndbox>
  </object>
  <object>
    <name>other ship</name>
    <pose>Unspecified</pose>
    <truncated>0</truncated>
    <Difficult>0</Difficult>
    <bndbox>
      <xmin>694</xmin>
      <ymin>141</ymin>
      <xmax>735</xmax>
      <ymax>182</ymax>
    </bndbox>
  </object>
  <object>
    <name>other ship</name>
    <pose>Unspecified</pose>
    <truncated>0</truncated>
    <Difficult>0</Difficult>
    <bndbox>
      <xmin>678</xmin>
      <ymin>155</ymin>
      <xmax>696</xmax>
      <ymax>180</ymax>
    </bndbox>
  </object>
</annotation>