<annotation verified="no">
  <folder>ship</folder>
  <filename>00052</filename>
  <path>00052.jpg</path>
  <source>
    <database>Unknown</database>
  </source>
  <size>
    <width>500</width>
    <height>351</height>
    <depth>3</depth>
  </size>
  <segmented>0</segmented>
  <object>
    <name>sailboat</name>
    <pose>Unspecified</pose>
    <truncated>0</truncated>
    <Difficult>0</Difficult>
    <bndbox>
      <xmin>252</xmin>
      <ymin>122</ymin>
      <xmax>356</xmax>
      <ymax>213</ymax>
    </bndbox>
  </object>
  <object>
    <name>island reef</name>
    <pose>Unspecified</pose>
    <truncated>1</truncated>
    <Difficult>0</Difficult>
    <bndbox>
      <xmin>1</xmin>
      <ymin>1</ymin>
      <xmax>169</xmax>
      <ymax>245</ymax>
    </bndbox>
  </object>
</annotation>