<annotation verified="no">
  <folder>ship</folder>
  <filename>00054</filename>
  <path>00054.jpg</path>
  <source>
    <database>Unknown</database>
  </source>
  <size>
    <width>500</width>
    <height>333</height>
    <depth>3</depth>
  </size>
  <segmented>0</segmented>
  <object>
    <name>bulk carrier</name>
    <pose>Unspecified</pose>
    <truncated>0</truncated>
    <Difficult>0</Difficult>
    <bndbox>
      <xmin>25</xmin>
      <ymin>214</ymin>
      <xmax>127</xmax>
      <ymax>269</ymax>
    </bndbox>
  </object>
  <object>
    <name>bulk carrier</name>
    <pose>Unspecified</pose>
    <truncated>0</truncated>
    <Difficult>0</Difficult>
    <bndbox>
      <xmin>123</xmin>
      <ymin>230</ymin>
      <xmax>166</xmax>
      <ymax>260</ymax>
    </bndbox>
  </object>
  <object>
    <name>island reef</name>
    <pose>Unspecified</pose>
    <truncated>1</truncated>
    <Difficult>0</Difficult>
    <bndbox>
      <xmin>1</xmin>
      <ymin>239</ymin>
      <xmax>53</xmax>
      <ymax>251</ymax>
    </bndbox>
  </object>
  <object>
    <name>island reef</name>
    <pose>Unspecified</pose>
    <truncated>0</truncated>
    <Difficult>0</Difficult>
    <bndbox>
      <xmin>83</xmin>
      <ymin>242</ymin>
      <xmax>120</xmax>
      <ymax>251</ymax>
    </bndbox>
  </object>
</annotation>