<annotation verified="no">
  <folder>ship</folder>
  <filename>00057</filename>
  <path>00057.jpg</path>
  <source>
    <database>Unknown</database>
  </source>
  <size>
    <width>900</width>
    <height>674</height>
    <depth>3</depth>
  </size>
  <segmented>0</segmented>
  <object>
    <name>other ship</name>
    <pose>Unspecified</pose>
    <truncated>0</truncated>
    <Difficult>0</Difficult>
    <bndbox>
      <xmin>384</xmin>
      <ymin>252</ymin>
      <xmax>852</xmax>
      <ymax>430</ymax>
    </bndbox>
  </object>
  <object>
    <name>island reef</name>
    <pose>Unspecified</pose>
    <truncated>1</truncated>
    <Difficult>0</Difficult>
    <bndbox>
      <xmin>1</xmin>
      <ymin>1</ymin>
      <xmax>900</xmax>
      <ymax>261</ymax>
    </bndbox>
  </object>
</annotation>