<annotation verified="no">
  <folder>ship</folder>
  <filename>00051</filename>
  <path>00051.jpg</path>
  <source>
    <database>Unknown</database>
  </source>
  <size>
    <width>500</width>
    <height>332</height>
    <depth>3</depth>
  </size>
  <segmented>0</segmented>
  <object>
    <name>other ship</name>
    <pose>Unspecified</pose>
    <truncated>0</truncated>
    <Difficult>0</Difficult>
    <bndbox>
      <xmin>206</xmin>
      <ymin>227</ymin>
      <xmax>387</xmax>
      <ymax>330</ymax>
    </bndbox>
  </object>
  <object>
    <name>other ship</name>
    <pose>Unspecified</pose>
    <truncated>0</truncated>
    <Difficult>0</Difficult>
    <bndbox>
      <xmin>201</xmin>
      <ymin>175</ymin>
      <xmax>295</xmax>
      <ymax>260</ymax>
    </bndbox>
  </object>
  <object>
    <name>other ship</name>
    <pose>Unspecified</pose>
    <truncated>0</truncated>
    <Difficult>0</Difficult>
    <bndbox>
      <xmin>186</xmin>
      <ymin>154</ymin>
      <xmax>275</xmax>
      <ymax>225</ymax>
    </bndbox>
  </object>
  <object>
    <name>other ship</name>
    <pose>Unspecified</pose>
    <truncated>0</truncated>
    <Difficult>0</Difficult>
    <bndbox>
      <xmin>176</xmin>
      <ymin>138</ymin>
      <xmax>230</xmax>
      <ymax>195</ymax>
    </bndbox>
  </object>
  <object>
    <name>other ship</name>
    <pose>Unspecified</pose>
    <truncated>0</truncated>
    <Difficult>0</Difficult>
    <bndbox>
      <xmin>155</xmin>
      <ymin>130</ymin>
      <xmax>203</xmax>
      <ymax>177</ymax>
    </bndbox>
  </object>
  <object>
    <name>other ship</name>
    <pose>Unspecified</pose>
    <truncated>0</truncated>
    <Difficult>0</Difficult>
    <bndbox>
      <xmin>133</xmin>
      <ymin>119</ymin>
      <xmax>180</xmax>
      <ymax>165</ymax>
    </bndbox>
  </object>
  <object>
    <name>other ship</name>
    <pose>Unspecified</pose>
    <truncated>1</truncated>
    <Difficult>0</Difficult>
    <bndbox>
      <xmin>1</xmin>
      <ymin>86</ymin>
      <xmax>50</xmax>
      <ymax>112</ymax>
    </bndbox>
  </object>
</annotation>