<annotation verified="no">
  <folder>ship</folder>
  <filename>00062</filename>
  <path>00062.jpg</path>
  <source>
    <database>Unknown</database>
  </source>
  <size>
    <width>533</width>
    <height>300</height>
    <depth>3</depth>
  </size>
  <segmented>0</segmented>
  <object>
    <name>other ship</name>
    <pose>Unspecified</pose>
    <truncated>1</truncated>
    <Difficult>0</Difficult>
    <bndbox>
      <xmin>5</xmin>
      <ymin>1</ymin>
      <xmax>286</xmax>
      <ymax>287</ymax>
    </bndbox>
  </object>
</annotation>