<annotation verified="no">
  <folder>ship</folder>
  <filename>00069</filename>
  <path>00069.jpg</path>
  <source>
    <database>Unknown</database>
  </source>
  <size>
    <width>600</width>
    <height>390</height>
    <depth>3</depth>
  </size>
  <segmented>0</segmented>
  <object>
    <name>liner</name>
    <pose>Unspecified</pose>
    <truncated>0</truncated>
    <Difficult>0</Difficult>
    <bndbox>
      <xmin>76</xmin>
      <ymin>204</ymin>
      <xmax>200</xmax>
      <ymax>270</ymax>
    </bndbox>
  </object>
  <object>
    <name>other ship</name>
    <pose>Unspecified</pose>
    <truncated>0</truncated>
    <Difficult>0</Difficult>
    <bndbox>
      <xmin>316</xmin>
      <ymin>242</ymin>
      <xmax>353</xmax>
      <ymax>265</ymax>
    </bndbox>
  </object>
  <object>
    <name>island reef</name>
    <pose>Unspecified</pose>
    <truncated>0</truncated>
    <Difficult>0</Difficult>
    <bndbox>
      <xmin>190</xmin>
      <ymin>195</ymin>
      <xmax>450</xmax>
      <ymax>260</ymax>
    </bndbox>
  </object>
</annotation>