<annotation verified="no">
  <folder>ship</folder>
  <filename>00064</filename>
  <path>00064.jpg</path>
  <source>
    <database>Unknown</database>
  </source>
  <size>
    <width>500</width>
    <height>375</height>
    <depth>3</depth>
  </size>
  <segmented>0</segmented>
  <object>
    <name>other ship</name>
    <pose>Unspecified</pose>
    <truncated>1</truncated>
    <Difficult>0</Difficult>
    <bndbox>
      <xmin>1</xmin>
      <ymin>82</ymin>
      <xmax>323</xmax>
      <ymax>319</ymax>
    </bndbox>
  </object>
  <object>
    <name>island reef</name>
    <pose>Unspecified</pose>
    <truncated>1</truncated>
    <Difficult>0</Difficult>
    <bndbox>
      <xmin>232</xmin>
      <ymin>64</ymin>
      <xmax>500</xmax>
      <ymax>236</ymax>
    </bndbox>
  </object>
  <object>
    <name>island reef</name>
    <pose>Unspecified</pose>
    <truncated>0</truncated>
    <Difficult>0</Difficult>
    <bndbox>
      <xmin>2</xmin>
      <ymin>63</ymin>
      <xmax>177</xmax>
      <ymax>266</ymax>
    </bndbox>
  </object>
</annotation>