<annotation verified="no">
  <folder>ship</folder>
  <filename>00068</filename>
  <path>00068.jpg</path>
  <source>
    <database>Unknown</database>
  </source>
  <size>
    <width>500</width>
    <height>375</height>
    <depth>3</depth>
  </size>
  <segmented>0</segmented>
  <object>
    <name>other ship</name>
    <pose>Unspecified</pose>
    <truncated>1</truncated>
    <Difficult>0</Difficult>
    <bndbox>
      <xmin>92</xmin>
      <ymin>178</ymin>
      <xmax>467</xmax>
      <ymax>375</ymax>
    </bndbox>
  </object>
  <object>
    <name>other ship</name>
    <pose>Unspecified</pose>
    <truncated>1</truncated>
    <Difficult>0</Difficult>
    <bndbox>
      <xmin>255</xmin>
      <ymin>50</ymin>
      <xmax>500</xmax>
      <ymax>139</ymax>
    </bndbox>
  </object>
  <object>
    <name>other ship</name>
    <pose>Unspecified</pose>
    <truncated>1</truncated>
    <Difficult>0</Difficult>
    <bndbox>
      <xmin>1</xmin>
      <ymin>158</ymin>
      <xmax>39</xmax>
      <ymax>206</ymax>
    </bndbox>
  </object>
  <object>
    <name>other ship</name>
    <pose>Unspecified</pose>
    <truncated>1</truncated>
    <Difficult>0</Difficult>
    <bndbox>
      <xmin>1</xmin>
      <ymin>136</ymin>
      <xmax>81</xmax>
      <ymax>179</ymax>
    </bndbox>
  </object>
</annotation>