<annotation verified="no">
  <folder>ship</folder>
  <filename>00063</filename>
  <path>00063.jpg</path>
  <source>
    <database>Unknown</database>
  </source>
  <size>
    <width>600</width>
    <height>479</height>
    <depth>3</depth>
  </size>
  <segmented>0</segmented>
  <object>
    <name>other ship</name>
    <pose>Unspecified</pose>
    <truncated>0</truncated>
    <Difficult>0</Difficult>
    <bndbox>
      <xmin>360</xmin>
      <ymin>281</ymin>
      <xmax>538</xmax>
      <ymax>400</ymax>
    </bndbox>
  </object>
  <object>
    <name>other ship</name>
    <pose>Unspecified</pose>
    <truncated>0</truncated>
    <Difficult>0</Difficult>
    <bndbox>
      <xmin>95</xmin>
      <ymin>240</ymin>
      <xmax>204</xmax>
      <ymax>340</ymax>
    </bndbox>
  </object>
  <object>
    <name>other ship</name>
    <pose>Unspecified</pose>
    <truncated>0</truncated>
    <Difficult>0</Difficult>
    <bndbox>
      <xmin>194</xmin>
      <ymin>147</ymin>
      <xmax>334</xmax>
      <ymax>234</ymax>
    </bndbox>
  </object>
  <object>
    <name>other ship</name>
    <pose>Unspecified</pose>
    <truncated>0</truncated>
    <Difficult>0</Difficult>
    <bndbox>
      <xmin>324</xmin>
      <ymin>138</ymin>
      <xmax>443</xmax>
      <ymax>218</ymax>
    </bndbox>
  </object>
  <object>
    <name>other ship</name>
    <pose>Unspecified</pose>
    <truncated>0</truncated>
    <Difficult>0</Difficult>
    <bndbox>
      <xmin>65</xmin>
      <ymin>96</ymin>
      <xmax>168</xmax>
      <ymax>170</ymax>
    </bndbox>
  </object>
  <object>
    <name>other ship</name>
    <pose>Unspecified</pose>
    <truncated>0</truncated>
    <Difficult>0</Difficult>
    <bndbox>
      <xmin>142</xmin>
      <ymin>40</ymin>
      <xmax>183</xmax>
      <ymax>86</ymax>
    </bndbox>
  </object>
  <object>
    <name>other ship</name>
    <pose>Unspecified</pose>
    <truncated>0</truncated>
    <Difficult>0</Difficult>
    <bndbox>
      <xmin>380</xmin>
      <ymin>16</ymin>
      <xmax>495</xmax>
      <ymax>74</ymax>
    </bndbox>
  </object>
</annotation>