<annotation verified="no">
  <folder>ship</folder>
  <filename>00061</filename>
  <path>00061.jpg</path>
  <source>
    <database>Unknown</database>
  </source>
  <size>
    <width>649</width>
    <height>300</height>
    <depth>3</depth>
  </size>
  <segmented>0</segmented>
  <object>
    <name>sailboat</name>
    <pose>Unspecified</pose>
    <truncated>0</truncated>
    <Difficult>0</Difficult>
    <bndbox>
      <xmin>445</xmin>
      <ymin>169</ymin>
      <xmax>493</xmax>
      <ymax>278</ymax>
    </bndbox>
  </object>
  <object>
    <name>other ship</name>
    <pose>Unspecified</pose>
    <truncated>0</truncated>
    <Difficult>0</Difficult>
    <bndbox>
      <xmin>231</xmin>
      <ymin>200</ymin>
      <xmax>312</xmax>
      <ymax>232</ymax>
    </bndbox>
  </object>
  <object>
    <name>other ship</name>
    <pose>Unspecified</pose>
    <truncated>0</truncated>
    <Difficult>0</Difficult>
    <bndbox>
      <xmin>476</xmin>
      <ymin>214</ymin>
      <xmax>528</xmax>
      <ymax>226</ymax>
    </bndbox>
  </object>
</annotation>