<annotation verified="no">
  <folder>ship</folder>
  <filename>00065</filename>
  <path>00065.jpg</path>
  <source>
    <database>Unknown</database>
  </source>
  <size>
    <width>500</width>
    <height>333</height>
    <depth>3</depth>
  </size>
  <segmented>0</segmented>
  <object>
    <name>other ship</name>
    <pose>Unspecified</pose>
    <truncated>0</truncated>
    <Difficult>0</Difficult>
    <bndbox>
      <xmin>85</xmin>
      <ymin>176</ymin>
      <xmax>279</xmax>
      <ymax>254</ymax>
    </bndbox>
  </object>
  <object>
    <name>island reef</name>
    <pose>Unspecified</pose>
    <truncated>1</truncated>
    <Difficult>0</Difficult>
    <bndbox>
      <xmin>1</xmin>
      <ymin>154</ymin>
      <xmax>340</xmax>
      <ymax>173</ymax>
    </bndbox>
  </object>
  <object>
    <name>island reef</name>
    <pose>Unspecified</pose>
    <truncated>1</truncated>
    <Difficult>0</Difficult>
    <bndbox>
      <xmin>356</xmin>
      <ymin>158</ymin>
      <xmax>500</xmax>
      <ymax>173</ymax>
    </bndbox>
  </object>
</annotation>