<annotation verified="no">
  <folder>ship</folder>
  <filename>00066</filename>
  <path>00066.jpg</path>
  <source>
    <database>Unknown</database>
  </source>
  <size>
    <width>500</width>
    <height>309</height>
    <depth>3</depth>
  </size>
  <segmented>0</segmented>
  <object>
    <name>bulk carrier</name>
    <pose>Unspecified</pose>
    <truncated>0</truncated>
    <Difficult>0</Difficult>
    <bndbox>
      <xmin>55</xmin>
      <ymin>181</ymin>
      <xmax>499</xmax>
      <ymax>296</ymax>
    </bndbox>
  </object>
</annotation>