<annotation verified="no">
  <folder>ship</folder>
  <filename>00060</filename>
  <path>00060.jpg</path>
  <source>
    <database>Unknown</database>
  </source>
  <size>
    <width>500</width>
    <height>333</height>
    <depth>3</depth>
  </size>
  <segmented>0</segmented>
  <object>
    <name>other ship</name>
    <pose>Unspecified</pose>
    <truncated>0</truncated>
    <Difficult>0</Difficult>
    <bndbox>
      <xmin>83</xmin>
      <ymin>182</ymin>
      <xmax>173</xmax>
      <ymax>276</ymax>
    </bndbox>
  </object>
  <object>
    <name>bulk carrier</name>
    <pose>Unspecified</pose>
    <truncated>0</truncated>
    <Difficult>0</Difficult>
    <bndbox>
      <xmin>113</xmin>
      <ymin>81</ymin>
      <xmax>494</xmax>
      <ymax>265</ymax>
    </bndbox>
  </object>
</annotation>