<annotation verified="no">
  <folder>ship</folder>
  <filename>00079</filename>
  <path>00079.jpg</path>
  <source>
    <database>Unknown</database>
  </source>
  <size>
    <width>500</width>
    <height>333</height>
    <depth>3</depth>
  </size>
  <segmented>0</segmented>
  <object>
    <name>container ship</name>
    <pose>Unspecified</pose>
    <truncated>0</truncated>
    <Difficult>0</Difficult>
    <bndbox>
      <xmin>237</xmin>
      <ymin>161</ymin>
      <xmax>448</xmax>
      <ymax>277</ymax>
    </bndbox>
  </object>
  <object>
    <name>sailboat</name>
    <pose>Unspecified</pose>
    <truncated>0</truncated>
    <Difficult>0</Difficult>
    <bndbox>
      <xmin>86</xmin>
      <ymin>194</ymin>
      <xmax>138</xmax>
      <ymax>284</ymax>
    </bndbox>
  </object>
</annotation>