<annotation verified="no">
  <folder>ship</folder>
  <filename>00075</filename>
  <path>00075.jpg</path>
  <source>
    <database>Unknown</database>
  </source>
  <size>
    <width>900</width>
    <height>600</height>
    <depth>3</depth>
  </size>
  <segmented>0</segmented>
  <object>
    <name>other ship</name>
    <pose>Unspecified</pose>
    <truncated>0</truncated>
    <Difficult>0</Difficult>
    <bndbox>
      <xmin>252</xmin>
      <ymin>223</ymin>
      <xmax>805</xmax>
      <ymax>418</ymax>
    </bndbox>
  </object>
  <object>
    <name>other ship</name>
    <pose>Unspecified</pose>
    <truncated>0</truncated>
    <Difficult>0</Difficult>
    <bndbox>
      <xmin>62</xmin>
      <ymin>250</ymin>
      <xmax>223</xmax>
      <ymax>336</ymax>
    </bndbox>
  </object>
</annotation>