<annotation verified="no">
  <folder>ship</folder>
  <filename>00074</filename>
  <path>00074.jpg</path>
  <source>
    <database>Unknown</database>
  </source>
  <size>
    <width>500</width>
    <height>375</height>
    <depth>3</depth>
  </size>
  <segmented>0</segmented>
  <object>
    <name>bulk carrier</name>
    <pose>Unspecified</pose>
    <truncated>0</truncated>
    <Difficult>0</Difficult>
    <bndbox>
      <xmin>22</xmin>
      <ymin>57</ymin>
      <xmax>478</xmax>
      <ymax>228</ymax>
    </bndbox>
  </object>
</annotation>