<annotation verified="no">
  <folder>ship</folder>
  <filename>00073</filename>
  <path>00073.jpg</path>
  <source>
    <database>Unknown</database>
  </source>
  <size>
    <width>500</width>
    <height>313</height>
    <depth>3</depth>
  </size>
  <segmented>0</segmented>
  <object>
    <name>bulk carrier</name>
    <pose>Unspecified</pose>
    <truncated>0</truncated>
    <Difficult>0</Difficult>
    <bndbox>
      <xmin>61</xmin>
      <ymin>137</ymin>
      <xmax>333</xmax>
      <ymax>232</ymax>
    </bndbox>
  </object>
</annotation>