<annotation verified="no">
  <folder>ship</folder>
  <filename>00076</filename>
  <path>00076.jpg</path>
  <source>
    <database>Unknown</database>
  </source>
  <size>
    <width>499</width>
    <height>334</height>
    <depth>3</depth>
  </size>
  <segmented>0</segmented>
  <object>
    <name>other ship</name>
    <pose>Unspecified</pose>
    <truncated>0</truncated>
    <Difficult>0</Difficult>
    <bndbox>
      <xmin>122</xmin>
      <ymin>136</ymin>
      <xmax>403</xmax>
      <ymax>245</ymax>
    </bndbox>
  </object>
  <object>
    <name>island reef</name>
    <pose>Unspecified</pose>
    <truncated>1</truncated>
    <Difficult>0</Difficult>
    <bndbox>
      <xmin>1</xmin>
      <ymin>42</ymin>
      <xmax>187</xmax>
      <ymax>191</ymax>
    </bndbox>
  </object>
  <object>
    <name>island reef</name>
    <pose>Unspecified</pose>
    <truncated>0</truncated>
    <Difficult>0</Difficult>
    <bndbox>
      <xmin>187</xmin>
      <ymin>49</ymin>
      <xmax>497</xmax>
      <ymax>147</ymax>
    </bndbox>
  </object>
</annotation>