<annotation verified="no">
  <folder>ship</folder>
  <filename>00070</filename>
  <path>00070.jpg</path>
  <source>
    <database>Unknown</database>
  </source>
  <size>
    <width>500</width>
    <height>334</height>
    <depth>3</depth>
  </size>
  <segmented>0</segmented>
  <object>
    <name>container ship</name>
    <pose>Unspecified</pose>
    <truncated>0</truncated>
    <Difficult>0</Difficult>
    <bndbox>
      <xmin>82</xmin>
      <ymin>114</ymin>
      <xmax>408</xmax>
      <ymax>227</ymax>
    </bndbox>
  </object>
</annotation>