<annotation verified="no">
  <folder>ship</folder>
  <filename>00072</filename>
  <path>00072.jpg</path>
  <source>
    <database>Unknown</database>
  </source>
  <size>
    <width>330</width>
    <height>220</height>
    <depth>3</depth>
  </size>
  <segmented>0</segmented>
  <object>
    <name>bulk carrier</name>
    <pose>Unspecified</pose>
    <truncated>1</truncated>
    <Difficult>0</Difficult>
    <bndbox>
      <xmin>1</xmin>
      <ymin>106</ymin>
      <xmax>266</xmax>
      <ymax>175</ymax>
    </bndbox>
  </object>
</annotation>