<annotation verified="no">
  <folder>ship</folder>
  <filename>00078</filename>
  <path>00078.jpg</path>
  <source>
    <database>Unknown</database>
  </source>
  <size>
    <width>500</width>
    <height>336</height>
    <depth>3</depth>
  </size>
  <segmented>0</segmented>
  <object>
    <name>bulk carrier</name>
    <pose>Unspecified</pose>
    <truncated>0</truncated>
    <Difficult>0</Difficult>
    <bndbox>
      <xmin>15</xmin>
      <ymin>79</ymin>
      <xmax>489</xmax>
      <ymax>221</ymax>
    </bndbox>
  </object>
  <object>
    <name>bulk carrier</name>
    <pose>Unspecified</pose>
    <truncated>0</truncated>
    <Difficult>0</Difficult>
    <bndbox>
      <xmin>29</xmin>
      <ymin>234</ymin>
      <xmax>499</xmax>
      <ymax>334</ymax>
    </bndbox>
  </object>
</annotation>