<annotation verified="no">
  <folder>ship</folder>
  <filename>00077</filename>
  <path>00077.jpg</path>
  <source>
    <database>Unknown</database>
  </source>
  <size>
    <width>499</width>
    <height>333</height>
    <depth>3</depth>
  </size>
  <segmented>0</segmented>
  <object>
    <name>other ship</name>
    <pose>Unspecified</pose>
    <truncated>0</truncated>
    <Difficult>0</Difficult>
    <bndbox>
      <xmin>49</xmin>
      <ymin>135</ymin>
      <xmax>469</xmax>
      <ymax>234</ymax>
    </bndbox>
  </object>
</annotation>