<annotation verified="no">
  <folder>ship</folder>
  <filename>00085</filename>
  <path>00085.jpg</path>
  <source>
    <database>Unknown</database>
  </source>
  <size>
    <width>500</width>
    <height>332</height>
    <depth>3</depth>
  </size>
  <segmented>0</segmented>
  <object>
    <name>other ship</name>
    <pose>Unspecified</pose>
    <truncated>0</truncated>
    <Difficult>0</Difficult>
    <bndbox>
      <xmin>278</xmin>
      <ymin>38</ymin>
      <xmax>489</xmax>
      <ymax>264</ymax>
    </bndbox>
  </object>
</annotation>