<annotation verified="no">
  <folder>ship</folder>
  <filename>00082</filename>
  <path>00082.jpg</path>
  <source>
    <database>Unknown</database>
  </source>
  <size>
    <width>500</width>
    <height>375</height>
    <depth>3</depth>
  </size>
  <segmented>0</segmented>
  <object>
    <name>bulk carrier</name>
    <pose>Unspecified</pose>
    <truncated>0</truncated>
    <Difficult>0</Difficult>
    <bndbox>
      <xmin>42</xmin>
      <ymin>107</ymin>
      <xmax>460</xmax>
      <ymax>258</ymax>
    </bndbox>
  </object>
  <object>
    <name>island reef</name>
    <pose>Unspecified</pose>
    <truncated>1</truncated>
    <Difficult>0</Difficult>
    <bndbox>
      <xmin>426</xmin>
      <ymin>68</ymin>
      <xmax>500</xmax>
      <ymax>105</ymax>
    </bndbox>
  </object>
</annotation>