<annotation verified="no">
  <folder>ship</folder>
  <filename>00089</filename>
  <path>00089.jpg</path>
  <source>
    <database>Unknown</database>
  </source>
  <size>
    <width>800</width>
    <height>533</height>
    <depth>3</depth>
  </size>
  <segmented>0</segmented>
  <object>
    <name>other ship</name>
    <pose>Unspecified</pose>
    <truncated>0</truncated>
    <Difficult>0</Difficult>
    <bndbox>
      <xmin>355</xmin>
      <ymin>269</ymin>
      <xmax>385</xmax>
      <ymax>301</ymax>
    </bndbox>
  </object>
  <object>
    <name>other ship</name>
    <pose>Unspecified</pose>
    <truncated>0</truncated>
    <Difficult>0</Difficult>
    <bndbox>
      <xmin>429</xmin>
      <ymin>17</ymin>
      <xmax>455</xmax>
      <ymax>57</ymax>
    </bndbox>
  </object>
</annotation>