<annotation verified="no">
  <folder>ship</folder>
  <filename>00088</filename>
  <path>00088.jpg</path>
  <source>
    <database>Unknown</database>
  </source>
  <size>
    <width>450</width>
    <height>289</height>
    <depth>3</depth>
  </size>
  <segmented>0</segmented>
  <object>
    <name>bulk carrier</name>
    <pose>Unspecified</pose>
    <truncated>0</truncated>
    <Difficult>0</Difficult>
    <bndbox>
      <xmin>57</xmin>
      <ymin>26</ymin>
      <xmax>345</xmax>
      <ymax>232</ymax>
    </bndbox>
  </object>
</annotation>