<annotation verified="no">
  <folder>ship</folder>
  <filename>00086</filename>
  <path>00086.jpg</path>
  <source>
    <database>Unknown</database>
  </source>
  <size>
    <width>500</width>
    <height>409</height>
    <depth>3</depth>
  </size>
  <segmented>0</segmented>
  <object>
    <name>bulk carrier</name>
    <pose>Unspecified</pose>
    <truncated>0</truncated>
    <Difficult>0</Difficult>
    <bndbox>
      <xmin>45</xmin>
      <ymin>21</ymin>
      <xmax>453</xmax>
      <ymax>336</ymax>
    </bndbox>
  </object>
</annotation>