<annotation verified="no">
  <folder>ship</folder>
  <filename>00080</filename>
  <path>00080.jpg</path>
  <source>
    <database>Unknown</database>
  </source>
  <size>
    <width>500</width>
    <height>335</height>
    <depth>3</depth>
  </size>
  <segmented>0</segmented>
  <object>
    <name>other ship</name>
    <pose>Unspecified</pose>
    <truncated>0</truncated>
    <Difficult>0</Difficult>
    <bndbox>
      <xmin>77</xmin>
      <ymin>154</ymin>
      <xmax>202</xmax>
      <ymax>195</ymax>
    </bndbox>
  </object>
  <object>
    <name>island reef</name>
    <pose>Unspecified</pose>
    <truncated>1</truncated>
    <Difficult>0</Difficult>
    <bndbox>
      <xmin>1</xmin>
      <ymin>66</ymin>
      <xmax>500</xmax>
      <ymax>178</ymax>
    </bndbox>
  </object>
</annotation>