<annotation verified="no">
  <folder>ship</folder>
  <filename>00083</filename>
  <path>00083.jpg</path>
  <source>
    <database>Unknown</database>
  </source>
  <size>
    <width>500</width>
    <height>304</height>
    <depth>3</depth>
  </size>
  <segmented>0</segmented>
  <object>
    <name>other ship</name>
    <pose>Unspecified</pose>
    <truncated>0</truncated>
    <Difficult>0</Difficult>
    <bndbox>
      <xmin>156</xmin>
      <ymin>24</ymin>
      <xmax>466</xmax>
      <ymax>290</ymax>
    </bndbox>
  </object>
</annotation>