<annotation verified="no">
  <folder>ship</folder>
  <filename>00090</filename>
  <path>00090.jpg</path>
  <source>
    <database>Unknown</database>
  </source>
  <size>
    <width>800</width>
    <height>533</height>
    <depth>3</depth>
  </size>
  <segmented>0</segmented>
  <object>
    <name>other ship</name>
    <pose>Unspecified</pose>
    <truncated>0</truncated>
    <Difficult>0</Difficult>
    <bndbox>
      <xmin>542</xmin>
      <ymin>367</ymin>
      <xmax>625</xmax>
      <ymax>430</ymax>
    </bndbox>
  </object>
</annotation>