<annotation verified="no">
  <folder>ship</folder>
  <filename>00097</filename>
  <path>00097.jpg</path>
  <source>
    <database>Unknown</database>
  </source>
  <size>
    <width>800</width>
    <height>533</height>
    <depth>3</depth>
  </size>
  <segmented>0</segmented>
  <object>
    <name>bulk carrier</name>
    <pose>Unspecified</pose>
    <truncated>0</truncated>
    <Difficult>0</Difficult>
    <bndbox>
      <xmin>107</xmin>
      <ymin>258</ymin>
      <xmax>577</xmax>
      <ymax>378</ymax>
    </bndbox>
  </object>
  <object>
    <name>sailboat</name>
    <pose>Unspecified</pose>
    <truncated>0</truncated>
    <Difficult>0</Difficult>
    <bndbox>
      <xmin>594</xmin>
      <ymin>328</ymin>
      <xmax>618</xmax>
      <ymax>370</ymax>
    </bndbox>
  </object>
  <object>
    <name>sailboat</name>
    <pose>Unspecified</pose>
    <truncated>0</truncated>
    <Difficult>0</Difficult>
    <bndbox>
      <xmin>541</xmin>
      <ymin>431</ymin>
      <xmax>595</xmax>
      <ymax>493</ymax>
    </bndbox>
  </object>
  <object>
    <name>island reef</name>
    <pose>Unspecified</pose>
    <truncated>1</truncated>
    <Difficult>0</Difficult>
    <bndbox>
      <xmin>1</xmin>
      <ymin>184</ymin>
      <xmax>319</xmax>
      <ymax>205</ymax>
    </bndbox>
  </object>
  <object>
    <name>island reef</name>
    <pose>Unspecified</pose>
    <truncated>0</truncated>
    <Difficult>0</Difficult>
    <bndbox>
      <xmin>4</xmin>
      <ymin>159</ymin>
      <xmax>316</xmax>
      <ymax>176</ymax>
    </bndbox>
  </object>
  <object>
    <name>island reef</name>
    <pose>Unspecified</pose>
    <truncated>1</truncated>
    <Difficult>0</Difficult>
    <bndbox>
      <xmin>584</xmin>
      <ymin>158</ymin>
      <xmax>800</xmax>
      <ymax>170</ymax>
    </bndbox>
  </object>
</annotation>