<annotation verified="no">
  <folder>ship</folder>
  <filename>00096</filename>
  <path>00096.jpg</path>
  <source>
    <database>Unknown</database>
  </source>
  <size>
    <width>800</width>
    <height>500</height>
    <depth>3</depth>
  </size>
  <segmented>0</segmented>
  <object>
    <name>bulk carrier</name>
    <pose>Unspecified</pose>
    <truncated>0</truncated>
    <Difficult>0</Difficult>
    <bndbox>
      <xmin>107</xmin>
      <ymin>214</ymin>
      <xmax>528</xmax>
      <ymax>364</ymax>
    </bndbox>
  </object>
</annotation>