<annotation verified="no">
  <folder>ship</folder>
  <filename>00091</filename>
  <path>00091.jpg</path>
  <source>
    <database>Unknown</database>
  </source>
  <size>
    <width>800</width>
    <height>533</height>
    <depth>3</depth>
  </size>
  <segmented>0</segmented>
  <object>
    <name>container ship</name>
    <pose>Unspecified</pose>
    <truncated>0</truncated>
    <Difficult>0</Difficult>
    <bndbox>
      <xmin>15</xmin>
      <ymin>132</ymin>
      <xmax>494</xmax>
      <ymax>432</ymax>
    </bndbox>
  </object>
  <object>
    <name>island reef</name>
    <pose>Unspecified</pose>
    <truncated>1</truncated>
    <Difficult>0</Difficult>
    <bndbox>
      <xmin>675</xmin>
      <ymin>321</ymin>
      <xmax>800</xmax>
      <ymax>361</ymax>
    </bndbox>
  </object>
  <object>
    <name>island reef</name>
    <pose>Unspecified</pose>
    <truncated>0</truncated>
    <Difficult>0</Difficult>
    <bndbox>
      <xmin>463</xmin>
      <ymin>317</ymin>
      <xmax>661</xmax>
      <ymax>361</ymax>
    </bndbox>
  </object>
</annotation>