<annotation verified="no">
  <folder>ship</folder>
  <filename>00098</filename>
  <path>00098.jpg</path>
  <source>
    <database>Unknown</database>
  </source>
  <size>
    <width>600</width>
    <height>420</height>
    <depth>3</depth>
  </size>
  <segmented>0</segmented>
  <object>
    <name>other ship</name>
    <pose>Unspecified</pose>
    <truncated>0</truncated>
    <Difficult>0</Difficult>
    <bndbox>
      <xmin>67</xmin>
      <ymin>190</ymin>
      <xmax>106</xmax>
      <ymax>226</ymax>
    </bndbox>
  </object>
  <object>
    <name>other ship</name>
    <pose>Unspecified</pose>
    <truncated>1</truncated>
    <Difficult>0</Difficult>
    <bndbox>
      <xmin>174</xmin>
      <ymin>33</ymin>
      <xmax>600</xmax>
      <ymax>404</ymax>
    </bndbox>
  </object>
</annotation>