<annotation verified="no">
  <folder>ship</folder>
  <filename>00099</filename>
  <path>00099.jpg</path>
  <source>
    <database>Unknown</database>
  </source>
  <size>
    <width>800</width>
    <height>533</height>
    <depth>3</depth>
  </size>
  <segmented>0</segmented>
  <object>
    <name>bulk carrier</name>
    <pose>Unspecified</pose>
    <truncated>0</truncated>
    <Difficult>0</Difficult>
    <bndbox>
      <xmin>355</xmin>
      <ymin>203</ymin>
      <xmax>614</xmax>
      <ymax>343</ymax>
    </bndbox>
  </object>
</annotation>