<annotation verified="no">
  <folder>ship</folder>
  <filename>00095</filename>
  <path>00095.jpg</path>
  <source>
    <database>Unknown</database>
  </source>
  <size>
    <width>800</width>
    <height>533</height>
    <depth>3</depth>
  </size>
  <segmented>0</segmented>
  <object>
    <name>other ship</name>
    <pose>Unspecified</pose>
    <truncated>0</truncated>
    <Difficult>0</Difficult>
    <bndbox>
      <xmin>133</xmin>
      <ymin>279</ymin>
      <xmax>283</xmax>
      <ymax>444</ymax>
    </bndbox>
  </object>
  <object>
    <name>bulk carrier</name>
    <pose>Unspecified</pose>
    <truncated>0</truncated>
    <Difficult>0</Difficult>
    <bndbox>
      <xmin>168</xmin>
      <ymin>124</ymin>
      <xmax>788</xmax>
      <ymax>432</ymax>
    </bndbox>
  </object>
  <object>
    <name>island reef</name>
    <pose>Unspecified</pose>
    <truncated>1</truncated>
    <Difficult>0</Difficult>
    <bndbox>
      <xmin>1</xmin>
      <ymin>384</ymin>
      <xmax>139</xmax>
      <ymax>414</ymax>
    </bndbox>
  </object>
</annotation>