<annotation verified="no">
  <folder>ship</folder>
  <filename>00094</filename>
  <path>00094.jpg</path>
  <source>
    <database>Unknown</database>
  </source>
  <size>
    <width>800</width>
    <height>534</height>
    <depth>3</depth>
  </size>
  <segmented>0</segmented>
  <object>
    <name>bulk carrier</name>
    <pose>Unspecified</pose>
    <truncated>0</truncated>
    <Difficult>0</Difficult>
    <bndbox>
      <xmin>27</xmin>
      <ymin>111</ymin>
      <xmax>758</xmax>
      <ymax>484</ymax>
    </bndbox>
  </object>
  <object>
    <name>bulk carrier</name>
    <pose>Unspecified</pose>
    <truncated>0</truncated>
    <Difficult>0</Difficult>
    <bndbox>
      <xmin>337</xmin>
      <ymin>78</ymin>
      <xmax>645</xmax>
      <ymax>296</ymax>
    </bndbox>
  </object>
</annotation>