<annotation verified="no">
  <folder>ship</folder>
  <filename>00093</filename>
  <path>00093.jpg</path>
  <source>
    <database>Unknown</database>
  </source>
  <size>
    <width>800</width>
    <height>499</height>
    <depth>3</depth>
  </size>
  <segmented>0</segmented>
  <object>
    <name>bulk carrier</name>
    <pose>Unspecified</pose>
    <truncated>0</truncated>
    <Difficult>0</Difficult>
    <bndbox>
      <xmin>24</xmin>
      <ymin>71</ymin>
      <xmax>669</xmax>
      <ymax>354</ymax>
    </bndbox>
  </object>
  <object>
    <name>island reef</name>
    <pose>Unspecified</pose>
    <truncated>1</truncated>
    <Difficult>0</Difficult>
    <bndbox>
      <xmin>189</xmin>
      <ymin>137</ymin>
      <xmax>800</xmax>
      <ymax>269</ymax>
    </bndbox>
  </object>
  <object>
    <name>island reef</name>
    <pose>Unspecified</pose>
    <truncated>1</truncated>
    <Difficult>0</Difficult>
    <bndbox>
      <xmin>1</xmin>
      <ymin>179</ymin>
      <xmax>51</xmax>
      <ymax>289</ymax>
    </bndbox>
  </object>
</annotation>