<annotation verified="no">
  <folder>ship</folder>
  <filename>00092</filename>
  <path>00092.jpg</path>
  <source>
    <database>Unknown</database>
  </source>
  <size>
    <width>800</width>
    <height>452</height>
    <depth>3</depth>
  </size>
  <segmented>0</segmented>
  <object>
    <name>bulk carrier</name>
    <pose>Unspecified</pose>
    <truncated>0</truncated>
    <Difficult>0</Difficult>
    <bndbox>
      <xmin>38</xmin>
      <ymin>108</ymin>
      <xmax>644</xmax>
      <ymax>330</ymax>
    </bndbox>
  </object>
  <object>
    <name>liner</name>
    <pose>Unspecified</pose>
    <truncated>0</truncated>
    <Difficult>0</Difficult>
    <bndbox>
      <xmin>646</xmin>
      <ymin>269</ymin>
      <xmax>797</xmax>
      <ymax>319</ymax>
    </bndbox>
  </object>
</annotation>