<annotation verified="no">
  <folder>ship</folder>
  <filename>00106</filename>
  <path>00106.jpg</path>
  <source>
    <database>Unknown</database>
  </source>
  <size>
    <width>600</width>
    <height>420</height>
    <depth>3</depth>
  </size>
  <segmented>0</segmented>
  <object>
    <name>other ship</name>
    <pose>Unspecified</pose>
    <truncated>0</truncated>
    <Difficult>0</Difficult>
    <bndbox>
      <xmin>92</xmin>
      <ymin>135</ymin>
      <xmax>516</xmax>
      <ymax>287</ymax>
    </bndbox>
  </object>
  <object>
    <name>other ship</name>
    <pose>Unspecified</pose>
    <truncated>0</truncated>
    <Difficult>0</Difficult>
    <bndbox>
      <xmin>478</xmin>
      <ymin>212</ymin>
      <xmax>516</xmax>
      <ymax>243</ymax>
    </bndbox>
  </object>
  <object>
    <name>island reef</name>
    <pose>Unspecified</pose>
    <truncated>1</truncated>
    <Difficult>0</Difficult>
    <bndbox>
      <xmin>1</xmin>
      <ymin>180</ymin>
      <xmax>157</xmax>
      <ymax>242</ymax>
    </bndbox>
  </object>
  <object>
    <name>island reef</name>
    <pose>Unspecified</pose>
    <truncated>0</truncated>
    <Difficult>0</Difficult>
    <bndbox>
      <xmin>519</xmin>
      <ymin>197</ymin>
      <xmax>592</xmax>
      <ymax>234</ymax>
    </bndbox>
  </object>
</annotation>