<annotation verified="no">
  <folder>ship</folder>
  <filename>00100</filename>
  <path>00100.jpg</path>
  <source>
    <database>Unknown</database>
  </source>
  <size>
    <width>800</width>
    <height>534</height>
    <depth>3</depth>
  </size>
  <segmented>0</segmented>
  <object>
    <name>container ship</name>
    <pose>Unspecified</pose>
    <truncated>0</truncated>
    <Difficult>0</Difficult>
    <bndbox>
      <xmin>56</xmin>
      <ymin>154</ymin>
      <xmax>742</xmax>
      <ymax>349</ymax>
    </bndbox>
  </object>
  <object>
    <name>other ship</name>
    <pose>Unspecified</pose>
    <truncated>0</truncated>
    <Difficult>0</Difficult>
    <bndbox>
      <xmin>721</xmin>
      <ymin>252</ymin>
      <xmax>765</xmax>
      <ymax>285</ymax>
    </bndbox>
  </object>
</annotation>