<annotation verified="no">
  <folder>ship</folder>
  <filename>00107</filename>
  <path>00107.jpg</path>
  <source>
    <database>Unknown</database>
  </source>
  <size>
    <width>800</width>
    <height>534</height>
    <depth>3</depth>
  </size>
  <segmented>0</segmented>
  <object>
    <name>container ship</name>
    <pose>Unspecified</pose>
    <truncated>0</truncated>
    <Difficult>0</Difficult>
    <bndbox>
      <xmin>132</xmin>
      <ymin>203</ymin>
      <xmax>634</xmax>
      <ymax>362</ymax>
    </bndbox>
  </object>
  <object>
    <name>liner</name>
    <pose>Unspecified</pose>
    <truncated>0</truncated>
    <Difficult>0</Difficult>
    <bndbox>
      <xmin>514</xmin>
      <ymin>222</ymin>
      <xmax>682</xmax>
      <ymax>270</ymax>
    </bndbox>
  </object>
  <object>
    <name>island reef</name>
    <pose>Unspecified</pose>
    <truncated>0</truncated>
    <Difficult>0</Difficult>
    <bndbox>
      <xmin>665</xmin>
      <ymin>231</ymin>
      <xmax>798</xmax>
      <ymax>253</ymax>
    </bndbox>
  </object>
  <object>
    <name>island reef</name>
    <pose>Unspecified</pose>
    <truncated>0</truncated>
    <Difficult>0</Difficult>
    <bndbox>
      <xmin>294</xmin>
      <ymin>241</ymin>
      <xmax>449</xmax>
      <ymax>251</ymax>
    </bndbox>
  </object>
  <object>
    <name>island reef</name>
    <pose>Unspecified</pose>
    <truncated>0</truncated>
    <Difficult>0</Difficult>
    <bndbox>
      <xmin>2</xmin>
      <ymin>239</ymin>
      <xmax>199</xmax>
      <ymax>249</ymax>
    </bndbox>
  </object>
</annotation>