<annotation verified="no">
  <folder>ship</folder>
  <filename>00103</filename>
  <path>00103.jpg</path>
  <source>
    <database>Unknown</database>
  </source>
  <size>
    <width>800</width>
    <height>430</height>
    <depth>3</depth>
  </size>
  <segmented>0</segmented>
  <object>
    <name>other ship</name>
    <pose>Unspecified</pose>
    <truncated>0</truncated>
    <Difficult>0</Difficult>
    <bndbox>
      <xmin>86</xmin>
      <ymin>87</ymin>
      <xmax>694</xmax>
      <ymax>271</ymax>
    </bndbox>
  </object>
</annotation>