<annotation verified="no">
  <folder>ship</folder>
  <filename>00108</filename>
  <path>00108.jpg</path>
  <source>
    <database>Unknown</database>
  </source>
  <size>
    <width>1300</width>
    <height>988</height>
    <depth>3</depth>
  </size>
  <segmented>0</segmented>
  <object>
    <name>other ship</name>
    <pose>Unspecified</pose>
    <truncated>1</truncated>
    <Difficult>0</Difficult>
    <bndbox>
      <xmin>151</xmin>
      <ymin>1</ymin>
      <xmax>1169</xmax>
      <ymax>702</ymax>
    </bndbox>
  </object>
  <object>
    <name>island reef</name>
    <pose>Unspecified</pose>
    <truncated>1</truncated>
    <Difficult>0</Difficult>
    <bndbox>
      <xmin>999</xmin>
      <ymin>296</ymin>
      <xmax>1300</xmax>
      <ymax>349</ymax>
    </bndbox>
  </object>
  <object>
    <name>island reef</name>
    <pose>Unspecified</pose>
    <truncated>1</truncated>
    <Difficult>0</Difficult>
    <bndbox>
      <xmin>1</xmin>
      <ymin>272</ymin>
      <xmax>170</xmax>
      <ymax>316</ymax>
    </bndbox>
  </object>
</annotation>