<annotation verified="no">
  <folder>ship</folder>
  <filename>00104</filename>
  <path>00104.jpg</path>
  <source>
    <database>Unknown</database>
  </source>
  <size>
    <width>800</width>
    <height>533</height>
    <depth>3</depth>
  </size>
  <segmented>0</segmented>
  <object>
    <name>other ship</name>
    <pose>Unspecified</pose>
    <truncated>0</truncated>
    <Difficult>0</Difficult>
    <bndbox>
      <xmin>249</xmin>
      <ymin>49</ymin>
      <xmax>513</xmax>
      <ymax>311</ymax>
    </bndbox>
  </object>
</annotation>