<annotation verified="no">
  <folder>ship</folder>
  <filename>00109</filename>
  <path>00109.jpg</path>
  <source>
    <database>Unknown</database>
  </source>
  <size>
    <width>800</width>
    <height>347</height>
    <depth>3</depth>
  </size>
  <segmented>0</segmented>
  <object>
    <name>other ship</name>
    <pose>Unspecified</pose>
    <truncated>0</truncated>
    <Difficult>0</Difficult>
    <bndbox>
      <xmin>335</xmin>
      <ymin>199</ymin>
      <xmax>384</xmax>
      <ymax>235</ymax>
    </bndbox>
  </object>
  <object>
    <name>other ship</name>
    <pose>Unspecified</pose>
    <truncated>0</truncated>
    <Difficult>0</Difficult>
    <bndbox>
      <xmin>499</xmin>
      <ymin>205</ymin>
      <xmax>533</xmax>
      <ymax>228</ymax>
    </bndbox>
  </object>
  <object>
    <name>bulk carrier</name>
    <pose>Unspecified</pose>
    <truncated>0</truncated>
    <Difficult>0</Difficult>
    <bndbox>
      <xmin>222</xmin>
      <ymin>131</ymin>
      <xmax>528</xmax>
      <ymax>229</ymax>
    </bndbox>
  </object>
</annotation>