<annotation verified="no">
  <folder>ship</folder>
  <filename>00102</filename>
  <path>00102.jpg</path>
  <source>
    <database>Unknown</database>
  </source>
  <size>
    <width>1300</width>
    <height>951</height>
    <depth>3</depth>
  </size>
  <segmented>0</segmented>
  <object>
    <name>other ship</name>
    <pose>Unspecified</pose>
    <truncated>0</truncated>
    <Difficult>0</Difficult>
    <bndbox>
      <xmin>301</xmin>
      <ymin>529</ymin>
      <xmax>425</xmax>
      <ymax>639</ymax>
    </bndbox>
  </object>
  <object>
    <name>other ship</name>
    <pose>Unspecified</pose>
    <truncated>0</truncated>
    <Difficult>0</Difficult>
    <bndbox>
      <xmin>568</xmin>
      <ymin>478</ymin>
      <xmax>737</xmax>
      <ymax>560</ymax>
    </bndbox>
  </object>
  <object>
    <name>other ship</name>
    <pose>Unspecified</pose>
    <truncated>0</truncated>
    <Difficult>0</Difficult>
    <bndbox>
      <xmin>617</xmin>
      <ymin>197</ymin>
      <xmax>1294</xmax>
      <ymax>594</ymax>
    </bndbox>
  </object>
</annotation>