<annotation verified="no">
  <folder>ship</folder>
  <filename>00101</filename>
  <path>00101.jpg</path>
  <source>
    <database>Unknown</database>
  </source>
  <size>
    <width>800</width>
    <height>530</height>
    <depth>3</depth>
  </size>
  <segmented>0</segmented>
  <object>
    <name>container ship</name>
    <pose>Unspecified</pose>
    <truncated>1</truncated>
    <Difficult>0</Difficult>
    <bndbox>
      <xmin>124</xmin>
      <ymin>1</ymin>
      <xmax>615</xmax>
      <ymax>528</ymax>
    </bndbox>
  </object>
</annotation>