<annotation verified="no">
  <folder>ship</folder>
  <filename>00105</filename>
  <path>00105.jpg</path>
  <source>
    <database>Unknown</database>
  </source>
  <size>
    <width>600</width>
    <height>398</height>
    <depth>3</depth>
  </size>
  <segmented>0</segmented>
  <object>
    <name>other ship</name>
    <pose>Unspecified</pose>
    <truncated>1</truncated>
    <Difficult>0</Difficult>
    <bndbox>
      <xmin>92</xmin>
      <ymin>1</ymin>
      <xmax>547</xmax>
      <ymax>340</ymax>
    </bndbox>
  </object>
</annotation>