<annotation verified="no">
  <folder>ship</folder>
  <filename>00119</filename>
  <path>00119.jpg</path>
  <source>
    <database>Unknown</database>
  </source>
  <size>
    <width>800</width>
    <height>533</height>
    <depth>3</depth>
  </size>
  <segmented>0</segmented>
  <object>
    <name>other ship</name>
    <pose>Unspecified</pose>
    <truncated>0</truncated>
    <Difficult>0</Difficult>
    <bndbox>
      <xmin>141</xmin>
      <ymin>286</ymin>
      <xmax>448</xmax>
      <ymax>395</ymax>
    </bndbox>
  </object>
  <object>
    <name>island reef</name>
    <pose>Unspecified</pose>
    <truncated>1</truncated>
    <Difficult>0</Difficult>
    <bndbox>
      <xmin>1</xmin>
      <ymin>239</ymin>
      <xmax>524</xmax>
      <ymax>291</ymax>
    </bndbox>
  </object>
  <object>
    <name>island reef</name>
    <pose>Unspecified</pose>
    <truncated>1</truncated>
    <Difficult>0</Difficult>
    <bndbox>
      <xmin>585</xmin>
      <ymin>242</ymin>
      <xmax>800</xmax>
      <ymax>287</ymax>
    </bndbox>
  </object>
</annotation>