<annotation verified="no">
  <folder>ship</folder>
  <filename>00112</filename>
  <path>00112.jpg</path>
  <source>
    <database>Unknown</database>
  </source>
  <size>
    <width>800</width>
    <height>532</height>
    <depth>3</depth>
  </size>
  <segmented>0</segmented>
  <object>
    <name>bulk carrier</name>
    <pose>Unspecified</pose>
    <truncated>0</truncated>
    <Difficult>0</Difficult>
    <bndbox>
      <xmin>68</xmin>
      <ymin>173</ymin>
      <xmax>522</xmax>
      <ymax>520</ymax>
    </bndbox>
  </object>
</annotation>