<annotation verified="no">
  <folder>ship</folder>
  <filename>00114</filename>
  <path>00114.jpg</path>
  <source>
    <database>Unknown</database>
  </source>
  <size>
    <width>800</width>
    <height>403</height>
    <depth>3</depth>
  </size>
  <segmented>0</segmented>
  <object>
    <name>other ship</name>
    <pose>Unspecified</pose>
    <truncated>0</truncated>
    <Difficult>0</Difficult>
    <bndbox>
      <xmin>397</xmin>
      <ymin>252</ymin>
      <xmax>520</xmax>
      <ymax>322</ymax>
    </bndbox>
  </object>
  <object>
    <name>container ship</name>
    <pose>Unspecified</pose>
    <truncated>0</truncated>
    <Difficult>0</Difficult>
    <bndbox>
      <xmin>164</xmin>
      <ymin>95</ymin>
      <xmax>741</xmax>
      <ymax>317</ymax>
    </bndbox>
  </object>
  <object>
    <name>bulk carrier</name>
    <pose>Unspecified</pose>
    <truncated>1</truncated>
    <Difficult>0</Difficult>
    <bndbox>
      <xmin>1</xmin>
      <ymin>172</ymin>
      <xmax>196</xmax>
      <ymax>307</ymax>
    </bndbox>
  </object>
</annotation>