<annotation verified="no">
  <folder>ship</folder>
  <filename>00111</filename>
  <path>00111.jpg</path>
  <source>
    <database>Unknown</database>
  </source>
  <size>
    <width>800</width>
    <height>530</height>
    <depth>3</depth>
  </size>
  <segmented>0</segmented>
  <object>
    <name>bulk carrier</name>
    <pose>Unspecified</pose>
    <truncated>0</truncated>
    <Difficult>0</Difficult>
    <bndbox>
      <xmin>34</xmin>
      <ymin>97</ymin>
      <xmax>435</xmax>
      <ymax>465</ymax>
    </bndbox>
  </object>
</annotation>