<annotation verified="no">
  <folder>ship</folder>
  <filename>00113</filename>
  <path>00113.jpg</path>
  <source>
    <database>Unknown</database>
  </source>
  <size>
    <width>800</width>
    <height>533</height>
    <depth>3</depth>
  </size>
  <segmented>0</segmented>
  <object>
    <name>container ship</name>
    <pose>Unspecified</pose>
    <truncated>0</truncated>
    <Difficult>0</Difficult>
    <bndbox>
      <xmin>109</xmin>
      <ymin>252</ymin>
      <xmax>352</xmax>
      <ymax>409</ymax>
    </bndbox>
  </object>
  <object>
    <name>island reef</name>
    <pose>Unspecified</pose>
    <truncated>1</truncated>
    <Difficult>0</Difficult>
    <bndbox>
      <xmin>1</xmin>
      <ymin>353</ymin>
      <xmax>135</xmax>
      <ymax>399</ymax>
    </bndbox>
  </object>
</annotation>