<annotation verified="no">
  <folder>ship</folder>
  <filename>00110</filename>
  <path>00110.jpg</path>
  <source>
    <database>Unknown</database>
  </source>
  <size>
    <width>800</width>
    <height>527</height>
    <depth>3</depth>
  </size>
  <segmented>0</segmented>
  <object>
    <name>other ship</name>
    <pose>Unspecified</pose>
    <truncated>1</truncated>
    <Difficult>0</Difficult>
    <bndbox>
      <xmin>1</xmin>
      <ymin>197</ymin>
      <xmax>105</xmax>
      <ymax>328</ymax>
    </bndbox>
  </object>
  <object>
    <name>other ship</name>
    <pose>Unspecified</pose>
    <truncated>0</truncated>
    <Difficult>0</Difficult>
    <bndbox>
      <xmin>95</xmin>
      <ymin>214</ymin>
      <xmax>701</xmax>
      <ymax>525</ymax>
    </bndbox>
  </object>
  <object>
    <name>container ship</name>
    <pose>Unspecified</pose>
    <truncated>0</truncated>
    <Difficult>0</Difficult>
    <bndbox>
      <xmin>99</xmin>
      <ymin>232</ymin>
      <xmax>483</xmax>
      <ymax>384</ymax>
    </bndbox>
  </object>
  <object>
    <name>island reef</name>
    <pose>Unspecified</pose>
    <truncated>1</truncated>
    <Difficult>0</Difficult>
    <bndbox>
      <xmin>185</xmin>
      <ymin>117</ymin>
      <xmax>800</xmax>
      <ymax>212</ymax>
    </bndbox>
  </object>
</annotation>