<annotation verified="no">
  <folder>ship</folder>
  <filename>00115</filename>
  <path>00115.jpg</path>
  <source>
    <database>Unknown</database>
  </source>
  <size>
    <width>800</width>
    <height>533</height>
    <depth>3</depth>
  </size>
  <segmented>0</segmented>
  <object>
    <name>bulk carrier</name>
    <pose>Unspecified</pose>
    <truncated>1</truncated>
    <Difficult>0</Difficult>
    <bndbox>
      <xmin>1</xmin>
      <ymin>1</ymin>
      <xmax>772</xmax>
      <ymax>504</ymax>
    </bndbox>
  </object>
</annotation>