<annotation verified="no">
  <folder>ship</folder>
  <filename>00117</filename>
  <path>00117.jpg</path>
  <source>
    <database>Unknown</database>
  </source>
  <size>
    <width>800</width>
    <height>534</height>
    <depth>3</depth>
  </size>
  <segmented>0</segmented>
  <object>
    <name>other ship</name>
    <pose>Unspecified</pose>
    <truncated>0</truncated>
    <Difficult>0</Difficult>
    <bndbox>
      <xmin>172</xmin>
      <ymin>48</ymin>
      <xmax>763</xmax>
      <ymax>287</ymax>
    </bndbox>
  </object>
  <object>
    <name>island reef</name>
    <pose>Unspecified</pose>
    <truncated>1</truncated>
    <Difficult>0</Difficult>
    <bndbox>
      <xmin>1</xmin>
      <ymin>133</ymin>
      <xmax>369</xmax>
      <ymax>199</ymax>
    </bndbox>
  </object>
</annotation>