<annotation verified="no">
  <folder>ship</folder>
  <filename>00118</filename>
  <path>00118.jpg</path>
  <source>
    <database>Unknown</database>
  </source>
  <size>
    <width>800</width>
    <height>530</height>
    <depth>3</depth>
  </size>
  <segmented>0</segmented>
  <object>
    <name>other ship</name>
    <pose>Unspecified</pose>
    <truncated>1</truncated>
    <Difficult>0</Difficult>
    <bndbox>
      <xmin>253</xmin>
      <ymin>1</ymin>
      <xmax>760</xmax>
      <ymax>376</ymax>
    </bndbox>
  </object>
  <object>
    <name>other ship</name>
    <pose>Unspecified</pose>
    <truncated>1</truncated>
    <Difficult>0</Difficult>
    <bndbox>
      <xmin>1</xmin>
      <ymin>199</ymin>
      <xmax>259</xmax>
      <ymax>370</ymax>
    </bndbox>
  </object>
  <object>
    <name>island reef</name>
    <pose>Unspecified</pose>
    <truncated>1</truncated>
    <Difficult>0</Difficult>
    <bndbox>
      <xmin>738</xmin>
      <ymin>326</ymin>
      <xmax>800</xmax>
      <ymax>371</ymax>
    </bndbox>
  </object>
</annotation>