<annotation verified="no">
  <folder>ship</folder>
  <filename>00116</filename>
  <path>00116.jpg</path>
  <source>
    <database>Unknown</database>
  </source>
  <size>
    <width>800</width>
    <height>533</height>
    <depth>3</depth>
  </size>
  <segmented>0</segmented>
  <object>
    <name>bulk carrier</name>
    <pose>Unspecified</pose>
    <truncated>0</truncated>
    <Difficult>0</Difficult>
    <bndbox>
      <xmin>78</xmin>
      <ymin>187</ymin>
      <xmax>640</xmax>
      <ymax>385</ymax>
    </bndbox>
  </object>
</annotation>