<annotation verified="no">
  <folder>ship</folder>
  <filename>00122</filename>
  <path>00122.jpg</path>
  <source>
    <database>Unknown</database>
  </source>
  <size>
    <width>800</width>
    <height>530</height>
    <depth>3</depth>
  </size>
  <segmented>0</segmented>
  <object>
    <name>other ship</name>
    <pose>Unspecified</pose>
    <truncated>0</truncated>
    <Difficult>0</Difficult>
    <bndbox>
      <xmin>181</xmin>
      <ymin>249</ymin>
      <xmax>319</xmax>
      <ymax>318</ymax>
    </bndbox>
  </object>
  <object>
    <name>container ship</name>
    <pose>Unspecified</pose>
    <truncated>0</truncated>
    <Difficult>0</Difficult>
    <bndbox>
      <xmin>186</xmin>
      <ymin>122</ymin>
      <xmax>641</xmax>
      <ymax>320</ymax>
    </bndbox>
  </object>
</annotation>