<annotation verified="no">
  <folder>ship</folder>
  <filename>00124</filename>
  <path>00124.jpg</path>
  <source>
    <database>Unknown</database>
  </source>
  <size>
    <width>800</width>
    <height>533</height>
    <depth>3</depth>
  </size>
  <segmented>0</segmented>
  <object>
    <name>other ship</name>
    <pose>Unspecified</pose>
    <truncated>0</truncated>
    <Difficult>0</Difficult>
    <bndbox>
      <xmin>214</xmin>
      <ymin>14</ymin>
      <xmax>592</xmax>
      <ymax>356</ymax>
    </bndbox>
  </object>
</annotation>