<annotation verified="no">
  <folder>ship</folder>
  <filename>00123</filename>
  <path>00123.jpg</path>
  <source>
    <database>Unknown</database>
  </source>
  <size>
    <width>800</width>
    <height>450</height>
    <depth>3</depth>
  </size>
  <segmented>0</segmented>
  <object>
    <name>container ship</name>
    <pose>Unspecified</pose>
    <truncated>0</truncated>
    <Difficult>0</Difficult>
    <bndbox>
      <xmin>41</xmin>
      <ymin>166</ymin>
      <xmax>717</xmax>
      <ymax>343</ymax>
    </bndbox>
  </object>
  <object>
    <name>island reef</name>
    <pose>Unspecified</pose>
    <truncated>1</truncated>
    <Difficult>0</Difficult>
    <bndbox>
      <xmin>1</xmin>
      <ymin>272</ymin>
      <xmax>59</xmax>
      <ymax>307</ymax>
    </bndbox>
  </object>
</annotation>