<annotation verified="no">
  <folder>ship</folder>
  <filename>00121</filename>
  <path>00121.jpg</path>
  <source>
    <database>Unknown</database>
  </source>
  <size>
    <width>800</width>
    <height>535</height>
    <depth>3</depth>
  </size>
  <segmented>0</segmented>
  <object>
    <name>other ship</name>
    <pose>Unspecified</pose>
    <truncated>0</truncated>
    <Difficult>0</Difficult>
    <bndbox>
      <xmin>89</xmin>
      <ymin>232</ymin>
      <xmax>664</xmax>
      <ymax>452</ymax>
    </bndbox>
  </object>
  <object>
    <name>island reef</name>
    <pose>Unspecified</pose>
    <truncated>1</truncated>
    <Difficult>0</Difficult>
    <bndbox>
      <xmin>1</xmin>
      <ymin>50</ymin>
      <xmax>800</xmax>
      <ymax>188</ymax>
    </bndbox>
  </object>
</annotation>