<annotation verified="no">
  <folder>ship</folder>
  <filename>00127</filename>
  <path>00127.jpg</path>
  <source>
    <database>Unknown</database>
  </source>
  <size>
    <width>800</width>
    <height>561</height>
    <depth>3</depth>
  </size>
  <segmented>0</segmented>
  <object>
    <name>sailboat</name>
    <pose>Unspecified</pose>
    <truncated>0</truncated>
    <Difficult>0</Difficult>
    <bndbox>
      <xmin>404</xmin>
      <ymin>192</ymin>
      <xmax>569</xmax>
      <ymax>334</ymax>
    </bndbox>
  </object>
  <object>
    <name>island reef</name>
    <pose>Unspecified</pose>
    <truncated>1</truncated>
    <Difficult>0</Difficult>
    <bndbox>
      <xmin>1</xmin>
      <ymin>1</ymin>
      <xmax>295</xmax>
      <ymax>387</ymax>
    </bndbox>
  </object>
</annotation>