<annotation verified="no">
  <folder>ship</folder>
  <filename>00120</filename>
  <path>00120.jpg</path>
  <source>
    <database>Unknown</database>
  </source>
  <size>
    <width>1024</width>
    <height>717</height>
    <depth>3</depth>
  </size>
  <segmented>0</segmented>
  <object>
    <name>island reef</name>
    <pose>Unspecified</pose>
    <truncated>1</truncated>
    <Difficult>0</Difficult>
    <bndbox>
      <xmin>604</xmin>
      <ymin>228</ymin>
      <xmax>1024</xmax>
      <ymax>316</ymax>
    </bndbox>
  </object>
  <object>
    <name>liner</name>
    <pose>Unspecified</pose>
    <truncated>0</truncated>
    <Difficult>0</Difficult>
    <bndbox>
      <xmin>91</xmin>
      <ymin>183</ymin>
      <xmax>704</xmax>
      <ymax>400</ymax>
    </bndbox>
  </object>
</annotation>