<annotation verified="no">
  <folder>ship</folder>
  <filename>00128</filename>
  <path>00128.jpg</path>
  <source>
    <database>Unknown</database>
  </source>
  <size>
    <width>800</width>
    <height>534</height>
    <depth>3</depth>
  </size>
  <segmented>0</segmented>
  <object>
    <name>liner</name>
    <pose>Unspecified</pose>
    <truncated>0</truncated>
    <Difficult>0</Difficult>
    <bndbox>
      <xmin>256</xmin>
      <ymin>125</ymin>
      <xmax>595</xmax>
      <ymax>365</ymax>
    </bndbox>
  </object>
  <object>
    <name>other ship</name>
    <pose>Unspecified</pose>
    <truncated>0</truncated>
    <Difficult>0</Difficult>
    <bndbox>
      <xmin>712</xmin>
      <ymin>298</ymin>
      <xmax>751</xmax>
      <ymax>347</ymax>
    </bndbox>
  </object>
  <object>
    <name>other ship</name>
    <pose>Unspecified</pose>
    <truncated>0</truncated>
    <Difficult>0</Difficult>
    <bndbox>
      <xmin>750</xmin>
      <ymin>295</ymin>
      <xmax>793</xmax>
      <ymax>345</ymax>
    </bndbox>
  </object>
  <object>
    <name>other ship</name>
    <pose>Unspecified</pose>
    <truncated>0</truncated>
    <Difficult>0</Difficult>
    <bndbox>
      <xmin>46</xmin>
      <ymin>322</ymin>
      <xmax>80</xmax>
      <ymax>337</ymax>
    </bndbox>
  </object>
</annotation>