<annotation verified="no">
  <folder>ship</folder>
  <filename>00125</filename>
  <path>00125.jpg</path>
  <source>
    <database>Unknown</database>
  </source>
  <size>
    <width>640</width>
    <height>395</height>
    <depth>3</depth>
  </size>
  <segmented>0</segmented>
  <object>
    <name>other ship</name>
    <pose>Unspecified</pose>
    <truncated>0</truncated>
    <Difficult>0</Difficult>
    <bndbox>
      <xmin>180</xmin>
      <ymin>239</ymin>
      <xmax>299</xmax>
      <ymax>306</ymax>
    </bndbox>
  </object>
  <object>
    <name>other ship</name>
    <pose>Unspecified</pose>
    <truncated>0</truncated>
    <Difficult>0</Difficult>
    <bndbox>
      <xmin>3</xmin>
      <ymin>261</ymin>
      <xmax>58</xmax>
      <ymax>287</ymax>
    </bndbox>
  </object>
  <object>
    <name>other ship</name>
    <pose>Unspecified</pose>
    <truncated>1</truncated>
    <Difficult>0</Difficult>
    <bndbox>
      <xmin>294</xmin>
      <ymin>1</ymin>
      <xmax>639</xmax>
      <ymax>380</ymax>
    </bndbox>
  </object>
  <object>
    <name>island reef</name>
    <pose>Unspecified</pose>
    <truncated>0</truncated>
    <Difficult>0</Difficult>
    <bndbox>
      <xmin>4</xmin>
      <ymin>234</ymin>
      <xmax>149</xmax>
      <ymax>259</ymax>
    </bndbox>
  </object>
</annotation>