<annotation verified="no">
  <folder>ship</folder>
  <filename>00126</filename>
  <path>00126.jpg</path>
  <source>
    <database>Unknown</database>
  </source>
  <size>
    <width>800</width>
    <height>450</height>
    <depth>3</depth>
  </size>
  <segmented>0</segmented>
  <object>
    <name>other ship</name>
    <pose>Unspecified</pose>
    <truncated>0</truncated>
    <Difficult>0</Difficult>
    <bndbox>
      <xmin>46</xmin>
      <ymin>189</ymin>
      <xmax>541</xmax>
      <ymax>348</ymax>
    </bndbox>
  </object>
</annotation>