<annotation verified="no">
  <folder>ship</folder>
  <filename>00129</filename>
  <path>00129.jpg</path>
  <source>
    <database>Unknown</database>
  </source>
  <size>
    <width>640</width>
    <height>424</height>
    <depth>3</depth>
  </size>
  <segmented>0</segmented>
  <object>
    <name>other ship</name>
    <pose>Unspecified</pose>
    <truncated>0</truncated>
    <Difficult>0</Difficult>
    <bndbox>
      <xmin>149</xmin>
      <ymin>77</ymin>
      <xmax>473</xmax>
      <ymax>276</ymax>
    </bndbox>
  </object>
</annotation>