<annotation verified="no">
  <folder>ship</folder>
  <filename>00137</filename>
  <path>00137.jpg</path>
  <source>
    <database>Unknown</database>
  </source>
  <size>
    <width>580</width>
    <height>330</height>
    <depth>3</depth>
  </size>
  <segmented>0</segmented>
  <object>
    <name>bulk carrier</name>
    <pose>Unspecified</pose>
    <truncated>0</truncated>
    <Difficult>0</Difficult>
    <bndbox>
      <xmin>61</xmin>
      <ymin>27</ymin>
      <xmax>528</xmax>
      <ymax>258</ymax>
    </bndbox>
  </object>
</annotation>