<annotation verified="no">
  <folder>ship</folder>
  <filename>00136</filename>
  <path>00136.jpg</path>
  <source>
    <database>Unknown</database>
  </source>
  <size>
    <width>2048</width>
    <height>1530</height>
    <depth>3</depth>
  </size>
  <segmented>0</segmented>
  <object>
    <name>other ship</name>
    <pose>Unspecified</pose>
    <truncated>0</truncated>
    <Difficult>0</Difficult>
    <bndbox>
      <xmin>358</xmin>
      <ymin>3</ymin>
      <xmax>1602</xmax>
      <ymax>1452</ymax>
    </bndbox>
  </object>
  <object>
    <name>other ship</name>
    <pose>Unspecified</pose>
    <truncated>1</truncated>
    <Difficult>0</Difficult>
    <bndbox>
      <xmin>1343</xmin>
      <ymin>973</ymin>
      <xmax>2048</xmax>
      <ymax>1355</ymax>
    </bndbox>
  </object>
</annotation>