<annotation verified="no">
  <folder>ship</folder>
  <filename>00132</filename>
  <path>00132.jpg</path>
  <source>
    <database>Unknown</database>
  </source>
  <size>
    <width>800</width>
    <height>531</height>
    <depth>3</depth>
  </size>
  <segmented>0</segmented>
  <object>
    <name>bulk carrier</name>
    <pose>Unspecified</pose>
    <truncated>0</truncated>
    <Difficult>0</Difficult>
    <bndbox>
      <xmin>291</xmin>
      <ymin>55</ymin>
      <xmax>786</xmax>
      <ymax>426</ymax>
    </bndbox>
  </object>
</annotation>