<annotation verified="no">
  <folder>ship</folder>
  <filename>00133</filename>
  <path>00133.jpg</path>
  <source>
    <database>Unknown</database>
  </source>
  <size>
    <width>601</width>
    <height>900</height>
    <depth>3</depth>
  </size>
  <segmented>0</segmented>
  <object>
    <name>sailboat</name>
    <pose>Unspecified</pose>
    <truncated>0</truncated>
    <Difficult>0</Difficult>
    <bndbox>
      <xmin>92</xmin>
      <ymin>244</ymin>
      <xmax>302</xmax>
      <ymax>398</ymax>
    </bndbox>
  </object>
  <object>
    <name>island reef</name>
    <pose>Unspecified</pose>
    <truncated>1</truncated>
    <Difficult>0</Difficult>
    <bndbox>
      <xmin>524</xmin>
      <ymin>353</ymin>
      <xmax>601</xmax>
      <ymax>388</ymax>
    </bndbox>
  </object>
</annotation>