<annotation verified="no">
  <folder>ship</folder>
  <filename>00134</filename>
  <path>00134.jpg</path>
  <source>
    <database>Unknown</database>
  </source>
  <size>
    <width>676</width>
    <height>1024</height>
    <depth>3</depth>
  </size>
  <segmented>0</segmented>
  <object>
    <name>other ship</name>
    <pose>Unspecified</pose>
    <truncated>0</truncated>
    <Difficult>0</Difficult>
    <bndbox>
      <xmin>184</xmin>
      <ymin>430</ymin>
      <xmax>397</xmax>
      <ymax>951</ymax>
    </bndbox>
  </object>
</annotation>