<annotation verified="no">
  <folder>ship</folder>
  <filename>00139</filename>
  <path>00139.jpg</path>
  <source>
    <database>Unknown</database>
  </source>
  <size>
    <width>984</width>
    <height>594</height>
    <depth>3</depth>
  </size>
  <segmented>0</segmented>
  <object>
    <name>bulk carrier</name>
    <pose>Unspecified</pose>
    <truncated>0</truncated>
    <Difficult>0</Difficult>
    <bndbox>
      <xmin>20</xmin>
      <ymin>267</ymin>
      <xmax>976</xmax>
      <ymax>531</ymax>
    </bndbox>
  </object>
</annotation>