<annotation verified="no">
  <folder>ship</folder>
  <filename>00130</filename>
  <path>00130.jpg</path>
  <source>
    <database>Unknown</database>
  </source>
  <size>
    <width>800</width>
    <height>533</height>
    <depth>3</depth>
  </size>
  <segmented>0</segmented>
  <object>
    <name>other ship</name>
    <pose>Unspecified</pose>
    <truncated>0</truncated>
    <Difficult>0</Difficult>
    <bndbox>
      <xmin>29</xmin>
      <ymin>223</ymin>
      <xmax>301</xmax>
      <ymax>399</ymax>
    </bndbox>
  </object>
  <object>
    <name>other ship</name>
    <pose>Unspecified</pose>
    <truncated>0</truncated>
    <Difficult>0</Difficult>
    <bndbox>
      <xmin>256</xmin>
      <ymin>124</ymin>
      <xmax>359</xmax>
      <ymax>214</ymax>
    </bndbox>
  </object>
  <object>
    <name>other ship</name>
    <pose>Unspecified</pose>
    <truncated>0</truncated>
    <Difficult>0</Difficult>
    <bndbox>
      <xmin>417</xmin>
      <ymin>71</ymin>
      <xmax>504</xmax>
      <ymax>145</ymax>
    </bndbox>
  </object>
  <object>
    <name>bulk carrier</name>
    <pose>Unspecified</pose>
    <truncated>0</truncated>
    <Difficult>0</Difficult>
    <bndbox>
      <xmin>112</xmin>
      <ymin>61</ymin>
      <xmax>358</xmax>
      <ymax>153</ymax>
    </bndbox>
  </object>
  <object>
    <name>sailboat</name>
    <pose>Unspecified</pose>
    <truncated>0</truncated>
    <Difficult>0</Difficult>
    <bndbox>
      <xmin>587</xmin>
      <ymin>19</ymin>
      <xmax>693</xmax>
      <ymax>137</ymax>
    </bndbox>
  </object>
  <object>
    <name>other ship</name>
    <pose>Unspecified</pose>
    <truncated>0</truncated>
    <Difficult>0</Difficult>
    <bndbox>
      <xmin>676</xmin>
      <ymin>73</ymin>
      <xmax>751</xmax>
      <ymax>139</ymax>
    </bndbox>
  </object>
  <object>
    <name>island reef</name>
    <pose>Unspecified</pose>
    <truncated>0</truncated>
    <Difficult>0</Difficult>
    <bndbox>
      <xmin>502</xmin>
      <ymin>121</ymin>
      <xmax>576</xmax>
      <ymax>139</ymax>
    </bndbox>
  </object>
  <object>
    <name>island reef</name>
    <pose>Unspecified</pose>
    <truncated>0</truncated>
    <Difficult>0</Difficult>
    <bndbox>
      <xmin>358</xmin>
      <ymin>126</ymin>
      <xmax>423</xmax>
      <ymax>140</ymax>
    </bndbox>
  </object>
  <object>
    <name>other ship</name>
    <pose>Unspecified</pose>
    <truncated>0</truncated>
    <Difficult>0</Difficult>
    <bndbox>
      <xmin>56</xmin>
      <ymin>134</ymin>
      <xmax>138</xmax>
      <ymax>149</ymax>
    </bndbox>
  </object>
</annotation>