<annotation verified="no">
  <folder>ship</folder>
  <filename>00135</filename>
  <path>00135.jpg</path>
  <source>
    <database>Unknown</database>
  </source>
  <size>
    <width>600</width>
    <height>900</height>
    <depth>3</depth>
  </size>
  <segmented>0</segmented>
  <object>
    <name>container ship</name>
    <pose>Unspecified</pose>
    <truncated>0</truncated>
    <Difficult>0</Difficult>
    <bndbox>
      <xmin>92</xmin>
      <ymin>568</ymin>
      <xmax>532</xmax>
      <ymax>694</ymax>
    </bndbox>
  </object>
</annotation>