<annotation verified="no">
  <folder>ship</folder>
  <filename>00131</filename>
  <path>00131.jpg</path>
  <source>
    <database>Unknown</database>
  </source>
  <size>
    <width>800</width>
    <height>533</height>
    <depth>3</depth>
  </size>
  <segmented>0</segmented>
  <object>
    <name>sailboat</name>
    <pose>Unspecified</pose>
    <truncated>0</truncated>
    <Difficult>0</Difficult>
    <bndbox>
      <xmin>18</xmin>
      <ymin>15</ymin>
      <xmax>742</xmax>
      <ymax>509</ymax>
    </bndbox>
  </object>
</annotation>