<annotation verified="no">
  <folder>ship</folder>
  <filename>00144</filename>
  <path>00144.jpg</path>
  <source>
    <database>Unknown</database>
  </source>
  <size>
    <width>1000</width>
    <height>660</height>
    <depth>3</depth>
  </size>
  <segmented>0</segmented>
  <object>
    <name>bulk carrier</name>
    <pose>Unspecified</pose>
    <truncated>0</truncated>
    <Difficult>0</Difficult>
    <bndbox>
      <xmin>132</xmin>
      <ymin>15</ymin>
      <xmax>825</xmax>
      <ymax>579</ymax>
    </bndbox>
  </object>
</annotation>