<annotation verified="no">
  <folder>ship</folder>
  <filename>00145</filename>
  <path>00145.jpg</path>
  <source>
    <database>Unknown</database>
  </source>
  <size>
    <width>500</width>
    <height>347</height>
    <depth>3</depth>
  </size>
  <segmented>0</segmented>
  <object>
    <name>bulk carrier</name>
    <pose>Unspecified</pose>
    <truncated>0</truncated>
    <Difficult>0</Difficult>
    <bndbox>
      <xmin>14</xmin>
      <ymin>100</ymin>
      <xmax>497</xmax>
      <ymax>232</ymax>
    </bndbox>
  </object>
</annotation>