<annotation verified="no">
  <folder>ship</folder>
  <filename>00149</filename>
  <path>00149.jpg</path>
  <source>
    <database>Unknown</database>
  </source>
  <size>
    <width>500</width>
    <height>315</height>
    <depth>3</depth>
  </size>
  <segmented>0</segmented>
  <object>
    <name>bulk carrier</name>
    <pose>Unspecified</pose>
    <truncated>0</truncated>
    <Difficult>0</Difficult>
    <bndbox>
      <xmin>34</xmin>
      <ymin>46</ymin>
      <xmax>411</xmax>
      <ymax>218</ymax>
    </bndbox>
  </object>
  <object>
    <name>island reef</name>
    <pose>Unspecified</pose>
    <truncated>0</truncated>
    <Difficult>0</Difficult>
    <bndbox>
      <xmin>400</xmin>
      <ymin>119</ymin>
      <xmax>493</xmax>
      <ymax>273</ymax>
    </bndbox>
  </object>
  <object>
    <name>island reef</name>
    <pose>Unspecified</pose>
    <truncated>1</truncated>
    <Difficult>0</Difficult>
    <bndbox>
      <xmin>98</xmin>
      <ymin>260</ymin>
      <xmax>401</xmax>
      <ymax>315</ymax>
    </bndbox>
  </object>
</annotation>