<annotation verified="no">
  <folder>ship</folder>
  <filename>00143</filename>
  <path>00143.jpg</path>
  <source>
    <database>Unknown</database>
  </source>
  <size>
    <width>1024</width>
    <height>573</height>
    <depth>3</depth>
  </size>
  <segmented>0</segmented>
  <object>
    <name>other ship</name>
    <pose>Unspecified</pose>
    <truncated>0</truncated>
    <Difficult>0</Difficult>
    <bndbox>
      <xmin>482</xmin>
      <ymin>301</ymin>
      <xmax>602</xmax>
      <ymax>371</ymax>
    </bndbox>
  </object>
  <object>
    <name>island reef</name>
    <pose>Unspecified</pose>
    <truncated>1</truncated>
    <Difficult>0</Difficult>
    <bndbox>
      <xmin>1</xmin>
      <ymin>127</ymin>
      <xmax>418</xmax>
      <ymax>354</ymax>
    </bndbox>
  </object>
</annotation>