<annotation verified="no">
  <folder>ship</folder>
  <filename>00142</filename>
  <path>00142.jpg</path>
  <source>
    <database>Unknown</database>
  </source>
  <size>
    <width>650</width>
    <height>554</height>
    <depth>3</depth>
  </size>
  <segmented>0</segmented>
  <object>
    <name>other ship</name>
    <pose>Unspecified</pose>
    <truncated>0</truncated>
    <Difficult>0</Difficult>
    <bndbox>
      <xmin>130</xmin>
      <ymin>114</ymin>
      <xmax>570</xmax>
      <ymax>363</ymax>
    </bndbox>
  </object>
</annotation>