<annotation verified="no">
  <folder>ship</folder>
  <filename>00146</filename>
  <path>00146.jpg</path>
  <source>
    <database>Unknown</database>
  </source>
  <size>
    <width>500</width>
    <height>375</height>
    <depth>3</depth>
  </size>
  <segmented>0</segmented>
  <object>
    <name>bulk carrier</name>
    <pose>Unspecified</pose>
    <truncated>0</truncated>
    <Difficult>0</Difficult>
    <bndbox>
      <xmin>164</xmin>
      <ymin>142</ymin>
      <xmax>373</xmax>
      <ymax>288</ymax>
    </bndbox>
  </object>
  <object>
    <name>island reef</name>
    <pose>Unspecified</pose>
    <truncated>1</truncated>
    <Difficult>0</Difficult>
    <bndbox>
      <xmin>1</xmin>
      <ymin>186</ymin>
      <xmax>176</xmax>
      <ymax>258</ymax>
    </bndbox>
  </object>
  <object>
    <name>island reef</name>
    <pose>Unspecified</pose>
    <truncated>1</truncated>
    <Difficult>0</Difficult>
    <bndbox>
      <xmin>362</xmin>
      <ymin>205</ymin>
      <xmax>500</xmax>
      <ymax>266</ymax>
    </bndbox>
  </object>
</annotation>