<annotation verified="no">
  <folder>ship</folder>
  <filename>00148</filename>
  <path>00148.jpg</path>
  <source>
    <database>Unknown</database>
  </source>
  <size>
    <width>398</width>
    <height>278</height>
    <depth>3</depth>
  </size>
  <segmented>0</segmented>
  <object>
    <name>bulk carrier</name>
    <pose>Unspecified</pose>
    <truncated>0</truncated>
    <Difficult>0</Difficult>
    <bndbox>
      <xmin>15</xmin>
      <ymin>22</ymin>
      <xmax>362</xmax>
      <ymax>256</ymax>
    </bndbox>
  </object>
</annotation>