<annotation verified="no">
  <folder>ship</folder>
  <filename>00140</filename>
  <path>00140.jpg</path>
  <source>
    <database>Unknown</database>
  </source>
  <size>
    <width>1000</width>
    <height>666</height>
    <depth>3</depth>
  </size>
  <segmented>0</segmented>
  <object>
    <name>bulk carrier</name>
    <pose>Unspecified</pose>
    <truncated>0</truncated>
    <Difficult>0</Difficult>
    <bndbox>
      <xmin>98</xmin>
      <ymin>86</ymin>
      <xmax>924</xmax>
      <ymax>553</ymax>
    </bndbox>
  </object>
</annotation>