<annotation verified="no">
  <folder>ship</folder>
  <filename>00141</filename>
  <path>00141.jpg</path>
  <source>
    <database>Unknown</database>
  </source>
  <size>
    <width>1023</width>
    <height>683</height>
    <depth>3</depth>
  </size>
  <segmented>0</segmented>
  <object>
    <name>bulk carrier</name>
    <pose>Unspecified</pose>
    <truncated>0</truncated>
    <Difficult>0</Difficult>
    <bndbox>
      <xmin>97</xmin>
      <ymin>34</ymin>
      <xmax>644</xmax>
      <ymax>581</ymax>
    </bndbox>
  </object>
  <object>
    <name>island reef</name>
    <pose>Unspecified</pose>
    <truncated>0</truncated>
    <Difficult>0</Difficult>
    <bndbox>
      <xmin>3</xmin>
      <ymin>326</ymin>
      <xmax>119</xmax>
      <ymax>564</ymax>
    </bndbox>
  </object>
  <object>
    <name>island reef</name>
    <pose>Unspecified</pose>
    <truncated>1</truncated>
    <Difficult>0</Difficult>
    <bndbox>
      <xmin>698</xmin>
      <ymin>486</ymin>
      <xmax>1023</xmax>
      <ymax>558</ymax>
    </bndbox>
  </object>
</annotation>