<annotation verified="no">
  <folder>ship</folder>
  <filename>00147</filename>
  <path>00147.jpg</path>
  <source>
    <database>Unknown</database>
  </source>
  <size>
    <width>448</width>
    <height>262</height>
    <depth>3</depth>
  </size>
  <segmented>0</segmented>
  <object>
    <name>bulk carrier</name>
    <pose>Unspecified</pose>
    <truncated>0</truncated>
    <Difficult>0</Difficult>
    <bndbox>
      <xmin>4</xmin>
      <ymin>94</ymin>
      <xmax>439</xmax>
      <ymax>209</ymax>
    </bndbox>
  </object>
</annotation>