<annotation verified="no">
  <folder>ship</folder>
  <filename>00156</filename>
  <path>00156.jpg</path>
  <source>
    <database>Unknown</database>
  </source>
  <size>
    <width>491</width>
    <height>278</height>
    <depth>3</depth>
  </size>
  <segmented>0</segmented>
  <object>
    <name>bulk carrier</name>
    <pose>Unspecified</pose>
    <truncated>1</truncated>
    <Difficult>0</Difficult>
    <bndbox>
      <xmin>61</xmin>
      <ymin>1</ymin>
      <xmax>438</xmax>
      <ymax>236</ymax>
    </bndbox>
  </object>
</annotation>