<annotation verified="no">
  <folder>ship</folder>
  <filename>00155</filename>
  <path>00155.jpg</path>
  <source>
    <database>Unknown</database>
  </source>
  <size>
    <width>500</width>
    <height>366</height>
    <depth>3</depth>
  </size>
  <segmented>0</segmented>
  <object>
    <name>bulk carrier</name>
    <pose>Unspecified</pose>
    <truncated>0</truncated>
    <Difficult>0</Difficult>
    <bndbox>
      <xmin>73</xmin>
      <ymin>85</ymin>
      <xmax>448</xmax>
      <ymax>260</ymax>
    </bndbox>
  </object>
</annotation>