<annotation verified="no">
  <folder>ship</folder>
  <filename>00158</filename>
  <path>00158.jpg</path>
  <source>
    <database>Unknown</database>
  </source>
  <size>
    <width>500</width>
    <height>333</height>
    <depth>3</depth>
  </size>
  <segmented>0</segmented>
  <object>
    <name>bulk carrier</name>
    <pose>Unspecified</pose>
    <truncated>0</truncated>
    <Difficult>0</Difficult>
    <bndbox>
      <xmin>43</xmin>
      <ymin>103</ymin>
      <xmax>299</xmax>
      <ymax>264</ymax>
    </bndbox>
  </object>
  <object>
    <name>island reef</name>
    <pose>Unspecified</pose>
    <truncated>1</truncated>
    <Difficult>0</Difficult>
    <bndbox>
      <xmin>360</xmin>
      <ymin>232</ymin>
      <xmax>500</xmax>
      <ymax>245</ymax>
    </bndbox>
  </object>
</annotation>