<annotation verified="no">
  <folder>ship</folder>
  <filename>00152</filename>
  <path>00152.jpg</path>
  <source>
    <database>Unknown</database>
  </source>
  <size>
    <width>500</width>
    <height>333</height>
    <depth>3</depth>
  </size>
  <segmented>0</segmented>
  <object>
    <name>bulk carrier</name>
    <pose>Unspecified</pose>
    <truncated>0</truncated>
    <Difficult>0</Difficult>
    <bndbox>
      <xmin>26</xmin>
      <ymin>27</ymin>
      <xmax>455</xmax>
      <ymax>282</ymax>
    </bndbox>
  </object>
  <object>
    <name>other ship</name>
    <pose>Unspecified</pose>
    <truncated>0</truncated>
    <Difficult>0</Difficult>
    <bndbox>
      <xmin>188</xmin>
      <ymin>47</ymin>
      <xmax>226</xmax>
      <ymax>66</ymax>
    </bndbox>
  </object>
  <object>
    <name>other ship</name>
    <pose>Unspecified</pose>
    <truncated>0</truncated>
    <Difficult>0</Difficult>
    <bndbox>
      <xmin>85</xmin>
      <ymin>33</ymin>
      <xmax>128</xmax>
      <ymax>56</ymax>
    </bndbox>
  </object>
  <object>
    <name>other ship</name>
    <pose>Unspecified</pose>
    <truncated>0</truncated>
    <Difficult>0</Difficult>
    <bndbox>
      <xmin>311</xmin>
      <ymin>64</ymin>
      <xmax>336</xmax>
      <ymax>76</ymax>
    </bndbox>
  </object>
  <object>
    <name>other ship</name>
    <pose>Unspecified</pose>
    <truncated>0</truncated>
    <Difficult>0</Difficult>
    <bndbox>
      <xmin>396</xmin>
      <ymin>72</ymin>
      <xmax>428</xmax>
      <ymax>83</ymax>
    </bndbox>
  </object>
</annotation>