<annotation verified="no">
  <folder>ship</folder>
  <filename>00157</filename>
  <path>00157.jpg</path>
  <source>
    <database>Unknown</database>
  </source>
  <size>
    <width>400</width>
    <height>600</height>
    <depth>3</depth>
  </size>
  <segmented>0</segmented>
  <object>
    <name>bulk carrier</name>
    <pose>Unspecified</pose>
    <truncated>0</truncated>
    <Difficult>0</Difficult>
    <bndbox>
      <xmin>72</xmin>
      <ymin>62</ymin>
      <xmax>376</xmax>
      <ymax>442</ymax>
    </bndbox>
  </object>
</annotation>