<annotation verified="no">
  <folder>ship</folder>
  <filename>00159</filename>
  <path>00159.jpg</path>
  <source>
    <database>Unknown</database>
  </source>
  <size>
    <width>500</width>
    <height>337</height>
    <depth>3</depth>
  </size>
  <segmented>0</segmented>
  <object>
    <name>other ship</name>
    <pose>Unspecified</pose>
    <truncated>0</truncated>
    <Difficult>0</Difficult>
    <bndbox>
      <xmin>166</xmin>
      <ymin>188</ymin>
      <xmax>375</xmax>
      <ymax>332</ymax>
    </bndbox>
  </object>
  <object>
    <name>other ship</name>
    <pose>Unspecified</pose>
    <truncated>0</truncated>
    <Difficult>0</Difficult>
    <bndbox>
      <xmin>411</xmin>
      <ymin>58</ymin>
      <xmax>483</xmax>
      <ymax>118</ymax>
    </bndbox>
  </object>
  <object>
    <name>bulk carrier</name>
    <pose>Unspecified</pose>
    <truncated>1</truncated>
    <Difficult>0</Difficult>
    <bndbox>
      <xmin>167</xmin>
      <ymin>1</ymin>
      <xmax>368</xmax>
      <ymax>155</ymax>
    </bndbox>
  </object>
</annotation>