<annotation verified="no">
  <folder>ship</folder>
  <filename>00151</filename>
  <path>00151.jpg</path>
  <source>
    <database>Unknown</database>
  </source>
  <size>
    <width>500</width>
    <height>334</height>
    <depth>3</depth>
  </size>
  <segmented>0</segmented>
  <object>
    <name>bulk carrier</name>
    <pose>Unspecified</pose>
    <truncated>0</truncated>
    <Difficult>0</Difficult>
    <bndbox>
      <xmin>67</xmin>
      <ymin>15</ymin>
      <xmax>391</xmax>
      <ymax>251</ymax>
    </bndbox>
  </object>
  <object>
    <name>island reef</name>
    <pose>Unspecified</pose>
    <truncated>1</truncated>
    <Difficult>0</Difficult>
    <bndbox>
      <xmin>360</xmin>
      <ymin>128</ymin>
      <xmax>500</xmax>
      <ymax>241</ymax>
    </bndbox>
  </object>
  <object>
    <name>island reef</name>
    <pose>Unspecified</pose>
    <truncated>1</truncated>
    <Difficult>0</Difficult>
    <bndbox>
      <xmin>1</xmin>
      <ymin>125</ymin>
      <xmax>68</xmax>
      <ymax>243</ymax>
    </bndbox>
  </object>
</annotation>