<annotation verified="no">
  <folder>ship</folder>
  <filename>00154</filename>
  <path>00154.jpg</path>
  <source>
    <database>Unknown</database>
  </source>
  <size>
    <width>500</width>
    <height>330</height>
    <depth>3</depth>
  </size>
  <segmented>0</segmented>
  <object>
    <name>bulk carrier</name>
    <pose>Unspecified</pose>
    <truncated>0</truncated>
    <Difficult>0</Difficult>
    <bndbox>
      <xmin>13</xmin>
      <ymin>112</ymin>
      <xmax>464</xmax>
      <ymax>281</ymax>
    </bndbox>
  </object>
  <object>
    <name>island reef</name>
    <pose>Unspecified</pose>
    <truncated>1</truncated>
    <Difficult>0</Difficult>
    <bndbox>
      <xmin>439</xmin>
      <ymin>217</ymin>
      <xmax>500</xmax>
      <ymax>251</ymax>
    </bndbox>
  </object>
  <object>
    <name>island reef</name>
    <pose>Unspecified</pose>
    <truncated>1</truncated>
    <Difficult>0</Difficult>
    <bndbox>
      <xmin>1</xmin>
      <ymin>222</ymin>
      <xmax>17</xmax>
      <ymax>240</ymax>
    </bndbox>
  </object>
</annotation>