<annotation verified="no">
  <folder>ship</folder>
  <filename>00150</filename>
  <path>00150.jpg</path>
  <source>
    <database>Unknown</database>
  </source>
  <size>
    <width>402</width>
    <height>261</height>
    <depth>3</depth>
  </size>
  <segmented>0</segmented>
  <object>
    <name>bulk carrier</name>
    <pose>Unspecified</pose>
    <truncated>0</truncated>
    <Difficult>0</Difficult>
    <bndbox>
      <xmin>28</xmin>
      <ymin>12</ymin>
      <xmax>389</xmax>
      <ymax>251</ymax>
    </bndbox>
  </object>
</annotation>