<annotation verified="no">
  <folder>ship</folder>
  <filename>00153</filename>
  <path>00153.jpg</path>
  <source>
    <database>Unknown</database>
  </source>
  <size>
    <width>950</width>
    <height>560</height>
    <depth>3</depth>
  </size>
  <segmented>0</segmented>
  <object>
    <name>other ship</name>
    <pose>Unspecified</pose>
    <truncated>0</truncated>
    <Difficult>0</Difficult>
    <bndbox>
      <xmin>415</xmin>
      <ymin>77</ymin>
      <xmax>792</xmax>
      <ymax>509</ymax>
    </bndbox>
  </object>
</annotation>