<annotation verified="no">
  <folder>ship</folder>
  <filename>00167</filename>
  <path>00167.jpg</path>
  <source>
    <database>Unknown</database>
  </source>
  <size>
    <width>500</width>
    <height>302</height>
    <depth>3</depth>
  </size>
  <segmented>0</segmented>
  <object>
    <name>bulk carrier</name>
    <pose>Unspecified</pose>
    <truncated>0</truncated>
    <Difficult>0</Difficult>
    <bndbox>
      <xmin>13</xmin>
      <ymin>130</ymin>
      <xmax>497</xmax>
      <ymax>269</ymax>
    </bndbox>
  </object>
</annotation>