<annotation verified="no">
  <folder>ship</folder>
  <filename>00161</filename>
  <path>00161.jpg</path>
  <source>
    <database>Unknown</database>
  </source>
  <size>
    <width>500</width>
    <height>338</height>
    <depth>3</depth>
  </size>
  <segmented>0</segmented>
  <object>
    <name>bulk carrier</name>
    <pose>Unspecified</pose>
    <truncated>0</truncated>
    <Difficult>0</Difficult>
    <bndbox>
      <xmin>242</xmin>
      <ymin>159</ymin>
      <xmax>441</xmax>
      <ymax>319</ymax>
    </bndbox>
  </object>
</annotation>