<annotation verified="no">
  <folder>ship</folder>
  <filename>00163</filename>
  <path>00163.jpg</path>
  <source>
    <database>Unknown</database>
  </source>
  <size>
    <width>500</width>
    <height>417</height>
    <depth>3</depth>
  </size>
  <segmented>0</segmented>
  <object>
    <name>bulk carrier</name>
    <pose>Unspecified</pose>
    <truncated>0</truncated>
    <Difficult>0</Difficult>
    <bndbox>
      <xmin>90</xmin>
      <ymin>56</ymin>
      <xmax>431</xmax>
      <ymax>329</ymax>
    </bndbox>
  </object>
  <object>
    <name>island reef</name>
    <pose>Unspecified</pose>
    <truncated>1</truncated>
    <Difficult>0</Difficult>
    <bndbox>
      <xmin>256</xmin>
      <ymin>1</ymin>
      <xmax>498</xmax>
      <ymax>67</ymax>
    </bndbox>
  </object>
  <object>
    <name>other ship</name>
    <pose>Unspecified</pose>
    <truncated>0</truncated>
    <Difficult>0</Difficult>
    <bndbox>
      <xmin>448</xmin>
      <ymin>74</ymin>
      <xmax>495</xmax>
      <ymax>107</ymax>
    </bndbox>
  </object>
</annotation>