<annotation verified="no">
  <folder>ship</folder>
  <filename>00164</filename>
  <path>00164.jpg</path>
  <source>
    <database>Unknown</database>
  </source>
  <size>
    <width>500</width>
    <height>349</height>
    <depth>3</depth>
  </size>
  <segmented>0</segmented>
  <object>
    <name>bulk carrier</name>
    <pose>Unspecified</pose>
    <truncated>0</truncated>
    <Difficult>0</Difficult>
    <bndbox>
      <xmin>28</xmin>
      <ymin>27</ymin>
      <xmax>471</xmax>
      <ymax>327</ymax>
    </bndbox>
  </object>
</annotation>