<annotation verified="no">
  <folder>ship</folder>
  <filename>00166</filename>
  <path>00166.jpg</path>
  <source>
    <database>Unknown</database>
  </source>
  <size>
    <width>414</width>
    <height>307</height>
    <depth>3</depth>
  </size>
  <segmented>0</segmented>
  <object>
    <name>bulk carrier</name>
    <pose>Unspecified</pose>
    <truncated>0</truncated>
    <Difficult>0</Difficult>
    <bndbox>
      <xmin>109</xmin>
      <ymin>76</ymin>
      <xmax>303</xmax>
      <ymax>269</ymax>
    </bndbox>
  </object>
</annotation>