<annotation verified="no">
  <folder>ship</folder>
  <filename>00169</filename>
  <path>00169.jpg</path>
  <source>
    <database>Unknown</database>
  </source>
  <size>
    <width>332</width>
    <height>231</height>
    <depth>3</depth>
  </size>
  <segmented>0</segmented>
  <object>
    <name>bulk carrier</name>
    <pose>Unspecified</pose>
    <truncated>0</truncated>
    <Difficult>0</Difficult>
    <bndbox>
      <xmin>58</xmin>
      <ymin>55</ymin>
      <xmax>274</xmax>
      <ymax>190</ymax>
    </bndbox>
  </object>
  <object>
    <name>island reef</name>
    <pose>Unspecified</pose>
    <truncated>0</truncated>
    <Difficult>0</Difficult>
    <bndbox>
      <xmin>185</xmin>
      <ymin>46</ymin>
      <xmax>330</xmax>
      <ymax>84</ymax>
    </bndbox>
  </object>
  <object>
    <name>island reef</name>
    <pose>Unspecified</pose>
    <truncated>1</truncated>
    <Difficult>0</Difficult>
    <bndbox>
      <xmin>1</xmin>
      <ymin>64</ymin>
      <xmax>128</xmax>
      <ymax>86</ymax>
    </bndbox>
  </object>
</annotation>