<annotation verified="no">
  <folder>ship</folder>
  <filename>00162</filename>
  <path>00162.jpg</path>
  <source>
    <database>Unknown</database>
  </source>
  <size>
    <width>447</width>
    <height>289</height>
    <depth>3</depth>
  </size>
  <segmented>0</segmented>
  <object>
    <name>bulk carrier</name>
    <pose>Unspecified</pose>
    <truncated>0</truncated>
    <Difficult>0</Difficult>
    <bndbox>
      <xmin>2</xmin>
      <ymin>46</ymin>
      <xmax>444</xmax>
      <ymax>234</ymax>
    </bndbox>
  </object>
</annotation>