<annotation verified="no">
  <folder>ship</folder>
  <filename>00168</filename>
  <path>00168.jpg</path>
  <source>
    <database>Unknown</database>
  </source>
  <size>
    <width>500</width>
    <height>333</height>
    <depth>3</depth>
  </size>
  <segmented>0</segmented>
  <object>
    <name>other ship</name>
    <pose>Unspecified</pose>
    <truncated>0</truncated>
    <Difficult>0</Difficult>
    <bndbox>
      <xmin>30</xmin>
      <ymin>56</ymin>
      <xmax>257</xmax>
      <ymax>252</ymax>
    </bndbox>
  </object>
  <object>
    <name>other ship</name>
    <pose>Unspecified</pose>
    <truncated>0</truncated>
    <Difficult>0</Difficult>
    <bndbox>
      <xmin>191</xmin>
      <ymin>82</ymin>
      <xmax>373</xmax>
      <ymax>258</ymax>
    </bndbox>
  </object>
  <object>
    <name>other ship</name>
    <pose>Unspecified</pose>
    <truncated>0</truncated>
    <Difficult>0</Difficult>
    <bndbox>
      <xmin>309</xmin>
      <ymin>110</ymin>
      <xmax>424</xmax>
      <ymax>259</ymax>
    </bndbox>
  </object>
</annotation>