<annotation verified="no">
  <folder>ship</folder>
  <filename>00176</filename>
  <path>00176.jpg</path>
  <source>
    <database>Unknown</database>
  </source>
  <size>
    <width>443</width>
    <height>289</height>
    <depth>3</depth>
  </size>
  <segmented>0</segmented>
  <object>
    <name>bulk carrier</name>
    <pose>Unspecified</pose>
    <truncated>0</truncated>
    <Difficult>0</Difficult>
    <bndbox>
      <xmin>30</xmin>
      <ymin>48</ymin>
      <xmax>399</xmax>
      <ymax>267</ymax>
    </bndbox>
  </object>
</annotation>