<annotation verified="no">
  <folder>ship</folder>
  <filename>00170</filename>
  <path>00170.jpg</path>
  <source>
    <database>Unknown</database>
  </source>
  <size>
    <width>520</width>
    <height>340</height>
    <depth>3</depth>
  </size>
  <segmented>0</segmented>
  <object>
    <name>other ship</name>
    <pose>Unspecified</pose>
    <truncated>0</truncated>
    <Difficult>0</Difficult>
    <bndbox>
      <xmin>73</xmin>
      <ymin>186</ymin>
      <xmax>104</xmax>
      <ymax>211</ymax>
    </bndbox>
  </object>
  <object>
    <name>other ship</name>
    <pose>Unspecified</pose>
    <truncated>0</truncated>
    <Difficult>0</Difficult>
    <bndbox>
      <xmin>33</xmin>
      <ymin>184</ymin>
      <xmax>68</xmax>
      <ymax>208</ymax>
    </bndbox>
  </object>
  <object>
    <name>other ship</name>
    <pose>Unspecified</pose>
    <truncated>0</truncated>
    <Difficult>0</Difficult>
    <bndbox>
      <xmin>359</xmin>
      <ymin>184</ymin>
      <xmax>411</xmax>
      <ymax>208</ymax>
    </bndbox>
  </object>
  <object>
    <name>other ship</name>
    <pose>Unspecified</pose>
    <truncated>0</truncated>
    <Difficult>0</Difficult>
    <bndbox>
      <xmin>404</xmin>
      <ymin>179</ymin>
      <xmax>449</xmax>
      <ymax>211</ymax>
    </bndbox>
  </object>
  <object>
    <name>liner</name>
    <pose>Unspecified</pose>
    <truncated>0</truncated>
    <Difficult>0</Difficult>
    <bndbox>
      <xmin>45</xmin>
      <ymin>114</ymin>
      <xmax>290</xmax>
      <ymax>199</ymax>
    </bndbox>
  </object>
  <object>
    <name>island reef</name>
    <pose>Unspecified</pose>
    <truncated>1</truncated>
    <Difficult>0</Difficult>
    <bndbox>
      <xmin>109</xmin>
      <ymin>71</ymin>
      <xmax>520</xmax>
      <ymax>151</ymax>
    </bndbox>
  </object>
  <object>
    <name>island reef</name>
    <pose>Unspecified</pose>
    <truncated>0</truncated>
    <Difficult>0</Difficult>
    <bndbox>
      <xmin>3</xmin>
      <ymin>98</ymin>
      <xmax>107</xmax>
      <ymax>167</ymax>
    </bndbox>
  </object>
</annotation>