<annotation verified="no">
  <folder>ship</folder>
  <filename>00173</filename>
  <path>00173.jpg</path>
  <source>
    <database>Unknown</database>
  </source>
  <size>
    <width>500</width>
    <height>321</height>
    <depth>3</depth>
  </size>
  <segmented>0</segmented>
  <object>
    <name>bulk carrier</name>
    <pose>Unspecified</pose>
    <truncated>0</truncated>
    <Difficult>0</Difficult>
    <bndbox>
      <xmin>76</xmin>
      <ymin>18</ymin>
      <xmax>401</xmax>
      <ymax>280</ymax>
    </bndbox>
  </object>
</annotation>