<annotation verified="no">
  <folder>ship</folder>
  <filename>00172</filename>
  <path>00172.jpg</path>
  <source>
    <database>Unknown</database>
  </source>
  <size>
    <width>500</width>
    <height>383</height>
    <depth>3</depth>
  </size>
  <segmented>0</segmented>
  <object>
    <name>bulk carrier</name>
    <pose>Unspecified</pose>
    <truncated>1</truncated>
    <Difficult>0</Difficult>
    <bndbox>
      <xmin>1</xmin>
      <ymin>139</ymin>
      <xmax>500</xmax>
      <ymax>300</ymax>
    </bndbox>
  </object>
</annotation>