<annotation verified="no">
  <folder>ship</folder>
  <filename>00174</filename>
  <path>00174.jpg</path>
  <source>
    <database>Unknown</database>
  </source>
  <size>
    <width>400</width>
    <height>266</height>
    <depth>3</depth>
  </size>
  <segmented>0</segmented>
  <object>
    <name>bulk carrier</name>
    <pose>Unspecified</pose>
    <truncated>0</truncated>
    <Difficult>0</Difficult>
    <bndbox>
      <xmin>182</xmin>
      <ymin>23</ymin>
      <xmax>374</xmax>
      <ymax>204</ymax>
    </bndbox>
  </object>
</annotation>