<annotation verified="no">
  <folder>ship</folder>
  <filename>00179</filename>
  <path>00179.jpg</path>
  <source>
    <database>Unknown</database>
  </source>
  <size>
    <width>500</width>
    <height>333</height>
    <depth>3</depth>
  </size>
  <segmented>0</segmented>
  <object>
    <name>bulk carrier</name>
    <pose>Unspecified</pose>
    <truncated>0</truncated>
    <Difficult>0</Difficult>
    <bndbox>
      <xmin>285</xmin>
      <ymin>56</ymin>
      <xmax>422</xmax>
      <ymax>187</ymax>
    </bndbox>
  </object>
</annotation>