<annotation verified="no">
  <folder>ship</folder>
  <filename>00178</filename>
  <path>00178.jpg</path>
  <source>
    <database>Unknown</database>
  </source>
  <size>
    <width>500</width>
    <height>333</height>
    <depth>3</depth>
  </size>
  <segmented>0</segmented>
  <object>
    <name>other ship</name>
    <pose>Unspecified</pose>
    <truncated>0</truncated>
    <Difficult>0</Difficult>
    <bndbox>
      <xmin>230</xmin>
      <ymin>58</ymin>
      <xmax>493</xmax>
      <ymax>241</ymax>
    </bndbox>
  </object>
  <object>
    <name>bulk carrier</name>
    <pose>Unspecified</pose>
    <truncated>0</truncated>
    <Difficult>0</Difficult>
    <bndbox>
      <xmin>15</xmin>
      <ymin>105</ymin>
      <xmax>290</xmax>
      <ymax>200</ymax>
    </bndbox>
  </object>
</annotation>