<annotation verified="no">
  <folder>ship</folder>
  <filename>00171</filename>
  <path>00171.jpg</path>
  <source>
    <database>Unknown</database>
  </source>
  <size>
    <width>441</width>
    <height>300</height>
    <depth>3</depth>
  </size>
  <segmented>0</segmented>
  <object>
    <name>bulk carrier</name>
    <pose>Unspecified</pose>
    <truncated>1</truncated>
    <Difficult>0</Difficult>
    <bndbox>
      <xmin>7</xmin>
      <ymin>34</ymin>
      <xmax>434</xmax>
      <ymax>300</ymax>
    </bndbox>
  </object>
</annotation>