<annotation verified="no">
  <folder>ship</folder>
  <filename>00175</filename>
  <path>00175.jpg</path>
  <source>
    <database>Unknown</database>
  </source>
  <size>
    <width>499</width>
    <height>333</height>
    <depth>3</depth>
  </size>
  <segmented>0</segmented>
  <object>
    <name>sailboat</name>
    <pose>Unspecified</pose>
    <truncated>0</truncated>
    <Difficult>0</Difficult>
    <bndbox>
      <xmin>122</xmin>
      <ymin>29</ymin>
      <xmax>393</xmax>
      <ymax>300</ymax>
    </bndbox>
  </object>
  <object>
    <name>island reef</name>
    <pose>Unspecified</pose>
    <truncated>0</truncated>
    <Difficult>0</Difficult>
    <bndbox>
      <xmin>34</xmin>
      <ymin>62</ymin>
      <xmax>145</xmax>
      <ymax>121</ymax>
    </bndbox>
  </object>
  <object>
    <name>island reef</name>
    <pose>Unspecified</pose>
    <truncated>0</truncated>
    <Difficult>0</Difficult>
    <bndbox>
      <xmin>258</xmin>
      <ymin>87</ymin>
      <xmax>319</xmax>
      <ymax>113</ymax>
    </bndbox>
  </object>
  <object>
    <name>island reef</name>
    <pose>Unspecified</pose>
    <truncated>1</truncated>
    <Difficult>0</Difficult>
    <bndbox>
      <xmin>329</xmin>
      <ymin>92</ymin>
      <xmax>499</xmax>
      <ymax>113</ymax>
    </bndbox>
  </object>
  <object>
    <name>island reef</name>
    <pose>Unspecified</pose>
    <truncated>0</truncated>
    <Difficult>0</Difficult>
    <bndbox>
      <xmin>136</xmin>
      <ymin>100</ymin>
      <xmax>206</xmax>
      <ymax>111</ymax>
    </bndbox>
  </object>
  <object>
    <name>island reef</name>
    <pose>Unspecified</pose>
    <truncated>0</truncated>
    <Difficult>0</Difficult>
    <bndbox>
      <xmin>212</xmin>
      <ymin>102</ymin>
      <xmax>246</xmax>
      <ymax>113</ymax>
    </bndbox>
  </object>
  <object>
    <name>island reef</name>
    <pose>Unspecified</pose>
    <truncated>1</truncated>
    <Difficult>0</Difficult>
    <bndbox>
      <xmin>1</xmin>
      <ymin>100</ymin>
      <xmax>41</xmax>
      <ymax>109</ymax>
    </bndbox>
  </object>
</annotation>