<annotation verified="no">
  <folder>ship</folder>
  <filename>00186</filename>
  <path>00186.jpg</path>
  <source>
    <database>Unknown</database>
  </source>
  <size>
    <width>500</width>
    <height>374</height>
    <depth>3</depth>
  </size>
  <segmented>0</segmented>
  <object>
    <name>other ship</name>
    <pose>Unspecified</pose>
    <truncated>1</truncated>
    <Difficult>0</Difficult>
    <bndbox>
      <xmin>1</xmin>
      <ymin>18</ymin>
      <xmax>498</xmax>
      <ymax>329</ymax>
    </bndbox>
  </object>
</annotation>