<annotation verified="no">
  <folder>ship</folder>
  <filename>00188</filename>
  <path>00188.jpg</path>
  <source>
    <database>Unknown</database>
  </source>
  <size>
    <width>500</width>
    <height>341</height>
    <depth>3</depth>
  </size>
  <segmented>0</segmented>
  <object>
    <name>bulk carrier</name>
    <pose>Unspecified</pose>
    <truncated>0</truncated>
    <Difficult>0</Difficult>
    <bndbox>
      <xmin>9</xmin>
      <ymin>86</ymin>
      <xmax>498</xmax>
      <ymax>209</ymax>
    </bndbox>
  </object>
  <object>
    <name>island reef</name>
    <pose>Unspecified</pose>
    <truncated>1</truncated>
    <Difficult>0</Difficult>
    <bndbox>
      <xmin>1</xmin>
      <ymin>125</ymin>
      <xmax>40</xmax>
      <ymax>158</ymax>
    </bndbox>
  </object>
  <object>
    <name>island reef</name>
    <pose>Unspecified</pose>
    <truncated>0</truncated>
    <Difficult>0</Difficult>
    <bndbox>
      <xmin>275</xmin>
      <ymin>129</ymin>
      <xmax>499</xmax>
      <ymax>148</ymax>
    </bndbox>
  </object>
  <object>
    <name>island reef</name>
    <pose>Unspecified</pose>
    <truncated>0</truncated>
    <Difficult>0</Difficult>
    <bndbox>
      <xmin>234</xmin>
      <ymin>127</ymin>
      <xmax>263</xmax>
      <ymax>148</ymax>
    </bndbox>
  </object>
</annotation>