<annotation verified="no">
  <folder>ship</folder>
  <filename>00183</filename>
  <path>00183.jpg</path>
  <source>
    <database>Unknown</database>
  </source>
  <size>
    <width>500</width>
    <height>358</height>
    <depth>3</depth>
  </size>
  <segmented>0</segmented>
  <object>
    <name>bulk carrier</name>
    <pose>Unspecified</pose>
    <truncated>1</truncated>
    <Difficult>0</Difficult>
    <bndbox>
      <xmin>1</xmin>
      <ymin>1</ymin>
      <xmax>496</xmax>
      <ymax>312</ymax>
    </bndbox>
  </object>
</annotation>