<annotation verified="no">
  <folder>ship</folder>
  <filename>00189</filename>
  <path>00189.jpg</path>
  <source>
    <database>Unknown</database>
  </source>
  <size>
    <width>406</width>
    <height>250</height>
    <depth>3</depth>
  </size>
  <segmented>0</segmented>
  <object>
    <name>other ship</name>
    <pose>Unspecified</pose>
    <truncated>0</truncated>
    <Difficult>0</Difficult>
    <bndbox>
      <xmin>132</xmin>
      <ymin>166</ymin>
      <xmax>230</xmax>
      <ymax>218</ymax>
    </bndbox>
  </object>
  <object>
    <name>bulk carrier</name>
    <pose>Unspecified</pose>
    <truncated>0</truncated>
    <Difficult>0</Difficult>
    <bndbox>
      <xmin>30</xmin>
      <ymin>33</ymin>
      <xmax>395</xmax>
      <ymax>231</ymax>
    </bndbox>
  </object>
</annotation>