<annotation verified="no">
  <folder>ship</folder>
  <filename>00180</filename>
  <path>00180.jpg</path>
  <source>
    <database>Unknown</database>
  </source>
  <size>
    <width>448</width>
    <height>299</height>
    <depth>3</depth>
  </size>
  <segmented>0</segmented>
  <object>
    <name>bulk carrier</name>
    <pose>Unspecified</pose>
    <truncated>0</truncated>
    <Difficult>0</Difficult>
    <bndbox>
      <xmin>34</xmin>
      <ymin>31</ymin>
      <xmax>398</xmax>
      <ymax>294</ymax>
    </bndbox>
  </object>
</annotation>