<annotation verified="no">
  <folder>ship</folder>
  <filename>00187</filename>
  <path>00187.jpg</path>
  <source>
    <database>Unknown</database>
  </source>
  <size>
    <width>450</width>
    <height>318</height>
    <depth>3</depth>
  </size>
  <segmented>0</segmented>
  <object>
    <name>bulk carrier</name>
    <pose>Unspecified</pose>
    <truncated>0</truncated>
    <Difficult>0</Difficult>
    <bndbox>
      <xmin>196</xmin>
      <ymin>105</ymin>
      <xmax>344</xmax>
      <ymax>222</ymax>
    </bndbox>
  </object>
</annotation>