<annotation verified="no">
  <folder>ship</folder>
  <filename>00182</filename>
  <path>00182.jpg</path>
  <source>
    <database>Unknown</database>
  </source>
  <size>
    <width>500</width>
    <height>308</height>
    <depth>3</depth>
  </size>
  <segmented>0</segmented>
  <object>
    <name>bulk carrier</name>
    <pose>Unspecified</pose>
    <truncated>0</truncated>
    <Difficult>0</Difficult>
    <bndbox>
      <xmin>38</xmin>
      <ymin>73</ymin>
      <xmax>436</xmax>
      <ymax>251</ymax>
    </bndbox>
  </object>
</annotation>