<annotation verified="no">
  <folder>ship</folder>
  <filename>00185</filename>
  <path>00185.jpg</path>
  <source>
    <database>Unknown</database>
  </source>
  <size>
    <width>1024</width>
    <height>683</height>
    <depth>3</depth>
  </size>
  <segmented>0</segmented>
  <object>
    <name>other ship</name>
    <pose>Unspecified</pose>
    <truncated>0</truncated>
    <Difficult>0</Difficult>
    <bndbox>
      <xmin>192</xmin>
      <ymin>309</ymin>
      <xmax>726</xmax>
      <ymax>464</ymax>
    </bndbox>
  </object>
  <object>
    <name>island reef</name>
    <pose>Unspecified</pose>
    <truncated>1</truncated>
    <Difficult>0</Difficult>
    <bndbox>
      <xmin>1</xmin>
      <ymin>218</ymin>
      <xmax>1023</xmax>
      <ymax>352</ymax>
    </bndbox>
  </object>
  <object>
    <name>other ship</name>
    <pose>Unspecified</pose>
    <truncated>0</truncated>
    <Difficult>0</Difficult>
    <bndbox>
      <xmin>410</xmin>
      <ymin>315</ymin>
      <xmax>701</xmax>
      <ymax>399</ymax>
    </bndbox>
  </object>
</annotation>