<annotation verified="no">
  <folder>ship</folder>
  <filename>00196</filename>
  <path>00196.jpg</path>
  <source>
    <database>Unknown</database>
  </source>
  <size>
    <width>500</width>
    <height>333</height>
    <depth>3</depth>
  </size>
  <segmented>0</segmented>
  <object>
    <name>bulk carrier</name>
    <pose>Unspecified</pose>
    <truncated>0</truncated>
    <Difficult>0</Difficult>
    <bndbox>
      <xmin>207</xmin>
      <ymin>205</ymin>
      <xmax>330</xmax>
      <ymax>284</ymax>
    </bndbox>
  </object>
  <object>
    <name>island reef</name>
    <pose>Unspecified</pose>
    <truncated>1</truncated>
    <Difficult>0</Difficult>
    <bndbox>
      <xmin>1</xmin>
      <ymin>1</ymin>
      <xmax>499</xmax>
      <ymax>224</ymax>
    </bndbox>
  </object>
</annotation>