<annotation verified="no">
  <folder>ship</folder>
  <filename>00191</filename>
  <path>00191.jpg</path>
  <source>
    <database>Unknown</database>
  </source>
  <size>
    <width>534</width>
    <height>300</height>
    <depth>3</depth>
  </size>
  <segmented>0</segmented>
  <object>
    <name>other ship</name>
    <pose>Unspecified</pose>
    <truncated>1</truncated>
    <Difficult>0</Difficult>
    <bndbox>
      <xmin>3</xmin>
      <ymin>38</ymin>
      <xmax>534</xmax>
      <ymax>215</ymax>
    </bndbox>
  </object>
</annotation>