<annotation verified="no">
  <folder>ship</folder>
  <filename>00195</filename>
  <path>00195.jpg</path>
  <source>
    <database>Unknown</database>
  </source>
  <size>
    <width>1024</width>
    <height>680</height>
    <depth>3</depth>
  </size>
  <segmented>0</segmented>
  <object>
    <name>other ship</name>
    <pose>Unspecified</pose>
    <truncated>0</truncated>
    <Difficult>0</Difficult>
    <bndbox>
      <xmin>503</xmin>
      <ymin>319</ymin>
      <xmax>799</xmax>
      <ymax>492</ymax>
    </bndbox>
  </object>
  <object>
    <name>island reef</name>
    <pose>Unspecified</pose>
    <truncated>1</truncated>
    <Difficult>0</Difficult>
    <bndbox>
      <xmin>1</xmin>
      <ymin>239</ymin>
      <xmax>1024</xmax>
      <ymax>328</ymax>
    </bndbox>
  </object>
  <object>
    <name>other ship</name>
    <pose>Unspecified</pose>
    <truncated>0</truncated>
    <Difficult>0</Difficult>
    <bndbox>
      <xmin>818</xmin>
      <ymin>323</ymin>
      <xmax>850</xmax>
      <ymax>347</ymax>
    </bndbox>
  </object>
</annotation>