<annotation verified="no">
  <folder>ship</folder>
  <filename>00192</filename>
  <path>00192.jpg</path>
  <source>
    <database>Unknown</database>
  </source>
  <size>
    <width>292</width>
    <height>219</height>
    <depth>3</depth>
  </size>
  <segmented>0</segmented>
  <object>
    <name>bulk carrier</name>
    <pose>Unspecified</pose>
    <truncated>1</truncated>
    <Difficult>0</Difficult>
    <bndbox>
      <xmin>1</xmin>
      <ymin>138</ymin>
      <xmax>283</xmax>
      <ymax>205</ymax>
    </bndbox>
  </object>
</annotation>