<annotation verified="no">
  <folder>ship</folder>
  <filename>00197</filename>
  <path>00197.jpg</path>
  <source>
    <database>Unknown</database>
  </source>
  <size>
    <width>400</width>
    <height>240</height>
    <depth>3</depth>
  </size>
  <segmented>0</segmented>
  <object>
    <name>bulk carrier</name>
    <pose>Unspecified</pose>
    <truncated>0</truncated>
    <Difficult>0</Difficult>
    <bndbox>
      <xmin>10</xmin>
      <ymin>53</ymin>
      <xmax>385</xmax>
      <ymax>181</ymax>
    </bndbox>
  </object>
</annotation>