<annotation verified="no">
  <folder>ship</folder>
  <filename>00194</filename>
  <path>00194.jpg</path>
  <source>
    <database>Unknown</database>
  </source>
  <size>
    <width>853</width>
    <height>640</height>
    <depth>3</depth>
  </size>
  <segmented>0</segmented>
  <object>
    <name>other ship</name>
    <pose>Unspecified</pose>
    <truncated>0</truncated>
    <Difficult>0</Difficult>
    <bndbox>
      <xmin>151</xmin>
      <ymin>202</ymin>
      <xmax>244</xmax>
      <ymax>239</ymax>
    </bndbox>
  </object>
  <object>
    <name>other ship</name>
    <pose>Unspecified</pose>
    <truncated>0</truncated>
    <Difficult>0</Difficult>
    <bndbox>
      <xmin>368</xmin>
      <ymin>260</ymin>
      <xmax>559</xmax>
      <ymax>348</ymax>
    </bndbox>
  </object>
  <object>
    <name>island reef</name>
    <pose>Unspecified</pose>
    <truncated>1</truncated>
    <Difficult>0</Difficult>
    <bndbox>
      <xmin>1</xmin>
      <ymin>150</ymin>
      <xmax>458</xmax>
      <ymax>214</ymax>
    </bndbox>
  </object>
  <object>
    <name>island reef</name>
    <pose>Unspecified</pose>
    <truncated>1</truncated>
    <Difficult>0</Difficult>
    <bndbox>
      <xmin>465</xmin>
      <ymin>138</ymin>
      <xmax>853</xmax>
      <ymax>224</ymax>
    </bndbox>
  </object>
</annotation>