<annotation verified="no">
  <folder>ship</folder>
  <filename>00193</filename>
  <path>00193.jpg</path>
  <source>
    <database>Unknown</database>
  </source>
  <size>
    <width>500</width>
    <height>334</height>
    <depth>3</depth>
  </size>
  <segmented>0</segmented>
  <object>
    <name>bulk carrier</name>
    <pose>Unspecified</pose>
    <truncated>0</truncated>
    <Difficult>0</Difficult>
    <bndbox>
      <xmin>8</xmin>
      <ymin>22</ymin>
      <xmax>335</xmax>
      <ymax>277</ymax>
    </bndbox>
  </object>
</annotation>