<annotation verified="no">
  <folder>ship</folder>
  <filename>00198</filename>
  <path>00198.jpg</path>
  <source>
    <database>Unknown</database>
  </source>
  <size>
    <width>500</width>
    <height>301</height>
    <depth>3</depth>
  </size>
  <segmented>0</segmented>
  <object>
    <name>bulk carrier</name>
    <pose>Unspecified</pose>
    <truncated>0</truncated>
    <Difficult>0</Difficult>
    <bndbox>
      <xmin>40</xmin>
      <ymin>12</ymin>
      <xmax>456</xmax>
      <ymax>272</ymax>
    </bndbox>
  </object>
</annotation>