<annotation verified="no">
  <folder>ship</folder>
  <filename>00204</filename>
  <path>00204.jpg</path>
  <source>
    <database>Unknown</database>
  </source>
  <size>
    <width>448</width>
    <height>272</height>
    <depth>3</depth>
  </size>
  <segmented>0</segmented>
  <object>
    <name>bulk carrier</name>
    <pose>Unspecified</pose>
    <truncated>0</truncated>
    <Difficult>0</Difficult>
    <bndbox>
      <xmin>138</xmin>
      <ymin>33</ymin>
      <xmax>270</xmax>
      <ymax>255</ymax>
    </bndbox>
  </object>
</annotation>