<annotation verified="no">
  <folder>ship</folder>
  <filename>00202</filename>
  <path>00202.jpg</path>
  <source>
    <database>Unknown</database>
  </source>
  <size>
    <width>1024</width>
    <height>557</height>
    <depth>3</depth>
  </size>
  <segmented>0</segmented>
  <object>
    <name>other ship</name>
    <pose>Unspecified</pose>
    <truncated>0</truncated>
    <Difficult>0</Difficult>
    <bndbox>
      <xmin>574</xmin>
      <ymin>269</ymin>
      <xmax>729</xmax>
      <ymax>378</ymax>
    </bndbox>
  </object>
  <object>
    <name>other ship</name>
    <pose>Unspecified</pose>
    <truncated>0</truncated>
    <Difficult>0</Difficult>
    <bndbox>
      <xmin>751</xmin>
      <ymin>260</ymin>
      <xmax>874</xmax>
      <ymax>345</ymax>
    </bndbox>
  </object>
  <object>
    <name>other ship</name>
    <pose>Unspecified</pose>
    <truncated>0</truncated>
    <Difficult>0</Difficult>
    <bndbox>
      <xmin>464</xmin>
      <ymin>266</ymin>
      <xmax>569</xmax>
      <ymax>334</ymax>
    </bndbox>
  </object>
  <object>
    <name>other ship</name>
    <pose>Unspecified</pose>
    <truncated>0</truncated>
    <Difficult>0</Difficult>
    <bndbox>
      <xmin>272</xmin>
      <ymin>262</ymin>
      <xmax>355</xmax>
      <ymax>325</ymax>
    </bndbox>
  </object>
  <object>
    <name>other ship</name>
    <pose>Unspecified</pose>
    <truncated>0</truncated>
    <Difficult>0</Difficult>
    <bndbox>
      <xmin>161</xmin>
      <ymin>258</ymin>
      <xmax>280</xmax>
      <ymax>343</ymax>
    </bndbox>
  </object>
  <object>
    <name>other ship</name>
    <pose>Unspecified</pose>
    <truncated>0</truncated>
    <Difficult>0</Difficult>
    <bndbox>
      <xmin>115</xmin>
      <ymin>259</ymin>
      <xmax>202</xmax>
      <ymax>317</ymax>
    </bndbox>
  </object>
  <object>
    <name>island reef</name>
    <pose>Unspecified</pose>
    <truncated>0</truncated>
    <Difficult>0</Difficult>
    <bndbox>
      <xmin>8</xmin>
      <ymin>2</ymin>
      <xmax>1019</xmax>
      <ymax>268</ymax>
    </bndbox>
  </object>
</annotation>