<annotation verified="no">
  <folder>ship</folder>
  <filename>00205</filename>
  <path>00205.jpg</path>
  <source>
    <database>Unknown</database>
  </source>
  <size>
    <width>500</width>
    <height>333</height>
    <depth>3</depth>
  </size>
  <segmented>0</segmented>
  <object>
    <name>bulk carrier</name>
    <pose>Unspecified</pose>
    <truncated>0</truncated>
    <Difficult>0</Difficult>
    <bndbox>
      <xmin>120</xmin>
      <ymin>43</ymin>
      <xmax>284</xmax>
      <ymax>181</ymax>
    </bndbox>
  </object>
</annotation>