<annotation verified="no">
  <folder>ship</folder>
  <filename>00209</filename>
  <path>00209.jpg</path>
  <source>
    <database>Unknown</database>
  </source>
  <size>
    <width>640</width>
    <height>480</height>
    <depth>3</depth>
  </size>
  <segmented>0</segmented>
  <object>
    <name>bulk carrier</name>
    <pose>Unspecified</pose>
    <truncated>0</truncated>
    <Difficult>0</Difficult>
    <bndbox>
      <xmin>116</xmin>
      <ymin>160</ymin>
      <xmax>339</xmax>
      <ymax>262</ymax>
    </bndbox>
  </object>
</annotation>