<annotation verified="no">
  <folder>ship</folder>
  <filename>00206</filename>
  <path>00206.jpg</path>
  <source>
    <database>Unknown</database>
  </source>
  <size>
    <width>300</width>
    <height>450</height>
    <depth>3</depth>
  </size>
  <segmented>0</segmented>
  <object>
    <name>island reef</name>
    <pose>Unspecified</pose>
    <truncated>1</truncated>
    <Difficult>0</Difficult>
    <bndbox>
      <xmin>1</xmin>
      <ymin>282</ymin>
      <xmax>71</xmax>
      <ymax>295</ymax>
    </bndbox>
  </object>
  <object>
    <name>other ship</name>
    <pose>Unspecified</pose>
    <truncated>0</truncated>
    <Difficult>0</Difficult>
    <bndbox>
      <xmin>70</xmin>
      <ymin>82</ymin>
      <xmax>225</xmax>
      <ymax>346</ymax>
    </bndbox>
  </object>
</annotation>