<annotation verified="no">
  <folder>ship</folder>
  <filename>00207</filename>
  <path>00207.jpg</path>
  <source>
    <database>Unknown</database>
  </source>
  <size>
    <width>500</width>
    <height>333</height>
    <depth>3</depth>
  </size>
  <segmented>0</segmented>
  <object>
    <name>other ship</name>
    <pose>Unspecified</pose>
    <truncated>0</truncated>
    <Difficult>0</Difficult>
    <bndbox>
      <xmin>167</xmin>
      <ymin>104</ymin>
      <xmax>499</xmax>
      <ymax>241</ymax>
    </bndbox>
  </object>
</annotation>