<annotation verified="no">
  <folder>ship</folder>
  <filename>00200</filename>
  <path>00200.jpg</path>
  <source>
    <database>Unknown</database>
  </source>
  <size>
    <width>500</width>
    <height>296</height>
    <depth>3</depth>
  </size>
  <segmented>0</segmented>
  <object>
    <name>bulk carrier</name>
    <pose>Unspecified</pose>
    <truncated>0</truncated>
    <Difficult>0</Difficult>
    <bndbox>
      <xmin>97</xmin>
      <ymin>50</ymin>
      <xmax>453</xmax>
      <ymax>237</ymax>
    </bndbox>
  </object>
  <object>
    <name>island reef</name>
    <pose>Unspecified</pose>
    <truncated>0</truncated>
    <Difficult>0</Difficult>
    <bndbox>
      <xmin>101</xmin>
      <ymin>35</ymin>
      <xmax>186</xmax>
      <ymax>49</ymax>
    </bndbox>
  </object>
  <object>
    <name>island reef</name>
    <pose>Unspecified</pose>
    <truncated>1</truncated>
    <Difficult>0</Difficult>
    <bndbox>
      <xmin>1</xmin>
      <ymin>24</ymin>
      <xmax>87</xmax>
      <ymax>50</ymax>
    </bndbox>
  </object>
  <object>
    <name>island reef</name>
    <pose>Unspecified</pose>
    <truncated>1</truncated>
    <Difficult>0</Difficult>
    <bndbox>
      <xmin>192</xmin>
      <ymin>38</ymin>
      <xmax>500</xmax>
      <ymax>47</ymax>
    </bndbox>
  </object>
</annotation>