<annotation verified="no">
  <folder>ship</folder>
  <filename>00214</filename>
  <path>00214.jpg</path>
  <source>
    <database>Unknown</database>
  </source>
  <size>
    <width>500</width>
    <height>321</height>
    <depth>3</depth>
  </size>
  <segmented>0</segmented>
  <object>
    <name>bulk carrier</name>
    <pose>Unspecified</pose>
    <truncated>0</truncated>
    <Difficult>0</Difficult>
    <bndbox>
      <xmin>74</xmin>
      <ymin>58</ymin>
      <xmax>498</xmax>
      <ymax>264</ymax>
    </bndbox>
  </object>
</annotation>