<annotation verified="no">
  <folder>ship</folder>
  <filename>00218</filename>
  <path>00218.jpg</path>
  <source>
    <database>Unknown</database>
  </source>
  <size>
    <width>665</width>
    <height>417</height>
    <depth>3</depth>
  </size>
  <segmented>0</segmented>
  <object>
    <name>other ship</name>
    <pose>Unspecified</pose>
    <truncated>0</truncated>
    <Difficult>0</Difficult>
    <bndbox>
      <xmin>82</xmin>
      <ymin>256</ymin>
      <xmax>210</xmax>
      <ymax>319</ymax>
    </bndbox>
  </object>
</annotation>