<annotation verified="no">
  <folder>ship</folder>
  <filename>00210</filename>
  <path>00210.jpg</path>
  <source>
    <database>Unknown</database>
  </source>
  <size>
    <width>500</width>
    <height>333</height>
    <depth>3</depth>
  </size>
  <segmented>0</segmented>
  <object>
    <name>bulk carrier</name>
    <pose>Unspecified</pose>
    <truncated>0</truncated>
    <Difficult>0</Difficult>
    <bndbox>
      <xmin>141</xmin>
      <ymin>60</ymin>
      <xmax>449</xmax>
      <ymax>251</ymax>
    </bndbox>
  </object>
  <object>
    <name>bulk carrier</name>
    <pose>Unspecified</pose>
    <truncated>0</truncated>
    <Difficult>0</Difficult>
    <bndbox>
      <xmin>2</xmin>
      <ymin>113</ymin>
      <xmax>136</xmax>
      <ymax>238</ymax>
    </bndbox>
  </object>
</annotation>