<annotation verified="no">
  <folder>ship</folder>
  <filename>00217</filename>
  <path>00217.jpg</path>
  <source>
    <database>Unknown</database>
  </source>
  <size>
    <width>500</width>
    <height>332</height>
    <depth>3</depth>
  </size>
  <segmented>0</segmented>
  <object>
    <name>bulk carrier</name>
    <pose>Unspecified</pose>
    <truncated>0</truncated>
    <Difficult>0</Difficult>
    <bndbox>
      <xmin>32</xmin>
      <ymin>102</ymin>
      <xmax>475</xmax>
      <ymax>177</ymax>
    </bndbox>
  </object>
  <object>
    <name>island reef</name>
    <pose>Unspecified</pose>
    <truncated>0</truncated>
    <Difficult>0</Difficult>
    <bndbox>
      <xmin>380</xmin>
      <ymin>93</ymin>
      <xmax>431</xmax>
      <ymax>113</ymax>
    </bndbox>
  </object>
  <object>
    <name>island reef</name>
    <pose>Unspecified</pose>
    <truncated>0</truncated>
    <Difficult>0</Difficult>
    <bndbox>
      <xmin>460</xmin>
      <ymin>101</ymin>
      <xmax>497</xmax>
      <ymax>124</ymax>
    </bndbox>
  </object>
  <object>
    <name>other ship</name>
    <pose>Unspecified</pose>
    <truncated>1</truncated>
    <Difficult>0</Difficult>
    <bndbox>
      <xmin>1</xmin>
      <ymin>138</ymin>
      <xmax>35</xmax>
      <ymax>171</ymax>
    </bndbox>
  </object>
  <object>
    <name>other ship</name>
    <pose>Unspecified</pose>
    <truncated>1</truncated>
    <Difficult>0</Difficult>
    <bndbox>
      <xmin>472</xmin>
      <ymin>140</ymin>
      <xmax>500</xmax>
      <ymax>172</ymax>
    </bndbox>
  </object>
</annotation>