<annotation verified="no">
  <folder>ship</folder>
  <filename>00213</filename>
  <path>00213.jpg</path>
  <source>
    <database>Unknown</database>
  </source>
  <size>
    <width>448</width>
    <height>281</height>
    <depth>3</depth>
  </size>
  <segmented>0</segmented>
  <object>
    <name>bulk carrier</name>
    <pose>Unspecified</pose>
    <truncated>0</truncated>
    <Difficult>0</Difficult>
    <bndbox>
      <xmin>69</xmin>
      <ymin>5</ymin>
      <xmax>345</xmax>
      <ymax>260</ymax>
    </bndbox>
  </object>
</annotation>