<annotation verified="no">
  <folder>ship</folder>
  <filename>00215</filename>
  <path>00215.jpg</path>
  <source>
    <database>Unknown</database>
  </source>
  <size>
    <width>300</width>
    <height>225</height>
    <depth>3</depth>
  </size>
  <segmented>0</segmented>
  <object>
    <name>bulk carrier</name>
    <pose>Unspecified</pose>
    <truncated>0</truncated>
    <Difficult>0</Difficult>
    <bndbox>
      <xmin>2</xmin>
      <ymin>2</ymin>
      <xmax>294</xmax>
      <ymax>209</ymax>
    </bndbox>
  </object>
</annotation>