<annotation verified="no">
  <folder>ship</folder>
  <filename>00211</filename>
  <path>00211.jpg</path>
  <source>
    <database>Unknown</database>
  </source>
  <size>
    <width>500</width>
    <height>319</height>
    <depth>3</depth>
  </size>
  <segmented>0</segmented>
  <object>
    <name>bulk carrier</name>
    <pose>Unspecified</pose>
    <truncated>0</truncated>
    <Difficult>0</Difficult>
    <bndbox>
      <xmin>61</xmin>
      <ymin>64</ymin>
      <xmax>425</xmax>
      <ymax>292</ymax>
    </bndbox>
  </object>
</annotation>