<annotation verified="no">
  <folder>ship</folder>
  <filename>00219</filename>
  <path>00219.jpg</path>
  <source>
    <database>Unknown</database>
  </source>
  <size>
    <width>683</width>
    <height>1024</height>
    <depth>3</depth>
  </size>
  <segmented>0</segmented>
  <object>
    <name>other ship</name>
    <pose>Unspecified</pose>
    <truncated>0</truncated>
    <Difficult>0</Difficult>
    <bndbox>
      <xmin>314</xmin>
      <ymin>481</ymin>
      <xmax>408</xmax>
      <ymax>599</ymax>
    </bndbox>
  </object>
  <object>
    <name>island reef</name>
    <pose>Unspecified</pose>
    <truncated>0</truncated>
    <Difficult>0</Difficult>
    <bndbox>
      <xmin>2</xmin>
      <ymin>346</ymin>
      <xmax>416</xmax>
      <ymax>478</ymax>
    </bndbox>
  </object>
  <object>
    <name>island reef</name>
    <pose>Unspecified</pose>
    <truncated>0</truncated>
    <Difficult>0</Difficult>
    <bndbox>
      <xmin>429</xmin>
      <ymin>592</ymin>
      <xmax>675</xmax>
      <ymax>982</ymax>
    </bndbox>
  </object>
</annotation>