<annotation verified="no">
  <folder>ship</folder>
  <filename>00216</filename>
  <path>00216.jpg</path>
  <source>
    <database>Unknown</database>
  </source>
  <size>
    <width>500</width>
    <height>369</height>
    <depth>3</depth>
  </size>
  <segmented>0</segmented>
  <object>
    <name>other ship</name>
    <pose>Unspecified</pose>
    <truncated>0</truncated>
    <Difficult>0</Difficult>
    <bndbox>
      <xmin>116</xmin>
      <ymin>104</ymin>
      <xmax>389</xmax>
      <ymax>233</ymax>
    </bndbox>
  </object>
  <object>
    <name>island reef</name>
    <pose>Unspecified</pose>
    <truncated>1</truncated>
    <Difficult>0</Difficult>
    <bndbox>
      <xmin>380</xmin>
      <ymin>172</ymin>
      <xmax>500</xmax>
      <ymax>217</ymax>
    </bndbox>
  </object>
  <object>
    <name>island reef</name>
    <pose>Unspecified</pose>
    <truncated>1</truncated>
    <Difficult>0</Difficult>
    <bndbox>
      <xmin>1</xmin>
      <ymin>162</ymin>
      <xmax>124</xmax>
      <ymax>210</ymax>
    </bndbox>
  </object>
</annotation>