<annotation verified="no">
  <folder>ship</folder>
  <filename>00222</filename>
  <path>00222.jpg</path>
  <source>
    <database>Unknown</database>
  </source>
  <size>
    <width>369</width>
    <height>238</height>
    <depth>3</depth>
  </size>
  <segmented>0</segmented>
  <object>
    <name>bulk carrier</name>
    <pose>Unspecified</pose>
    <truncated>0</truncated>
    <Difficult>0</Difficult>
    <bndbox>
      <xmin>83</xmin>
      <ymin>122</ymin>
      <xmax>367</xmax>
      <ymax>195</ymax>
    </bndbox>
  </object>
</annotation>