<annotation verified="no">
  <folder>ship</folder>
  <filename>00227</filename>
  <path>00227.jpg</path>
  <source>
    <database>Unknown</database>
  </source>
  <size>
    <width>550</width>
    <height>298</height>
    <depth>3</depth>
  </size>
  <segmented>0</segmented>
  <object>
    <name>other ship</name>
    <pose>Unspecified</pose>
    <truncated>0</truncated>
    <Difficult>0</Difficult>
    <bndbox>
      <xmin>23</xmin>
      <ymin>118</ymin>
      <xmax>148</xmax>
      <ymax>221</ymax>
    </bndbox>
  </object>
  <object>
    <name>other ship</name>
    <pose>Unspecified</pose>
    <truncated>1</truncated>
    <Difficult>0</Difficult>
    <bndbox>
      <xmin>254</xmin>
      <ymin>1</ymin>
      <xmax>426</xmax>
      <ymax>201</ymax>
    </bndbox>
  </object>
</annotation>