<annotation verified="no">
  <folder>ship</folder>
  <filename>00224</filename>
  <path>00224.jpg</path>
  <source>
    <database>Unknown</database>
  </source>
  <size>
    <width>1024</width>
    <height>680</height>
    <depth>3</depth>
  </size>
  <segmented>0</segmented>
  <object>
    <name>other ship</name>
    <pose>Unspecified</pose>
    <truncated>0</truncated>
    <Difficult>0</Difficult>
    <bndbox>
      <xmin>410</xmin>
      <ymin>268</ymin>
      <xmax>628</xmax>
      <ymax>386</ymax>
    </bndbox>
  </object>
  <object>
    <name>other ship</name>
    <pose>Unspecified</pose>
    <truncated>0</truncated>
    <Difficult>0</Difficult>
    <bndbox>
      <xmin>242</xmin>
      <ymin>209</ymin>
      <xmax>356</xmax>
      <ymax>345</ymax>
    </bndbox>
  </object>
</annotation>