<annotation verified="no">
  <folder>ship</folder>
  <filename>00225</filename>
  <path>00225.jpg</path>
  <source>
    <database>Unknown</database>
  </source>
  <size>
    <width>506</width>
    <height>300</height>
    <depth>3</depth>
  </size>
  <segmented>0</segmented>
  <object>
    <name>bulk carrier</name>
    <pose>Unspecified</pose>
    <truncated>0</truncated>
    <Difficult>0</Difficult>
    <bndbox>
      <xmin>163</xmin>
      <ymin>41</ymin>
      <xmax>382</xmax>
      <ymax>290</ymax>
    </bndbox>
  </object>
</annotation>