<annotation verified="no">
  <folder>ship</folder>
  <filename>00228</filename>
  <path>00228.jpg</path>
  <source>
    <database>Unknown</database>
  </source>
  <size>
    <width>499</width>
    <height>333</height>
    <depth>3</depth>
  </size>
  <segmented>0</segmented>
  <object>
    <name>bulk carrier</name>
    <pose>Unspecified</pose>
    <truncated>0</truncated>
    <Difficult>0</Difficult>
    <bndbox>
      <xmin>70</xmin>
      <ymin>201</ymin>
      <xmax>234</xmax>
      <ymax>280</ymax>
    </bndbox>
  </object>
  <object>
    <name>other ship</name>
    <pose>Unspecified</pose>
    <truncated>0</truncated>
    <Difficult>0</Difficult>
    <bndbox>
      <xmin>449</xmin>
      <ymin>78</ymin>
      <xmax>480</xmax>
      <ymax>96</ymax>
    </bndbox>
  </object>
</annotation>