<annotation verified="no">
  <folder>ship</folder>
  <filename>00229</filename>
  <path>00229.jpg</path>
  <source>
    <database>Unknown</database>
  </source>
  <size>
    <width>1024</width>
    <height>768</height>
    <depth>3</depth>
  </size>
  <segmented>0</segmented>
  <object>
    <name>other ship</name>
    <pose>Unspecified</pose>
    <truncated>0</truncated>
    <Difficult>0</Difficult>
    <bndbox>
      <xmin>49</xmin>
      <ymin>135</ymin>
      <xmax>938</xmax>
      <ymax>657</ymax>
    </bndbox>
  </object>
  <object>
    <name>island reef</name>
    <pose>Unspecified</pose>
    <truncated>0</truncated>
    <Difficult>0</Difficult>
    <bndbox>
      <xmin>634</xmin>
      <ymin>10</ymin>
      <xmax>1013</xmax>
      <ymax>301</ymax>
    </bndbox>
  </object>
  <object>
    <name>island reef</name>
    <pose>Unspecified</pose>
    <truncated>1</truncated>
    <Difficult>0</Difficult>
    <bndbox>
      <xmin>1</xmin>
      <ymin>1</ymin>
      <xmax>349</xmax>
      <ymax>282</ymax>
    </bndbox>
  </object>
</annotation>