<annotation verified="no">
  <folder>ship</folder>
  <filename>00226</filename>
  <path>00226.jpg</path>
  <source>
    <database>Unknown</database>
  </source>
  <size>
    <width>500</width>
    <height>374</height>
    <depth>3</depth>
  </size>
  <segmented>0</segmented>
  <object>
    <name>bulk carrier</name>
    <pose>Unspecified</pose>
    <truncated>0</truncated>
    <Difficult>0</Difficult>
    <bndbox>
      <xmin>88</xmin>
      <ymin>2</ymin>
      <xmax>388</xmax>
      <ymax>357</ymax>
    </bndbox>
  </object>
</annotation>