<annotation verified="no">
  <folder>ship</folder>
  <filename>00236</filename>
  <path>00236.jpg</path>
  <source>
    <database>Unknown</database>
  </source>
  <size>
    <width>1000</width>
    <height>520</height>
    <depth>3</depth>
  </size>
  <segmented>0</segmented>
  <object>
    <name>other ship</name>
    <pose>Unspecified</pose>
    <truncated>0</truncated>
    <Difficult>0</Difficult>
    <bndbox>
      <xmin>301</xmin>
      <ymin>272</ymin>
      <xmax>796</xmax>
      <ymax>423</ymax>
    </bndbox>
  </object>
  <object>
    <name>other ship</name>
    <pose>Unspecified</pose>
    <truncated>1</truncated>
    <Difficult>0</Difficult>
    <bndbox>
      <xmin>1</xmin>
      <ymin>340</ymin>
      <xmax>212</xmax>
      <ymax>423</ymax>
    </bndbox>
  </object>
  <object>
    <name>island reef</name>
    <pose>Unspecified</pose>
    <truncated>1</truncated>
    <Difficult>0</Difficult>
    <bndbox>
      <xmin>724</xmin>
      <ymin>303</ymin>
      <xmax>1000</xmax>
      <ymax>359</ymax>
    </bndbox>
  </object>
</annotation>