<annotation verified="no">
  <folder>ship</folder>
  <filename>00238</filename>
  <path>00238.jpg</path>
  <source>
    <database>Unknown</database>
  </source>
  <size>
    <width>960</width>
    <height>540</height>
    <depth>3</depth>
  </size>
  <segmented>0</segmented>
  <object>
    <name>other ship</name>
    <pose>Unspecified</pose>
    <truncated>0</truncated>
    <Difficult>0</Difficult>
    <bndbox>
      <xmin>88</xmin>
      <ymin>272</ymin>
      <xmax>359</xmax>
      <ymax>371</ymax>
    </bndbox>
  </object>
</annotation>