<annotation verified="no">
  <folder>ship</folder>
  <filename>00230</filename>
  <path>00230.jpg</path>
  <source>
    <database>Unknown</database>
  </source>
  <size>
    <width>500</width>
    <height>328</height>
    <depth>3</depth>
  </size>
  <segmented>0</segmented>
  <object>
    <name>other ship</name>
    <pose>Unspecified</pose>
    <truncated>0</truncated>
    <Difficult>0</Difficult>
    <bndbox>
      <xmin>304</xmin>
      <ymin>183</ymin>
      <xmax>426</xmax>
      <ymax>262</ymax>
    </bndbox>
  </object>
  <object>
    <name>other ship</name>
    <pose>Unspecified</pose>
    <truncated>0</truncated>
    <Difficult>0</Difficult>
    <bndbox>
      <xmin>204</xmin>
      <ymin>196</ymin>
      <xmax>331</xmax>
      <ymax>266</ymax>
    </bndbox>
  </object>
  <object>
    <name>other ship</name>
    <pose>Unspecified</pose>
    <truncated>0</truncated>
    <Difficult>0</Difficult>
    <bndbox>
      <xmin>56</xmin>
      <ymin>166</ymin>
      <xmax>258</xmax>
      <ymax>270</ymax>
    </bndbox>
  </object>
  <object>
    <name>island reef</name>
    <pose>Unspecified</pose>
    <truncated>1</truncated>
    <Difficult>0</Difficult>
    <bndbox>
      <xmin>376</xmin>
      <ymin>104</ymin>
      <xmax>500</xmax>
      <ymax>137</ymax>
    </bndbox>
  </object>
</annotation>