<annotation verified="no">
  <folder>ship</folder>
  <filename>00231</filename>
  <path>00231.jpg</path>
  <source>
    <database>Unknown</database>
  </source>
  <size>
    <width>500</width>
    <height>361</height>
    <depth>3</depth>
  </size>
  <segmented>0</segmented>
  <object>
    <name>other ship</name>
    <pose>Unspecified</pose>
    <truncated>0</truncated>
    <Difficult>0</Difficult>
    <bndbox>
      <xmin>192</xmin>
      <ymin>281</ymin>
      <xmax>252</xmax>
      <ymax>353</ymax>
    </bndbox>
  </object>
  <object>
    <name>bulk carrier</name>
    <pose>Unspecified</pose>
    <truncated>0</truncated>
    <Difficult>0</Difficult>
    <bndbox>
      <xmin>118</xmin>
      <ymin>105</ymin>
      <xmax>494</xmax>
      <ymax>275</ymax>
    </bndbox>
  </object>
</annotation>