<annotation verified="no">
  <folder>ship</folder>
  <filename>00239</filename>
  <path>00239.jpg</path>
  <source>
    <database>Unknown</database>
  </source>
  <size>
    <width>1100</width>
    <height>733</height>
    <depth>3</depth>
  </size>
  <segmented>0</segmented>
  <object>
    <name>other ship</name>
    <pose>Unspecified</pose>
    <truncated>1</truncated>
    <Difficult>0</Difficult>
    <bndbox>
      <xmin>1</xmin>
      <ymin>420</ymin>
      <xmax>891</xmax>
      <ymax>721</ymax>
    </bndbox>
  </object>
</annotation>