<annotation verified="no">
  <folder>ship</folder>
  <filename>00233</filename>
  <path>00233.jpg</path>
  <source>
    <database>Unknown</database>
  </source>
  <size>
    <width>900</width>
    <height>598</height>
    <depth>3</depth>
  </size>
  <segmented>0</segmented>
  <object>
    <name>other ship</name>
    <pose>Unspecified</pose>
    <truncated>0</truncated>
    <Difficult>0</Difficult>
    <bndbox>
      <xmin>104</xmin>
      <ymin>58</ymin>
      <xmax>744</xmax>
      <ymax>557</ymax>
    </bndbox>
  </object>
  <object>
    <name>island reef</name>
    <pose>Unspecified</pose>
    <truncated>0</truncated>
    <Difficult>0</Difficult>
    <bndbox>
      <xmin>2</xmin>
      <ymin>123</ymin>
      <xmax>357</xmax>
      <ymax>330</ymax>
    </bndbox>
  </object>
</annotation>