<annotation verified="no">
  <folder>ship</folder>
  <filename>00237</filename>
  <path>00237.jpg</path>
  <source>
    <database>Unknown</database>
  </source>
  <size>
    <width>1024</width>
    <height>768</height>
    <depth>3</depth>
  </size>
  <segmented>0</segmented>
  <object>
    <name>other ship</name>
    <pose>Unspecified</pose>
    <truncated>0</truncated>
    <Difficult>0</Difficult>
    <bndbox>
      <xmin>122</xmin>
      <ymin>46</ymin>
      <xmax>834</xmax>
      <ymax>692</ymax>
    </bndbox>
  </object>
  <object>
    <name>island reef</name>
    <pose>Unspecified</pose>
    <truncated>1</truncated>
    <Difficult>0</Difficult>
    <bndbox>
      <xmin>726</xmin>
      <ymin>209</ymin>
      <xmax>1024</xmax>
      <ymax>470</ymax>
    </bndbox>
  </object>
</annotation>