<annotation verified="no">
  <folder>ship</folder>
  <filename>00235</filename>
  <path>00235.jpg</path>
  <source>
    <database>Unknown</database>
  </source>
  <size>
    <width>5184</width>
    <height>3456</height>
    <depth>3</depth>
  </size>
  <segmented>0</segmented>
  <object>
    <name>other ship</name>
    <pose>Unspecified</pose>
    <truncated>0</truncated>
    <Difficult>0</Difficult>
    <bndbox>
      <xmin>188</xmin>
      <ymin>616</ymin>
      <xmax>4873</xmax>
      <ymax>3076</ymax>
    </bndbox>
  </object>
</annotation>