<annotation verified="no">
  <folder>ship</folder>
  <filename>00234</filename>
  <path>00234.jpg</path>
  <source>
    <database>Unknown</database>
  </source>
  <size>
    <width>510</width>
    <height>323</height>
    <depth>3</depth>
  </size>
  <segmented>0</segmented>
  <object>
    <name>other ship</name>
    <pose>Unspecified</pose>
    <truncated>0</truncated>
    <Difficult>0</Difficult>
    <bndbox>
      <xmin>2</xmin>
      <ymin>141</ymin>
      <xmax>306</xmax>
      <ymax>288</ymax>
    </bndbox>
  </object>
  <object>
    <name>island reef</name>
    <pose>Unspecified</pose>
    <truncated>1</truncated>
    <Difficult>0</Difficult>
    <bndbox>
      <xmin>333</xmin>
      <ymin>60</ymin>
      <xmax>510</xmax>
      <ymax>97</ymax>
    </bndbox>
  </object>
  <object>
    <name>island reef</name>
    <pose>Unspecified</pose>
    <truncated>1</truncated>
    <Difficult>0</Difficult>
    <bndbox>
      <xmin>1</xmin>
      <ymin>70</ymin>
      <xmax>166</xmax>
      <ymax>107</ymax>
    </bndbox>
  </object>
</annotation>