<annotation verified="no">
  <folder>ship</folder>
  <filename>00232</filename>
  <path>00232.jpg</path>
  <source>
    <database>Unknown</database>
  </source>
  <size>
    <width>700</width>
    <height>525</height>
    <depth>3</depth>
  </size>
  <segmented>0</segmented>
  <object>
    <name>island reef</name>
    <pose>Unspecified</pose>
    <truncated>1</truncated>
    <Difficult>0</Difficult>
    <bndbox>
      <xmin>1</xmin>
      <ymin>243</ymin>
      <xmax>698</xmax>
      <ymax>293</ymax>
    </bndbox>
  </object>
  <object>
    <name>island reef</name>
    <pose>Unspecified</pose>
    <truncated>1</truncated>
    <Difficult>0</Difficult>
    <bndbox>
      <xmin>1</xmin>
      <ymin>284</ymin>
      <xmax>39</xmax>
      <ymax>299</ymax>
    </bndbox>
  </object>
  <object>
    <name>island reef</name>
    <pose>Unspecified</pose>
    <truncated>0</truncated>
    <Difficult>0</Difficult>
    <bndbox>
      <xmin>61</xmin>
      <ymin>283</ymin>
      <xmax>296</xmax>
      <ymax>302</ymax>
    </bndbox>
  </object>
</annotation>