<annotation verified="no">
  <folder>ship</folder>
  <filename>00247</filename>
  <path>00247.jpg</path>
  <source>
    <database>Unknown</database>
  </source>
  <size>
    <width>500</width>
    <height>375</height>
    <depth>3</depth>
  </size>
  <segmented>0</segmented>
  <object>
    <name>other ship</name>
    <pose>Unspecified</pose>
    <truncated>0</truncated>
    <Difficult>0</Difficult>
    <bndbox>
      <xmin>74</xmin>
      <ymin>27</ymin>
      <xmax>418</xmax>
      <ymax>244</ymax>
    </bndbox>
  </object>
</annotation>