<annotation verified="no">
  <folder>ship</folder>
  <filename>00244</filename>
  <path>00244.jpg</path>
  <source>
    <database>Unknown</database>
  </source>
  <size>
    <width>500</width>
    <height>333</height>
    <depth>3</depth>
  </size>
  <segmented>0</segmented>
  <object>
    <name>other ship</name>
    <pose>Unspecified</pose>
    <truncated>0</truncated>
    <Difficult>0</Difficult>
    <bndbox>
      <xmin>15</xmin>
      <ymin>64</ymin>
      <xmax>474</xmax>
      <ymax>304</ymax>
    </bndbox>
  </object>
</annotation>