<annotation verified="no">
  <folder>ship</folder>
  <filename>00240</filename>
  <path>00240.jpg</path>
  <source>
    <database>Unknown</database>
  </source>
  <size>
    <width>720</width>
    <height>480</height>
    <depth>3</depth>
  </size>
  <segmented>0</segmented>
  <object>
    <name>other ship</name>
    <pose>Unspecified</pose>
    <truncated>1</truncated>
    <Difficult>0</Difficult>
    <bndbox>
      <xmin>1</xmin>
      <ymin>234</ymin>
      <xmax>111</xmax>
      <ymax>273</ymax>
    </bndbox>
  </object>
  <object>
    <name>other ship</name>
    <pose>Unspecified</pose>
    <truncated>0</truncated>
    <Difficult>0</Difficult>
    <bndbox>
      <xmin>48</xmin>
      <ymin>169</ymin>
      <xmax>318</xmax>
      <ymax>270</ymax>
    </bndbox>
  </object>
  <object>
    <name>other ship</name>
    <pose>Unspecified</pose>
    <truncated>0</truncated>
    <Difficult>0</Difficult>
    <bndbox>
      <xmin>299</xmin>
      <ymin>217</ymin>
      <xmax>394</xmax>
      <ymax>269</ymax>
    </bndbox>
  </object>
  <object>
    <name>other ship</name>
    <pose>Unspecified</pose>
    <truncated>0</truncated>
    <Difficult>0</Difficult>
    <bndbox>
      <xmin>388</xmin>
      <ymin>212</ymin>
      <xmax>481</xmax>
      <ymax>263</ymax>
    </bndbox>
  </object>
  <object>
    <name>other ship</name>
    <pose>Unspecified</pose>
    <truncated>0</truncated>
    <Difficult>0</Difficult>
    <bndbox>
      <xmin>417</xmin>
      <ymin>171</ymin>
      <xmax>665</xmax>
      <ymax>263</ymax>
    </bndbox>
  </object>
</annotation>