<annotation verified="no">
  <folder>ship</folder>
  <filename>00243</filename>
  <path>00243.jpg</path>
  <source>
    <database>Unknown</database>
  </source>
  <size>
    <width>533</width>
    <height>300</height>
    <depth>3</depth>
  </size>
  <segmented>0</segmented>
  <object>
    <name>other ship</name>
    <pose>Unspecified</pose>
    <truncated>0</truncated>
    <Difficult>0</Difficult>
    <bndbox>
      <xmin>16</xmin>
      <ymin>49</ymin>
      <xmax>459</xmax>
      <ymax>257</ymax>
    </bndbox>
  </object>
</annotation>