<annotation verified="no">
  <folder>ship</folder>
  <filename>00245</filename>
  <path>00245.jpg</path>
  <source>
    <database>Unknown</database>
  </source>
  <size>
    <width>500</width>
    <height>375</height>
    <depth>3</depth>
  </size>
  <segmented>0</segmented>
  <object>
    <name>other ship</name>
    <pose>Unspecified</pose>
    <truncated>0</truncated>
    <Difficult>0</Difficult>
    <bndbox>
      <xmin>36</xmin>
      <ymin>118</ymin>
      <xmax>462</xmax>
      <ymax>289</ymax>
    </bndbox>
  </object>
</annotation>