<annotation verified="no">
  <folder>ship</folder>
  <filename>00241</filename>
  <path>00241.jpg</path>
  <source>
    <database>Unknown</database>
  </source>
  <size>
    <width>720</width>
    <height>480</height>
    <depth>3</depth>
  </size>
  <segmented>0</segmented>
  <object>
    <name>other ship</name>
    <pose>Unspecified</pose>
    <truncated>0</truncated>
    <Difficult>0</Difficult>
    <bndbox>
      <xmin>349</xmin>
      <ymin>274</ymin>
      <xmax>434</xmax>
      <ymax>305</ymax>
    </bndbox>
  </object>
  <object>
    <name>sailboat</name>
    <pose>Unspecified</pose>
    <truncated>0</truncated>
    <Difficult>0</Difficult>
    <bndbox>
      <xmin>545</xmin>
      <ymin>151</ymin>
      <xmax>617</xmax>
      <ymax>283</ymax>
    </bndbox>
  </object>
  <object>
    <name>island reef</name>
    <pose>Unspecified</pose>
    <truncated>0</truncated>
    <Difficult>0</Difficult>
    <bndbox>
      <xmin>605</xmin>
      <ymin>170</ymin>
      <xmax>717</xmax>
      <ymax>260</ymax>
    </bndbox>
  </object>
  <object>
    <name>island reef</name>
    <pose>Unspecified</pose>
    <truncated>1</truncated>
    <Difficult>0</Difficult>
    <bndbox>
      <xmin>1</xmin>
      <ymin>15</ymin>
      <xmax>544</xmax>
      <ymax>271</ymax>
    </bndbox>
  </object>
</annotation>