<annotation verified="no">
  <folder>ship</folder>
  <filename>00246</filename>
  <path>00246.jpg</path>
  <source>
    <database>Unknown</database>
  </source>
  <size>
    <width>1024</width>
    <height>683</height>
    <depth>3</depth>
  </size>
  <segmented>0</segmented>
  <object>
    <name>other ship</name>
    <pose>Unspecified</pose>
    <truncated>0</truncated>
    <Difficult>0</Difficult>
    <bndbox>
      <xmin>352</xmin>
      <ymin>328</ymin>
      <xmax>740</xmax>
      <ymax>544</ymax>
    </bndbox>
  </object>
  <object>
    <name>other ship</name>
    <pose>Unspecified</pose>
    <truncated>0</truncated>
    <Difficult>0</Difficult>
    <bndbox>
      <xmin>93</xmin>
      <ymin>211</ymin>
      <xmax>355</xmax>
      <ymax>327</ymax>
    </bndbox>
  </object>
  <object>
    <name>other ship</name>
    <pose>Unspecified</pose>
    <truncated>0</truncated>
    <Difficult>0</Difficult>
    <bndbox>
      <xmin>763</xmin>
      <ymin>171</ymin>
      <xmax>844</xmax>
      <ymax>229</ymax>
    </bndbox>
  </object>
</annotation>