<annotation verified="no">
  <folder>ship</folder>
  <filename>00248</filename>
  <path>00248.jpg</path>
  <source>
    <database>Unknown</database>
  </source>
  <size>
    <width>800</width>
    <height>800</height>
    <depth>3</depth>
  </size>
  <segmented>0</segmented>
  <object>
    <name>other ship</name>
    <pose>Unspecified</pose>
    <truncated>0</truncated>
    <Difficult>0</Difficult>
    <bndbox>
      <xmin>66</xmin>
      <ymin>4</ymin>
      <xmax>752</xmax>
      <ymax>779</ymax>
    </bndbox>
  </object>
</annotation>