<annotation verified="no">
  <folder>ship</folder>
  <filename>00249</filename>
  <path>00249.jpg</path>
  <source>
    <database>Unknown</database>
  </source>
  <size>
    <width>480</width>
    <height>320</height>
    <depth>3</depth>
  </size>
  <segmented>0</segmented>
  <object>
    <name>other ship</name>
    <pose>Unspecified</pose>
    <truncated>0</truncated>
    <Difficult>0</Difficult>
    <bndbox>
      <xmin>40</xmin>
      <ymin>193</ymin>
      <xmax>241</xmax>
      <ymax>285</ymax>
    </bndbox>
  </object>
  <object>
    <name>other ship</name>
    <pose>Unspecified</pose>
    <truncated>0</truncated>
    <Difficult>0</Difficult>
    <bndbox>
      <xmin>253</xmin>
      <ymin>179</ymin>
      <xmax>330</xmax>
      <ymax>240</ymax>
    </bndbox>
  </object>
  <object>
    <name>other ship</name>
    <pose>Unspecified</pose>
    <truncated>0</truncated>
    <Difficult>0</Difficult>
    <bndbox>
      <xmin>322</xmin>
      <ymin>176</ymin>
      <xmax>362</xmax>
      <ymax>221</ymax>
    </bndbox>
  </object>
  <object>
    <name>island reef</name>
    <pose>Unspecified</pose>
    <truncated>0</truncated>
    <Difficult>0</Difficult>
    <bndbox>
      <xmin>159</xmin>
      <ymin>174</ymin>
      <xmax>264</xmax>
      <ymax>189</ymax>
    </bndbox>
  </object>
  <object>
    <name>island reef</name>
    <pose>Unspecified</pose>
    <truncated>1</truncated>
    <Difficult>0</Difficult>
    <bndbox>
      <xmin>1</xmin>
      <ymin>168</ymin>
      <xmax>100</xmax>
      <ymax>184</ymax>
    </bndbox>
  </object>
</annotation>