<annotation verified="no">
  <folder>ship</folder>
  <filename>00242</filename>
  <path>00242.jpg</path>
  <source>
    <database>Unknown</database>
  </source>
  <size>
    <width>480</width>
    <height>320</height>
    <depth>3</depth>
  </size>
  <segmented>0</segmented>
  <object>
    <name>other ship</name>
    <pose>Unspecified</pose>
    <truncated>0</truncated>
    <Difficult>0</Difficult>
    <bndbox>
      <xmin>221</xmin>
      <ymin>199</ymin>
      <xmax>362</xmax>
      <ymax>298</ymax>
    </bndbox>
  </object>
</annotation>