<annotation verified="no">
  <folder>ship</folder>
  <filename>00255</filename>
  <path>00255.jpg</path>
  <source>
    <database>Unknown</database>
  </source>
  <size>
    <width>700</width>
    <height>497</height>
    <depth>3</depth>
  </size>
  <segmented>0</segmented>
  <object>
    <name>other ship</name>
    <pose>Unspecified</pose>
    <truncated>1</truncated>
    <Difficult>0</Difficult>
    <bndbox>
      <xmin>1</xmin>
      <ymin>230</ymin>
      <xmax>698</xmax>
      <ymax>378</ymax>
    </bndbox>
  </object>
</annotation>