<annotation verified="no">
  <folder>ship</folder>
  <filename>00259</filename>
  <path>00259.jpg</path>
  <source>
    <database>Unknown</database>
  </source>
  <size>
    <width>1024</width>
    <height>768</height>
    <depth>3</depth>
  </size>
  <segmented>0</segmented>
  <object>
    <name>other ship</name>
    <pose>Unspecified</pose>
    <truncated>0</truncated>
    <Difficult>0</Difficult>
    <bndbox>
      <xmin>649</xmin>
      <ymin>405</ymin>
      <xmax>816</xmax>
      <ymax>466</ymax>
    </bndbox>
  </object>
  <object>
    <name>island reef</name>
    <pose>Unspecified</pose>
    <truncated>1</truncated>
    <Difficult>0</Difficult>
    <bndbox>
      <xmin>1</xmin>
      <ymin>347</ymin>
      <xmax>438</xmax>
      <ymax>386</ymax>
    </bndbox>
  </object>
  <object>
    <name>other ship</name>
    <pose>Unspecified</pose>
    <truncated>0</truncated>
    <Difficult>0</Difficult>
    <bndbox>
      <xmin>409</xmin>
      <ymin>319</ymin>
      <xmax>776</xmax>
      <ymax>444</ymax>
    </bndbox>
  </object>
</annotation>