<annotation verified="no">
  <folder>ship</folder>
  <filename>00256</filename>
  <path>00256.jpg</path>
  <source>
    <database>Unknown</database>
  </source>
  <size>
    <width>700</width>
    <height>511</height>
    <depth>3</depth>
  </size>
  <segmented>0</segmented>
  <object>
    <name>other ship</name>
    <pose>Unspecified</pose>
    <truncated>0</truncated>
    <Difficult>0</Difficult>
    <bndbox>
      <xmin>216</xmin>
      <ymin>281</ymin>
      <xmax>274</xmax>
      <ymax>344</ymax>
    </bndbox>
  </object>
  <object>
    <name>island reef</name>
    <pose>Unspecified</pose>
    <truncated>0</truncated>
    <Difficult>0</Difficult>
    <bndbox>
      <xmin>451</xmin>
      <ymin>251</ymin>
      <xmax>552</xmax>
      <ymax>274</ymax>
    </bndbox>
  </object>
  <object>
    <name>island reef</name>
    <pose>Unspecified</pose>
    <truncated>1</truncated>
    <Difficult>0</Difficult>
    <bndbox>
      <xmin>612</xmin>
      <ymin>255</ymin>
      <xmax>700</xmax>
      <ymax>274</ymax>
    </bndbox>
  </object>
</annotation>