<annotation verified="no">
  <folder>ship</folder>
  <filename>00257</filename>
  <path>00257.jpg</path>
  <source>
    <database>Unknown</database>
  </source>
  <size>
    <width>467</width>
    <height>730</height>
    <depth>3</depth>
  </size>
  <segmented>0</segmented>
  <object>
    <name>other ship</name>
    <pose>Unspecified</pose>
    <truncated>0</truncated>
    <Difficult>0</Difficult>
    <bndbox>
      <xmin>120</xmin>
      <ymin>540</ymin>
      <xmax>259</xmax>
      <ymax>640</ymax>
    </bndbox>
  </object>
</annotation>