<annotation verified="no">
  <folder>ship</folder>
  <filename>00251</filename>
  <path>00251.jpg</path>
  <source>
    <database>Unknown</database>
  </source>
  <size>
    <width>700</width>
    <height>497</height>
    <depth>3</depth>
  </size>
  <segmented>0</segmented>
  <object>
    <name>other ship</name>
    <pose>Unspecified</pose>
    <truncated>0</truncated>
    <Difficult>0</Difficult>
    <bndbox>
      <xmin>207</xmin>
      <ymin>181</ymin>
      <xmax>442</xmax>
      <ymax>313</ymax>
    </bndbox>
  </object>
  <object>
    <name>other ship</name>
    <pose>Unspecified</pose>
    <truncated>1</truncated>
    <Difficult>0</Difficult>
    <bndbox>
      <xmin>411</xmin>
      <ymin>166</ymin>
      <xmax>700</xmax>
      <ymax>269</ymax>
    </bndbox>
  </object>
  <object>
    <name>other ship</name>
    <pose>Unspecified</pose>
    <truncated>0</truncated>
    <Difficult>0</Difficult>
    <bndbox>
      <xmin>211</xmin>
      <ymin>169</ymin>
      <xmax>445</xmax>
      <ymax>226</ymax>
    </bndbox>
  </object>
</annotation>