<annotation verified="no">
  <folder>ship</folder>
  <filename>00258</filename>
  <path>00258.jpg</path>
  <source>
    <database>Unknown</database>
  </source>
  <size>
    <width>204</width>
    <height>306</height>
    <depth>3</depth>
  </size>
  <segmented>0</segmented>
  <object>
    <name>other ship</name>
    <pose>Unspecified</pose>
    <truncated>0</truncated>
    <Difficult>0</Difficult>
    <bndbox>
      <xmin>29</xmin>
      <ymin>167</ymin>
      <xmax>177</xmax>
      <ymax>226</ymax>
    </bndbox>
  </object>
  <object>
    <name>other ship</name>
    <pose>Unspecified</pose>
    <truncated>0</truncated>
    <Difficult>0</Difficult>
    <bndbox>
      <xmin>58</xmin>
      <ymin>130</ymin>
      <xmax>129</xmax>
      <ymax>160</ymax>
    </bndbox>
  </object>
  <object>
    <name>other ship</name>
    <pose>Unspecified</pose>
    <truncated>0</truncated>
    <Difficult>0</Difficult>
    <bndbox>
      <xmin>81</xmin>
      <ymin>110</ymin>
      <xmax>145</xmax>
      <ymax>138</ymax>
    </bndbox>
  </object>
  <object>
    <name>other ship</name>
    <pose>Unspecified</pose>
    <truncated>0</truncated>
    <Difficult>0</Difficult>
    <bndbox>
      <xmin>40</xmin>
      <ymin>92</ymin>
      <xmax>126</xmax>
      <ymax>126</ymax>
    </bndbox>
  </object>
  <object>
    <name>island reef</name>
    <pose>Unspecified</pose>
    <truncated>1</truncated>
    <Difficult>0</Difficult>
    <bndbox>
      <xmin>1</xmin>
      <ymin>1</ymin>
      <xmax>204</xmax>
      <ymax>77</ymax>
    </bndbox>
  </object>
</annotation>