<annotation verified="no">
  <folder>ship</folder>
  <filename>00253</filename>
  <path>00253.jpg</path>
  <source>
    <database>Unknown</database>
  </source>
  <size>
    <width>700</width>
    <height>1080</height>
    <depth>3</depth>
  </size>
  <segmented>0</segmented>
  <object>
    <name>other ship</name>
    <pose>Unspecified</pose>
    <truncated>0</truncated>
    <Difficult>0</Difficult>
    <bndbox>
      <xmin>178</xmin>
      <ymin>589</ymin>
      <xmax>490</xmax>
      <ymax>982</ymax>
    </bndbox>
  </object>
</annotation>