<annotation verified="no">
  <folder>ship</folder>
  <filename>00252</filename>
  <path>00252.jpg</path>
  <source>
    <database>Unknown</database>
  </source>
  <size>
    <width>700</width>
    <height>497</height>
    <depth>3</depth>
  </size>
  <segmented>0</segmented>
  <object>
    <name>other ship</name>
    <pose>Unspecified</pose>
    <truncated>0</truncated>
    <Difficult>0</Difficult>
    <bndbox>
      <xmin>293</xmin>
      <ymin>226</ymin>
      <xmax>626</xmax>
      <ymax>388</ymax>
    </bndbox>
  </object>
  <object>
    <name>other ship</name>
    <pose>Unspecified</pose>
    <truncated>0</truncated>
    <Difficult>0</Difficult>
    <bndbox>
      <xmin>264</xmin>
      <ymin>206</ymin>
      <xmax>331</xmax>
      <ymax>261</ymax>
    </bndbox>
  </object>
  <object>
    <name>other ship</name>
    <pose>Unspecified</pose>
    <truncated>0</truncated>
    <Difficult>0</Difficult>
    <bndbox>
      <xmin>205</xmin>
      <ymin>197</ymin>
      <xmax>244</xmax>
      <ymax>246</ymax>
    </bndbox>
  </object>
</annotation>