<annotation verified="no">
  <folder>ship</folder>
  <filename>00250</filename>
  <path>00250.jpg</path>
  <source>
    <database>Unknown</database>
  </source>
  <size>
    <width>700</width>
    <height>555</height>
    <depth>3</depth>
  </size>
  <segmented>0</segmented>
  <object>
    <name>other ship</name>
    <pose>Unspecified</pose>
    <truncated>0</truncated>
    <Difficult>0</Difficult>
    <bndbox>
      <xmin>114</xmin>
      <ymin>162</ymin>
      <xmax>478</xmax>
      <ymax>365</ymax>
    </bndbox>
  </object>
</annotation>