<annotation verified="no">
  <folder>ship</folder>
  <filename>00254</filename>
  <path>00254.jpg</path>
  <source>
    <database>Unknown</database>
  </source>
  <size>
    <width>700</width>
    <height>497</height>
    <depth>3</depth>
  </size>
  <segmented>0</segmented>
  <object>
    <name>other ship</name>
    <pose>Unspecified</pose>
    <truncated>0</truncated>
    <Difficult>0</Difficult>
    <bndbox>
      <xmin>75</xmin>
      <ymin>319</ymin>
      <xmax>523</xmax>
      <ymax>392</ymax>
    </bndbox>
  </object>
  <object>
    <name>island reef</name>
    <pose>Unspecified</pose>
    <truncated>1</truncated>
    <Difficult>0</Difficult>
    <bndbox>
      <xmin>455</xmin>
      <ymin>238</ymin>
      <xmax>700</xmax>
      <ymax>363</ymax>
    </bndbox>
  </object>
  <object>
    <name>island reef</name>
    <pose>Unspecified</pose>
    <truncated>0</truncated>
    <Difficult>0</Difficult>
    <bndbox>
      <xmin>275</xmin>
      <ymin>254</ymin>
      <xmax>362</xmax>
      <ymax>347</ymax>
    </bndbox>
  </object>
  <object>
    <name>island reef</name>
    <pose>Unspecified</pose>
    <truncated>1</truncated>
    <Difficult>0</Difficult>
    <bndbox>
      <xmin>1</xmin>
      <ymin>254</ymin>
      <xmax>197</xmax>
      <ymax>340</ymax>
    </bndbox>
  </object>
</annotation>