<annotation verified="no">
  <folder>ship</folder>
  <filename>00268</filename>
  <path>00268.jpg</path>
  <source>
    <database>Unknown</database>
  </source>
  <size>
    <width>1024</width>
    <height>680</height>
    <depth>3</depth>
  </size>
  <segmented>0</segmented>
  <object>
    <name>other ship</name>
    <pose>Unspecified</pose>
    <truncated>0</truncated>
    <Difficult>0</Difficult>
    <bndbox>
      <xmin>184</xmin>
      <ymin>65</ymin>
      <xmax>976</xmax>
      <ymax>437</ymax>
    </bndbox>
  </object>
</annotation>