<annotation verified="no">
  <folder>ship</folder>
  <filename>00264</filename>
  <path>00264.jpg</path>
  <source>
    <database>Unknown</database>
  </source>
  <size>
    <width>525</width>
    <height>700</height>
    <depth>3</depth>
  </size>
  <segmented>0</segmented>
  <object>
    <name>other ship</name>
    <pose>Unspecified</pose>
    <truncated>0</truncated>
    <Difficult>0</Difficult>
    <bndbox>
      <xmin>3</xmin>
      <ymin>210</ymin>
      <xmax>441</xmax>
      <ymax>426</ymax>
    </bndbox>
  </object>
  <object>
    <name>island reef</name>
    <pose>Unspecified</pose>
    <truncated>1</truncated>
    <Difficult>0</Difficult>
    <bndbox>
      <xmin>1</xmin>
      <ymin>174</ymin>
      <xmax>198</xmax>
      <ymax>269</ymax>
    </bndbox>
  </object>
  <object>
    <name>island reef</name>
    <pose>Unspecified</pose>
    <truncated>0</truncated>
    <Difficult>0</Difficult>
    <bndbox>
      <xmin>312</xmin>
      <ymin>221</ymin>
      <xmax>523</xmax>
      <ymax>265</ymax>
    </bndbox>
  </object>
</annotation>