<annotation verified="no">
  <folder>ship</folder>
  <filename>00260</filename>
  <path>00260.jpg</path>
  <source>
    <database>Unknown</database>
  </source>
  <size>
    <width>400</width>
    <height>282</height>
    <depth>3</depth>
  </size>
  <segmented>0</segmented>
  <object>
    <name>other ship</name>
    <pose>Unspecified</pose>
    <truncated>0</truncated>
    <Difficult>0</Difficult>
    <bndbox>
      <xmin>39</xmin>
      <ymin>108</ymin>
      <xmax>355</xmax>
      <ymax>241</ymax>
    </bndbox>
  </object>
</annotation>