<annotation verified="no">
  <folder>ship</folder>
  <filename>00266</filename>
  <path>00266.jpg</path>
  <source>
    <database>Unknown</database>
  </source>
  <size>
    <width>700</width>
    <height>525</height>
    <depth>3</depth>
  </size>
  <segmented>0</segmented>
  <object>
    <name>sailboat</name>
    <pose>Unspecified</pose>
    <truncated>0</truncated>
    <Difficult>0</Difficult>
    <bndbox>
      <xmin>542</xmin>
      <ymin>256</ymin>
      <xmax>588</xmax>
      <ymax>300</ymax>
    </bndbox>
  </object>
  <object>
    <name>sailboat</name>
    <pose>Unspecified</pose>
    <truncated>0</truncated>
    <Difficult>0</Difficult>
    <bndbox>
      <xmin>478</xmin>
      <ymin>254</ymin>
      <xmax>517</xmax>
      <ymax>295</ymax>
    </bndbox>
  </object>
  <object>
    <name>sailboat</name>
    <pose>Unspecified</pose>
    <truncated>0</truncated>
    <Difficult>0</Difficult>
    <bndbox>
      <xmin>339</xmin>
      <ymin>251</ymin>
      <xmax>395</xmax>
      <ymax>290</ymax>
    </bndbox>
  </object>
  <object>
    <name>sailboat</name>
    <pose>Unspecified</pose>
    <truncated>0</truncated>
    <Difficult>0</Difficult>
    <bndbox>
      <xmin>406</xmin>
      <ymin>256</ymin>
      <xmax>451</xmax>
      <ymax>291</ymax>
    </bndbox>
  </object>
  <object>
    <name>sailboat</name>
    <pose>Unspecified</pose>
    <truncated>0</truncated>
    <Difficult>0</Difficult>
    <bndbox>
      <xmin>221</xmin>
      <ymin>251</ymin>
      <xmax>277</xmax>
      <ymax>290</ymax>
    </bndbox>
  </object>
  <object>
    <name>sailboat</name>
    <pose>Unspecified</pose>
    <truncated>1</truncated>
    <Difficult>0</Difficult>
    <bndbox>
      <xmin>1</xmin>
      <ymin>245</ymin>
      <xmax>64</xmax>
      <ymax>281</ymax>
    </bndbox>
  </object>
</annotation>