<annotation verified="no">
  <folder>ship</folder>
  <filename>00265</filename>
  <path>00265.jpg</path>
  <source>
    <database>Unknown</database>
  </source>
  <size>
    <width>525</width>
    <height>700</height>
    <depth>3</depth>
  </size>
  <segmented>0</segmented>
  <object>
    <name>other ship</name>
    <pose>Unspecified</pose>
    <truncated>1</truncated>
    <Difficult>0</Difficult>
    <bndbox>
      <xmin>1</xmin>
      <ymin>339</ymin>
      <xmax>521</xmax>
      <ymax>462</ymax>
    </bndbox>
  </object>
</annotation>