<annotation verified="no">
  <folder>ship</folder>
  <filename>00269</filename>
  <path>00269.jpg</path>
  <source>
    <database>Unknown</database>
  </source>
  <size>
    <width>700</width>
    <height>525</height>
    <depth>3</depth>
  </size>
  <segmented>0</segmented>
  <object>
    <name>other ship</name>
    <pose>Unspecified</pose>
    <truncated>0</truncated>
    <Difficult>0</Difficult>
    <bndbox>
      <xmin>266</xmin>
      <ymin>340</ymin>
      <xmax>467</xmax>
      <ymax>460</ymax>
    </bndbox>
  </object>
  <object>
    <name>island reef</name>
    <pose>Unspecified</pose>
    <truncated>0</truncated>
    <Difficult>0</Difficult>
    <bndbox>
      <xmin>405</xmin>
      <ymin>287</ymin>
      <xmax>651</xmax>
      <ymax>384</ymax>
    </bndbox>
  </object>
  <object>
    <name>island reef</name>
    <pose>Unspecified</pose>
    <truncated>1</truncated>
    <Difficult>0</Difficult>
    <bndbox>
      <xmin>1</xmin>
      <ymin>255</ymin>
      <xmax>400</xmax>
      <ymax>361</ymax>
    </bndbox>
  </object>
  <object>
    <name>other ship</name>
    <pose>Unspecified</pose>
    <truncated>0</truncated>
    <Difficult>0</Difficult>
    <bndbox>
      <xmin>289</xmin>
      <ymin>361</ymin>
      <xmax>319</xmax>
      <ymax>391</ymax>
    </bndbox>
  </object>
</annotation>