<annotation verified="no">
  <folder>ship</folder>
  <filename>00261</filename>
  <path>00261.jpg</path>
  <source>
    <database>Unknown</database>
  </source>
  <size>
    <width>300</width>
    <height>201</height>
    <depth>3</depth>
  </size>
  <segmented>0</segmented>
  <object>
    <name>other ship</name>
    <pose>Unspecified</pose>
    <truncated>0</truncated>
    <Difficult>0</Difficult>
    <bndbox>
      <xmin>153</xmin>
      <ymin>119</ymin>
      <xmax>222</xmax>
      <ymax>147</ymax>
    </bndbox>
  </object>
</annotation>