<annotation verified="no">
  <folder>ship</folder>
  <filename>00262</filename>
  <path>00262.jpg</path>
  <source>
    <database>Unknown</database>
  </source>
  <size>
    <width>525</width>
    <height>700</height>
    <depth>3</depth>
  </size>
  <segmented>0</segmented>
  <object>
    <name>other ship</name>
    <pose>Unspecified</pose>
    <truncated>1</truncated>
    <Difficult>0</Difficult>
    <bndbox>
      <xmin>1</xmin>
      <ymin>1</ymin>
      <xmax>502</xmax>
      <ymax>602</ymax>
    </bndbox>
  </object>
  <object>
    <name>island reef</name>
    <pose>Unspecified</pose>
    <truncated>1</truncated>
    <Difficult>0</Difficult>
    <bndbox>
      <xmin>416</xmin>
      <ymin>337</ymin>
      <xmax>525</xmax>
      <ymax>358</ymax>
    </bndbox>
  </object>
  <object>
    <name>island reef</name>
    <pose>Unspecified</pose>
    <truncated>1</truncated>
    <Difficult>0</Difficult>
    <bndbox>
      <xmin>1</xmin>
      <ymin>381</ymin>
      <xmax>42</xmax>
      <ymax>394</ymax>
    </bndbox>
  </object>
</annotation>