<annotation verified="no">
  <folder>ship</folder>
  <filename>00267</filename>
  <path>00267.jpg</path>
  <source>
    <database>Unknown</database>
  </source>
  <size>
    <width>700</width>
    <height>497</height>
    <depth>3</depth>
  </size>
  <segmented>0</segmented>
  <object>
    <name>other ship</name>
    <pose>Unspecified</pose>
    <truncated>0</truncated>
    <Difficult>0</Difficult>
    <bndbox>
      <xmin>193</xmin>
      <ymin>97</ymin>
      <xmax>699</xmax>
      <ymax>262</ymax>
    </bndbox>
  </object>
  <object>
    <name>island reef</name>
    <pose>Unspecified</pose>
    <truncated>0</truncated>
    <Difficult>0</Difficult>
    <bndbox>
      <xmin>2</xmin>
      <ymin>8</ymin>
      <xmax>245</xmax>
      <ymax>217</ymax>
    </bndbox>
  </object>
  <object>
    <name>island reef</name>
    <pose>Unspecified</pose>
    <truncated>0</truncated>
    <Difficult>0</Difficult>
    <bndbox>
      <xmin>597</xmin>
      <ymin>63</ymin>
      <xmax>696</xmax>
      <ymax>189</ymax>
    </bndbox>
  </object>
</annotation>