<annotation verified="no">
  <folder>ship</folder>
  <filename>00263</filename>
  <path>00263.jpg</path>
  <source>
    <database>Unknown</database>
  </source>
  <size>
    <width>700</width>
    <height>499</height>
    <depth>3</depth>
  </size>
  <segmented>0</segmented>
  <object>
    <name>other ship</name>
    <pose>Unspecified</pose>
    <truncated>0</truncated>
    <Difficult>0</Difficult>
    <bndbox>
      <xmin>319</xmin>
      <ymin>183</ymin>
      <xmax>548</xmax>
      <ymax>304</ymax>
    </bndbox>
  </object>
  <object>
    <name>other ship</name>
    <pose>Unspecified</pose>
    <truncated>0</truncated>
    <Difficult>0</Difficult>
    <bndbox>
      <xmin>233</xmin>
      <ymin>178</ymin>
      <xmax>326</xmax>
      <ymax>269</ymax>
    </bndbox>
  </object>
  <object>
    <name>other ship</name>
    <pose>Unspecified</pose>
    <truncated>0</truncated>
    <Difficult>0</Difficult>
    <bndbox>
      <xmin>519</xmin>
      <ymin>177</ymin>
      <xmax>583</xmax>
      <ymax>227</ymax>
    </bndbox>
  </object>
  <object>
    <name>other ship</name>
    <pose>Unspecified</pose>
    <truncated>0</truncated>
    <Difficult>0</Difficult>
    <bndbox>
      <xmin>88</xmin>
      <ymin>179</ymin>
      <xmax>150</xmax>
      <ymax>214</ymax>
    </bndbox>
  </object>
  <object>
    <name>other ship</name>
    <pose>Unspecified</pose>
    <truncated>1</truncated>
    <Difficult>0</Difficult>
    <bndbox>
      <xmin>1</xmin>
      <ymin>177</ymin>
      <xmax>78</xmax>
      <ymax>214</ymax>
    </bndbox>
  </object>
</annotation>