<annotation verified="no">
  <folder>ship</folder>
  <filename>00270</filename>
  <path>00270.jpg</path>
  <source>
    <database>Unknown</database>
  </source>
  <size>
    <width>700</width>
    <height>700</height>
    <depth>3</depth>
  </size>
  <segmented>0</segmented>
  <object>
    <name>other ship</name>
    <pose>Unspecified</pose>
    <truncated>0</truncated>
    <Difficult>0</Difficult>
    <bndbox>
      <xmin>125</xmin>
      <ymin>350</ymin>
      <xmax>588</xmax>
      <ymax>503</ymax>
    </bndbox>
  </object>
</annotation>