<annotation verified="no">
  <folder>ship</folder>
  <filename>00271</filename>
  <path>00271.jpg</path>
  <source>
    <database>Unknown</database>
  </source>
  <size>
    <width>700</width>
    <height>525</height>
    <depth>3</depth>
  </size>
  <segmented>0</segmented>
  <object>
    <name>other ship</name>
    <pose>Unspecified</pose>
    <truncated>0</truncated>
    <Difficult>0</Difficult>
    <bndbox>
      <xmin>317</xmin>
      <ymin>290</ymin>
      <xmax>669</xmax>
      <ymax>408</ymax>
    </bndbox>
  </object>
</annotation>