<annotation verified="no">
  <folder>ship</folder>
  <filename>00272</filename>
  <path>00272.jpg</path>
  <source>
    <database>Unknown</database>
  </source>
  <size>
    <width>525</width>
    <height>700</height>
    <depth>3</depth>
  </size>
  <segmented>0</segmented>
  <object>
    <name>other ship</name>
    <pose>Unspecified</pose>
    <truncated>1</truncated>
    <Difficult>0</Difficult>
    <bndbox>
      <xmin>272</xmin>
      <ymin>254</ymin>
      <xmax>525</xmax>
      <ymax>565</ymax>
    </bndbox>
  </object>
  <object>
    <name>other ship</name>
    <pose>Unspecified</pose>
    <truncated>1</truncated>
    <Difficult>0</Difficult>
    <bndbox>
      <xmin>1</xmin>
      <ymin>449</ymin>
      <xmax>114</xmax>
      <ymax>510</ymax>
    </bndbox>
  </object>
  <object>
    <name>island reef</name>
    <pose>Unspecified</pose>
    <truncated>0</truncated>
    <Difficult>0</Difficult>
    <bndbox>
      <xmin>70</xmin>
      <ymin>416</ymin>
      <xmax>308</xmax>
      <ymax>462</ymax>
    </bndbox>
  </object>
</annotation>