<annotation verified="no">
  <folder>ship</folder>
  <filename>00467</filename>
  <path>00467.jpg</path>
  <source>
    <database>Unknown</database>
  </source>
  <size>
    <width>500</width>
    <height>334</height>
    <depth>3</depth>
  </size>
  <segmented>0</segmented>
  <object>
    <name>liner</name>
    <pose>Unspecified</pose>
    <truncated>0</truncated>
    <Difficult>0</Difficult>
    <bndbox>
      <xmin>49</xmin>
      <ymin>98</ymin>
      <xmax>476</xmax>
      <ymax>197</ymax>
    </bndbox>
  </object>
</annotation>