<annotation verified="no">
  <folder>ship</folder>
  <filename>00468</filename>
  <path>00468.jpg</path>
  <source>
    <database>Unknown</database>
  </source>
  <size>
    <width>500</width>
    <height>376</height>
    <depth>3</depth>
  </size>
  <segmented>0</segmented>
  <object>
    <name>bulk carrier</name>
    <pose>Unspecified</pose>
    <truncated>0</truncated>
    <Difficult>0</Difficult>
    <bndbox>
      <xmin>45</xmin>
      <ymin>22</ymin>
      <xmax>482</xmax>
      <ymax>319</ymax>
    </bndbox>
  </object>
</annotation>