<annotation verified="no">
  <folder>ship</folder>
  <filename>00461</filename>
  <path>00461.jpg</path>
  <source>
    <database>Unknown</database>
  </source>
  <size>
    <width>467</width>
    <height>269</height>
    <depth>3</depth>
  </size>
  <segmented>0</segmented>
  <object>
    <name>bulk carrier</name>
    <pose>Unspecified</pose>
    <truncated>1</truncated>
    <Difficult>0</Difficult>
    <bndbox>
      <xmin>42</xmin>
      <ymin>1</ymin>
      <xmax>427</xmax>
      <ymax>250</ymax>
    </bndbox>
  </object>
</annotation>