<annotation verified="no">
  <folder>ship</folder>
  <filename>00460</filename>
  <path>00460.jpg</path>
  <source>
    <database>Unknown</database>
  </source>
  <size>
    <width>800</width>
    <height>533</height>
    <depth>3</depth>
  </size>
  <segmented>0</segmented>
  <object>
    <name>bulk carrier</name>
    <pose>Unspecified</pose>
    <truncated>0</truncated>
    <Difficult>0</Difficult>
    <bndbox>
      <xmin>10</xmin>
      <ymin>84</ymin>
      <xmax>781</xmax>
      <ymax>387</ymax>
    </bndbox>
  </object>
  <object>
    <name>island reef</name>
    <pose>Unspecified</pose>
    <truncated>0</truncated>
    <Difficult>0</Difficult>
    <bndbox>
      <xmin>468</xmin>
      <ymin>257</ymin>
      <xmax>588</xmax>
      <ymax>285</ymax>
    </bndbox>
  </object>
  <object>
    <name>island reef</name>
    <pose>Unspecified</pose>
    <truncated>1</truncated>
    <Difficult>0</Difficult>
    <bndbox>
      <xmin>757</xmin>
      <ymin>301</ymin>
      <xmax>800</xmax>
      <ymax>323</ymax>
    </bndbox>
  </object>
  <object>
    <name>island reef</name>
    <pose>Unspecified</pose>
    <truncated>1</truncated>
    <Difficult>0</Difficult>
    <bndbox>
      <xmin>1</xmin>
      <ymin>306</ymin>
      <xmax>59</xmax>
      <ymax>337</ymax>
    </bndbox>
  </object>
</annotation>