<annotation verified="no">
  <folder>ship</folder>
  <filename>00465</filename>
  <path>00465.jpg</path>
  <source>
    <database>Unknown</database>
  </source>
  <size>
    <width>436</width>
    <height>596</height>
    <depth>3</depth>
  </size>
  <segmented>0</segmented>
  <object>
    <name>bulk carrier</name>
    <pose>Unspecified</pose>
    <truncated>1</truncated>
    <Difficult>0</Difficult>
    <bndbox>
      <xmin>1</xmin>
      <ymin>2</ymin>
      <xmax>436</xmax>
      <ymax>593</ymax>
    </bndbox>
  </object>
</annotation>