<annotation verified="no">
  <folder>ship</folder>
  <filename>00469</filename>
  <path>00469.jpg</path>
  <source>
    <database>Unknown</database>
  </source>
  <size>
    <width>550</width>
    <height>364</height>
    <depth>3</depth>
  </size>
  <segmented>0</segmented>
  <object>
    <name>bulk carrier</name>
    <pose>Unspecified</pose>
    <truncated>0</truncated>
    <Difficult>0</Difficult>
    <bndbox>
      <xmin>93</xmin>
      <ymin>122</ymin>
      <xmax>492</xmax>
      <ymax>275</ymax>
    </bndbox>
  </object>
  <object>
    <name>island reef</name>
    <pose>Unspecified</pose>
    <truncated>1</truncated>
    <Difficult>0</Difficult>
    <bndbox>
      <xmin>1</xmin>
      <ymin>240</ymin>
      <xmax>118</xmax>
      <ymax>254</ymax>
    </bndbox>
  </object>
  <object>
    <name>island reef</name>
    <pose>Unspecified</pose>
    <truncated>1</truncated>
    <Difficult>0</Difficult>
    <bndbox>
      <xmin>483</xmin>
      <ymin>247</ymin>
      <xmax>550</xmax>
      <ymax>270</ymax>
    </bndbox>
  </object>
</annotation>