<annotation verified="no">
  <folder>ship</folder>
  <filename>00463</filename>
  <path>00463.jpg</path>
  <source>
    <database>Unknown</database>
  </source>
  <size>
    <width>552</width>
    <height>327</height>
    <depth>3</depth>
  </size>
  <segmented>0</segmented>
  <object>
    <name>bulk carrier</name>
    <pose>Unspecified</pose>
    <truncated>0</truncated>
    <Difficult>0</Difficult>
    <bndbox>
      <xmin>187</xmin>
      <ymin>51</ymin>
      <xmax>448</xmax>
      <ymax>316</ymax>
    </bndbox>
  </object>
</annotation>