<annotation verified="no">
  <folder>ship</folder>
  <filename>00464</filename>
  <path>00464.jpg</path>
  <source>
    <database>Unknown</database>
  </source>
  <size>
    <width>500</width>
    <height>321</height>
    <depth>3</depth>
  </size>
  <segmented>0</segmented>
  <object>
    <name>bulk carrier</name>
    <pose>Unspecified</pose>
    <truncated>0</truncated>
    <Difficult>0</Difficult>
    <bndbox>
      <xmin>85</xmin>
      <ymin>62</ymin>
      <xmax>488</xmax>
      <ymax>258</ymax>
    </bndbox>
  </object>
</annotation>