<annotation verified="no">
  <folder>ship</folder>
  <filename>00462</filename>
  <path>00462.jpg</path>
  <source>
    <database>Unknown</database>
  </source>
  <size>
    <width>500</width>
    <height>561</height>
    <depth>3</depth>
  </size>
  <segmented>0</segmented>
  <object>
    <name>sailboat</name>
    <pose>Unspecified</pose>
    <truncated>1</truncated>
    <Difficult>0</Difficult>
    <bndbox>
      <xmin>49</xmin>
      <ymin>1</ymin>
      <xmax>437</xmax>
      <ymax>545</ymax>
    </bndbox>
  </object>
  <object>
    <name>sailboat</name>
    <pose>Unspecified</pose>
    <truncated>1</truncated>
    <Difficult>0</Difficult>
    <bndbox>
      <xmin>411</xmin>
      <ymin>225</ymin>
      <xmax>500</xmax>
      <ymax>495</ymax>
    </bndbox>
  </object>
  <object>
    <name>island reef</name>
    <pose>Unspecified</pose>
    <truncated>1</truncated>
    <Difficult>0</Difficult>
    <bndbox>
      <xmin>1</xmin>
      <ymin>437</ymin>
      <xmax>104</xmax>
      <ymax>463</ymax>
    </bndbox>
  </object>
</annotation>