<annotation verified="no">
  <folder>ship</folder>
  <filename>00466</filename>
  <path>00466.jpg</path>
  <source>
    <database>Unknown</database>
  </source>
  <size>
    <width>2500</width>
    <height>1374</height>
    <depth>3</depth>
  </size>
  <segmented>0</segmented>
  <object>
    <name>bulk carrier</name>
    <pose>Unspecified</pose>
    <truncated>0</truncated>
    <Difficult>0</Difficult>
    <bndbox>
      <xmin>1268</xmin>
      <ymin>452</ymin>
      <xmax>2199</xmax>
      <ymax>1217</ymax>
    </bndbox>
  </object>
  <object>
    <name>island reef</name>
    <pose>Unspecified</pose>
    <truncated>0</truncated>
    <Difficult>0</Difficult>
    <bndbox>
      <xmin>459</xmin>
      <ymin>322</ymin>
      <xmax>1335</xmax>
      <ymax>580</ymax>
    </bndbox>
  </object>
</annotation>