<annotation verified="no">
  <folder>ship</folder>
  <filename>00473</filename>
  <path>00473.jpg</path>
  <source>
    <database>Unknown</database>
  </source>
  <size>
    <width>750</width>
    <height>506</height>
    <depth>3</depth>
  </size>
  <segmented>0</segmented>
  <object>
    <name>other ship</name>
    <pose>Unspecified</pose>
    <truncated>0</truncated>
    <Difficult>0</Difficult>
    <bndbox>
      <xmin>269</xmin>
      <ymin>286</ymin>
      <xmax>545</xmax>
      <ymax>489</ymax>
    </bndbox>
  </object>
  <object>
    <name>other ship</name>
    <pose>Unspecified</pose>
    <truncated>0</truncated>
    <Difficult>0</Difficult>
    <bndbox>
      <xmin>626</xmin>
      <ymin>91</ymin>
      <xmax>714</xmax>
      <ymax>174</ymax>
    </bndbox>
  </object>
  <object>
    <name>bulk carrier</name>
    <pose>Unspecified</pose>
    <truncated>0</truncated>
    <Difficult>0</Difficult>
    <bndbox>
      <xmin>271</xmin>
      <ymin>2</ymin>
      <xmax>523</xmax>
      <ymax>230</ymax>
    </bndbox>
  </object>
</annotation>