<annotation verified="no">
  <folder>ship</folder>
  <filename>00476</filename>
  <path>00476.jpg</path>
  <source>
    <database>Unknown</database>
  </source>
  <size>
    <width>448</width>
    <height>299</height>
    <depth>3</depth>
  </size>
  <segmented>0</segmented>
  <object>
    <name>bulk carrier</name>
    <pose>Unspecified</pose>
    <truncated>0</truncated>
    <Difficult>0</Difficult>
    <bndbox>
      <xmin>51</xmin>
      <ymin>58</ymin>
      <xmax>417</xmax>
      <ymax>242</ymax>
    </bndbox>
  </object>
</annotation>