<annotation verified="no">
  <folder>ship</folder>
  <filename>00471</filename>
  <path>00471.jpg</path>
  <source>
    <database>Unknown</database>
  </source>
  <size>
    <width>500</width>
    <height>334</height>
    <depth>3</depth>
  </size>
  <segmented>0</segmented>
  <object>
    <name>bulk carrier</name>
    <pose>Unspecified</pose>
    <truncated>0</truncated>
    <Difficult>0</Difficult>
    <bndbox>
      <xmin>10</xmin>
      <ymin>36</ymin>
      <xmax>314</xmax>
      <ymax>260</ymax>
    </bndbox>
  </object>
  <object>
    <name>other ship</name>
    <pose>Unspecified</pose>
    <truncated>0</truncated>
    <Difficult>0</Difficult>
    <bndbox>
      <xmin>114</xmin>
      <ymin>72</ymin>
      <xmax>147</xmax>
      <ymax>87</ymax>
    </bndbox>
  </object>
</annotation>