<annotation verified="no">
  <folder>ship</folder>
  <filename>00474</filename>
  <path>00474.jpg</path>
  <source>
    <database>Unknown</database>
  </source>
  <size>
    <width>477</width>
    <height>360</height>
    <depth>3</depth>
  </size>
  <segmented>0</segmented>
  <object>
    <name>other ship</name>
    <pose>Unspecified</pose>
    <truncated>0</truncated>
    <Difficult>0</Difficult>
    <bndbox>
      <xmin>55</xmin>
      <ymin>95</ymin>
      <xmax>373</xmax>
      <ymax>191</ymax>
    </bndbox>
  </object>
  <object>
    <name>island reef</name>
    <pose>Unspecified</pose>
    <truncated>1</truncated>
    <Difficult>0</Difficult>
    <bndbox>
      <xmin>1</xmin>
      <ymin>64</ymin>
      <xmax>76</xmax>
      <ymax>167</ymax>
    </bndbox>
  </object>
  <object>
    <name>island reef</name>
    <pose>Unspecified</pose>
    <truncated>1</truncated>
    <Difficult>0</Difficult>
    <bndbox>
      <xmin>296</xmin>
      <ymin>142</ymin>
      <xmax>477</xmax>
      <ymax>172</ymax>
    </bndbox>
  </object>
</annotation>