<annotation verified="no">
  <folder>ship</folder>
  <filename>00478</filename>
  <path>00478.jpg</path>
  <source>
    <database>Unknown</database>
  </source>
  <size>
    <width>950</width>
    <height>710</height>
    <depth>3</depth>
  </size>
  <segmented>0</segmented>
  <object>
    <name>bulk carrier</name>
    <pose>Unspecified</pose>
    <truncated>0</truncated>
    <Difficult>0</Difficult>
    <bndbox>
      <xmin>8</xmin>
      <ymin>46</ymin>
      <xmax>940</xmax>
      <ymax>608</ymax>
    </bndbox>
  </object>
</annotation>