<annotation verified="no">
  <folder>ship</folder>
  <filename>00479</filename>
  <path>00479.jpg</path>
  <source>
    <database>Unknown</database>
  </source>
  <size>
    <width>670</width>
    <height>446</height>
    <depth>3</depth>
  </size>
  <segmented>0</segmented>
  <object>
    <name>bulk carrier</name>
    <pose>Unspecified</pose>
    <truncated>1</truncated>
    <Difficult>0</Difficult>
    <bndbox>
      <xmin>43</xmin>
      <ymin>1</ymin>
      <xmax>598</xmax>
      <ymax>373</ymax>
    </bndbox>
  </object>
  <object>
    <name>other ship</name>
    <pose>Unspecified</pose>
    <truncated>0</truncated>
    <Difficult>0</Difficult>
    <bndbox>
      <xmin>521</xmin>
      <ymin>274</ymin>
      <xmax>669</xmax>
      <ymax>324</ymax>
    </bndbox>
  </object>
  <object>
    <name>island reef</name>
    <pose>Unspecified</pose>
    <truncated>1</truncated>
    <Difficult>0</Difficult>
    <bndbox>
      <xmin>1</xmin>
      <ymin>313</ymin>
      <xmax>65</xmax>
      <ymax>322</ymax>
    </bndbox>
  </object>
</annotation>