<annotation verified="no">
  <folder>ship</folder>
  <filename>00472</filename>
  <path>00472.jpg</path>
  <source>
    <database>Unknown</database>
  </source>
  <size>
    <width>500</width>
    <height>754</height>
    <depth>3</depth>
  </size>
  <segmented>0</segmented>
  <object>
    <name>sailboat</name>
    <pose>Unspecified</pose>
    <truncated>0</truncated>
    <Difficult>0</Difficult>
    <bndbox>
      <xmin>3</xmin>
      <ymin>5</ymin>
      <xmax>474</xmax>
      <ymax>640</ymax>
    </bndbox>
  </object>
  <object>
    <name>island reef</name>
    <pose>Unspecified</pose>
    <truncated>1</truncated>
    <Difficult>0</Difficult>
    <bndbox>
      <xmin>1</xmin>
      <ymin>516</ymin>
      <xmax>139</xmax>
      <ymax>538</ymax>
    </bndbox>
  </object>
  <object>
    <name>island reef</name>
    <pose>Unspecified</pose>
    <truncated>1</truncated>
    <Difficult>0</Difficult>
    <bndbox>
      <xmin>408</xmin>
      <ymin>516</ymin>
      <xmax>500</xmax>
      <ymax>545</ymax>
    </bndbox>
  </object>
</annotation>