<annotation verified="no">
  <folder>ship</folder>
  <filename>00477</filename>
  <path>00477.jpg</path>
  <source>
    <database>Unknown</database>
  </source>
  <size>
    <width>600</width>
    <height>361</height>
    <depth>3</depth>
  </size>
  <segmented>0</segmented>
  <object>
    <name>bulk carrier</name>
    <pose>Unspecified</pose>
    <truncated>0</truncated>
    <Difficult>0</Difficult>
    <bndbox>
      <xmin>32</xmin>
      <ymin>10</ymin>
      <xmax>546</xmax>
      <ymax>336</ymax>
    </bndbox>
  </object>
</annotation>