<annotation verified="no">
  <folder>ship</folder>
  <filename>00489</filename>
  <path>00489.jpg</path>
  <source>
    <database>Unknown</database>
  </source>
  <size>
    <width>549</width>
    <height>383</height>
    <depth>3</depth>
  </size>
  <segmented>0</segmented>
  <object>
    <name>bulk carrier</name>
    <pose>Unspecified</pose>
    <truncated>0</truncated>
    <Difficult>0</Difficult>
    <bndbox>
      <xmin>38</xmin>
      <ymin>45</ymin>
      <xmax>498</xmax>
      <ymax>346</ymax>
    </bndbox>
  </object>
</annotation>