<annotation verified="no">
  <folder>ship</folder>
  <filename>00483</filename>
  <path>00483.jpg</path>
  <source>
    <database>Unknown</database>
  </source>
  <size>
    <width>500</width>
    <height>281</height>
    <depth>3</depth>
  </size>
  <segmented>0</segmented>
  <object>
    <name>other ship</name>
    <pose>Unspecified</pose>
    <truncated>0</truncated>
    <Difficult>0</Difficult>
    <bndbox>
      <xmin>19</xmin>
      <ymin>74</ymin>
      <xmax>409</xmax>
      <ymax>222</ymax>
    </bndbox>
  </object>
</annotation>