<annotation verified="no">
  <folder>ship</folder>
  <filename>00481</filename>
  <path>00481.jpg</path>
  <source>
    <database>Unknown</database>
  </source>
  <size>
    <width>403</width>
    <height>336</height>
    <depth>3</depth>
  </size>
  <segmented>0</segmented>
  <object>
    <name>bulk carrier</name>
    <pose>Unspecified</pose>
    <truncated>0</truncated>
    <Difficult>0</Difficult>
    <bndbox>
      <xmin>19</xmin>
      <ymin>26</ymin>
      <xmax>380</xmax>
      <ymax>292</ymax>
    </bndbox>
  </object>
</annotation>