<annotation verified="no">
  <folder>ship</folder>
  <filename>00480</filename>
  <path>00480.jpg</path>
  <source>
    <database>Unknown</database>
  </source>
  <size>
    <width>398</width>
    <height>278</height>
    <depth>3</depth>
  </size>
  <segmented>0</segmented>
  <object>
    <name>bulk carrier</name>
    <pose>Unspecified</pose>
    <truncated>0</truncated>
    <Difficult>0</Difficult>
    <bndbox>
      <xmin>16</xmin>
      <ymin>32</ymin>
      <xmax>370</xmax>
      <ymax>258</ymax>
    </bndbox>
  </object>
</annotation>