<annotation verified="no">
  <folder>ship</folder>
  <filename>00488</filename>
  <path>00488.jpg</path>
  <source>
    <database>Unknown</database>
  </source>
  <size>
    <width>402</width>
    <height>261</height>
    <depth>3</depth>
  </size>
  <segmented>0</segmented>
  <object>
    <name>bulk carrier</name>
    <pose>Unspecified</pose>
    <truncated>0</truncated>
    <Difficult>0</Difficult>
    <bndbox>
      <xmin>32</xmin>
      <ymin>19</ymin>
      <xmax>378</xmax>
      <ymax>246</ymax>
    </bndbox>
  </object>
</annotation>