<annotation verified="no">
  <folder>ship</folder>
  <filename>00485</filename>
  <path>00485.jpg</path>
  <source>
    <database>Unknown</database>
  </source>
  <size>
    <width>800</width>
    <height>545</height>
    <depth>3</depth>
  </size>
  <segmented>0</segmented>
  <object>
    <name>bulk carrier</name>
    <pose>Unspecified</pose>
    <truncated>1</truncated>
    <Difficult>0</Difficult>
    <bndbox>
      <xmin>21</xmin>
      <ymin>147</ymin>
      <xmax>800</xmax>
      <ymax>326</ymax>
    </bndbox>
  </object>
</annotation>