<annotation verified="no">
  <folder>ship</folder>
  <filename>00487</filename>
  <path>00487.jpg</path>
  <source>
    <database>Unknown</database>
  </source>
  <size>
    <width>1600</width>
    <height>1067</height>
    <depth>3</depth>
  </size>
  <segmented>0</segmented>
  <object>
    <name>bulk carrier</name>
    <pose>Unspecified</pose>
    <truncated>0</truncated>
    <Difficult>0</Difficult>
    <bndbox>
      <xmin>286</xmin>
      <ymin>176</ymin>
      <xmax>1461</xmax>
      <ymax>851</ymax>
    </bndbox>
  </object>
</annotation>