<annotation verified="no">
  <folder>ship</folder>
  <filename>00484</filename>
  <path>00484.jpg</path>
  <source>
    <database>Unknown</database>
  </source>
  <size>
    <width>500</width>
    <height>332</height>
    <depth>3</depth>
  </size>
  <segmented>0</segmented>
  <object>
    <name>bulk carrier</name>
    <pose>Unspecified</pose>
    <truncated>0</truncated>
    <Difficult>0</Difficult>
    <bndbox>
      <xmin>56</xmin>
      <ymin>104</ymin>
      <xmax>333</xmax>
      <ymax>257</ymax>
    </bndbox>
  </object>
  <object>
    <name>other ship</name>
    <pose>Unspecified</pose>
    <truncated>0</truncated>
    <Difficult>0</Difficult>
    <bndbox>
      <xmin>109</xmin>
      <ymin>262</ymin>
      <xmax>132</xmax>
      <ymax>276</ymax>
    </bndbox>
  </object>
  <object>
    <name>island reef</name>
    <pose>Unspecified</pose>
    <truncated>1</truncated>
    <Difficult>0</Difficult>
    <bndbox>
      <xmin>359</xmin>
      <ymin>217</ymin>
      <xmax>500</xmax>
      <ymax>247</ymax>
    </bndbox>
  </object>
</annotation>