<annotation verified="no">
  <folder>ship</folder>
  <filename>00493</filename>
  <path>00493.jpg</path>
  <source>
    <database>Unknown</database>
  </source>
  <size>
    <width>505</width>
    <height>437</height>
    <depth>3</depth>
  </size>
  <segmented>0</segmented>
  <object>
    <name>other ship</name>
    <pose>Unspecified</pose>
    <truncated>0</truncated>
    <Difficult>0</Difficult>
    <bndbox>
      <xmin>54</xmin>
      <ymin>118</ymin>
      <xmax>459</xmax>
      <ymax>329</ymax>
    </bndbox>
  </object>
</annotation>