<annotation verified="no">
  <folder>ship</folder>
  <filename>00495</filename>
  <path>00495.jpg</path>
  <source>
    <database>Unknown</database>
  </source>
  <size>
    <width>970</width>
    <height>611</height>
    <depth>3</depth>
  </size>
  <segmented>0</segmented>
  <object>
    <name>sailboat</name>
    <pose>Unspecified</pose>
    <truncated>0</truncated>
    <Difficult>0</Difficult>
    <bndbox>
      <xmin>723</xmin>
      <ymin>218</ymin>
      <xmax>792</xmax>
      <ymax>413</ymax>
    </bndbox>
  </object>
  <object>
    <name>sailboat</name>
    <pose>Unspecified</pose>
    <truncated>0</truncated>
    <Difficult>0</Difficult>
    <bndbox>
      <xmin>588</xmin>
      <ymin>296</ymin>
      <xmax>635</xmax>
      <ymax>405</ymax>
    </bndbox>
  </object>
  <object>
    <name>sailboat</name>
    <pose>Unspecified</pose>
    <truncated>0</truncated>
    <Difficult>0</Difficult>
    <bndbox>
      <xmin>535</xmin>
      <ymin>308</ymin>
      <xmax>564</xmax>
      <ymax>406</ymax>
    </bndbox>
  </object>
  <object>
    <name>sailboat</name>
    <pose>Unspecified</pose>
    <truncated>0</truncated>
    <Difficult>0</Difficult>
    <bndbox>
      <xmin>503</xmin>
      <ymin>322</ymin>
      <xmax>535</xmax>
      <ymax>406</ymax>
    </bndbox>
  </object>
  <object>
    <name>sailboat</name>
    <pose>Unspecified</pose>
    <truncated>0</truncated>
    <Difficult>0</Difficult>
    <bndbox>
      <xmin>397</xmin>
      <ymin>315</ymin>
      <xmax>441</xmax>
      <ymax>406</ymax>
    </bndbox>
  </object>
  <object>
    <name>sailboat</name>
    <pose>Unspecified</pose>
    <truncated>0</truncated>
    <Difficult>0</Difficult>
    <bndbox>
      <xmin>353</xmin>
      <ymin>307</ymin>
      <xmax>381</xmax>
      <ymax>405</ymax>
    </bndbox>
  </object>
  <object>
    <name>sailboat</name>
    <pose>Unspecified</pose>
    <truncated>0</truncated>
    <Difficult>0</Difficult>
    <bndbox>
      <xmin>195</xmin>
      <ymin>221</ymin>
      <xmax>332</xmax>
      <ymax>415</ymax>
    </bndbox>
  </object>
  <object>
    <name>sailboat</name>
    <pose>Unspecified</pose>
    <truncated>0</truncated>
    <Difficult>0</Difficult>
    <bndbox>
      <xmin>176</xmin>
      <ymin>305</ymin>
      <xmax>199</xmax>
      <ymax>403</ymax>
    </bndbox>
  </object>
</annotation>