<annotation verified="no">
  <folder>ship</folder>
  <filename>00499</filename>
  <path>00499.jpg</path>
  <source>
    <database>Unknown</database>
  </source>
  <size>
    <width>840</width>
    <height>560</height>
    <depth>3</depth>
  </size>
  <segmented>0</segmented>
  <object>
    <name>liner</name>
    <pose>Unspecified</pose>
    <truncated>0</truncated>
    <Difficult>0</Difficult>
    <bndbox>
      <xmin>75</xmin>
      <ymin>132</ymin>
      <xmax>791</xmax>
      <ymax>378</ymax>
    </bndbox>
  </object>
</annotation>