<annotation verified="no">
  <folder>ship</folder>
  <filename>00492</filename>
  <path>00492.jpg</path>
  <source>
    <database>Unknown</database>
  </source>
  <size>
    <width>750</width>
    <height>562</height>
    <depth>3</depth>
  </size>
  <segmented>0</segmented>
  <object>
    <name>bulk carrier</name>
    <pose>Unspecified</pose>
    <truncated>0</truncated>
    <Difficult>0</Difficult>
    <bndbox>
      <xmin>57</xmin>
      <ymin>138</ymin>
      <xmax>694</xmax>
      <ymax>428</ymax>
    </bndbox>
  </object>
</annotation>