<annotation verified="no">
  <folder>ship</folder>
  <filename>00497</filename>
  <path>00497.jpg</path>
  <source>
    <database>Unknown</database>
  </source>
  <size>
    <width>1280</width>
    <height>712</height>
    <depth>3</depth>
  </size>
  <segmented>0</segmented>
  <object>
    <name>other ship</name>
    <pose>Unspecified</pose>
    <truncated>0</truncated>
    <Difficult>0</Difficult>
    <bndbox>
      <xmin>431</xmin>
      <ymin>398</ymin>
      <xmax>736</xmax>
      <ymax>494</ymax>
    </bndbox>
  </object>
  <object>
    <name>other ship</name>
    <pose>Unspecified</pose>
    <truncated>0</truncated>
    <Difficult>0</Difficult>
    <bndbox>
      <xmin>722</xmin>
      <ymin>425</ymin>
      <xmax>1111</xmax>
      <ymax>494</ymax>
    </bndbox>
  </object>
  <object>
    <name>other ship</name>
    <pose>Unspecified</pose>
    <truncated>1</truncated>
    <Difficult>0</Difficult>
    <bndbox>
      <xmin>879</xmin>
      <ymin>429</ymin>
      <xmax>1280</xmax>
      <ymax>595</ymax>
    </bndbox>
  </object>
</annotation>