<annotation verified="no">
  <folder>ship</folder>
  <filename>00494</filename>
  <path>00494.jpg</path>
  <source>
    <database>Unknown</database>
  </source>
  <size>
    <width>860</width>
    <height>357</height>
    <depth>3</depth>
  </size>
  <segmented>0</segmented>
  <object>
    <name>liner</name>
    <pose>Unspecified</pose>
    <truncated>0</truncated>
    <Difficult>0</Difficult>
    <bndbox>
      <xmin>36</xmin>
      <ymin>89</ymin>
      <xmax>795</xmax>
      <ymax>312</ymax>
    </bndbox>
  </object>
  <object>
    <name>island reef</name>
    <pose>Unspecified</pose>
    <truncated>1</truncated>
    <Difficult>0</Difficult>
    <bndbox>
      <xmin>1</xmin>
      <ymin>119</ymin>
      <xmax>163</xmax>
      <ymax>203</ymax>
    </bndbox>
  </object>
</annotation>