<annotation verified="no">
  <folder>ship</folder>
  <filename>00498</filename>
  <path>00498.jpg</path>
  <source>
    <database>Unknown</database>
  </source>
  <size>
    <width>2560</width>
    <height>1440</height>
    <depth>3</depth>
  </size>
  <segmented>0</segmented>
  <object>
    <name>liner</name>
    <pose>Unspecified</pose>
    <truncated>0</truncated>
    <Difficult>0</Difficult>
    <bndbox>
      <xmin>460</xmin>
      <ymin>359</ymin>
      <xmax>1707</xmax>
      <ymax>926</ymax>
    </bndbox>
  </object>
  <object>
    <name>island reef</name>
    <pose>Unspecified</pose>
    <truncated>0</truncated>
    <Difficult>0</Difficult>
    <bndbox>
      <xmin>683</xmin>
      <ymin>28</ymin>
      <xmax>2552</xmax>
      <ymax>221</ymax>
    </bndbox>
  </object>
</annotation>