<annotation verified="no">
  <folder>ship</folder>
  <filename>00490</filename>
  <path>00490.jpg</path>
  <source>
    <database>Unknown</database>
  </source>
  <size>
    <width>720</width>
    <height>504</height>
    <depth>3</depth>
  </size>
  <segmented>0</segmented>
  <object>
    <name>bulk carrier</name>
    <pose>Unspecified</pose>
    <truncated>0</truncated>
    <Difficult>0</Difficult>
    <bndbox>
      <xmin>101</xmin>
      <ymin>67</ymin>
      <xmax>662</xmax>
      <ymax>380</ymax>
    </bndbox>
  </object>
</annotation>