<annotation verified="no">
  <folder>ship</folder>
  <filename>00501</filename>
  <path>00501.jpg</path>
  <source>
    <database>Unknown</database>
  </source>
  <size>
    <width>970</width>
    <height>728</height>
    <depth>3</depth>
  </size>
  <segmented>0</segmented>
  <object>
    <name>other ship</name>
    <pose>Unspecified</pose>
    <truncated>0</truncated>
    <Difficult>0</Difficult>
    <bndbox>
      <xmin>357</xmin>
      <ymin>271</ymin>
      <xmax>802</xmax>
      <ymax>633</ymax>
    </bndbox>
  </object>
</annotation>