<annotation verified="no">
  <folder>ship</folder>
  <filename>00506</filename>
  <path>00506.jpg</path>
  <source>
    <database>Unknown</database>
  </source>
  <size>
    <width>800</width>
    <height>597</height>
    <depth>3</depth>
  </size>
  <segmented>0</segmented>
  <object>
    <name>other ship</name>
    <pose>Unspecified</pose>
    <truncated>0</truncated>
    <Difficult>0</Difficult>
    <bndbox>
      <xmin>51</xmin>
      <ymin>252</ymin>
      <xmax>690</xmax>
      <ymax>411</ymax>
    </bndbox>
  </object>
  <object>
    <name>island reef</name>
    <pose>Unspecified</pose>
    <truncated>1</truncated>
    <Difficult>0</Difficult>
    <bndbox>
      <xmin>421</xmin>
      <ymin>209</ymin>
      <xmax>800</xmax>
      <ymax>305</ymax>
    </bndbox>
  </object>
  <object>
    <name>island reef</name>
    <pose>Unspecified</pose>
    <truncated>1</truncated>
    <Difficult>0</Difficult>
    <bndbox>
      <xmin>1</xmin>
      <ymin>223</ymin>
      <xmax>281</xmax>
      <ymax>320</ymax>
    </bndbox>
  </object>
</annotation>