<annotation verified="no">
  <folder>ship</folder>
  <filename>00504</filename>
  <path>00504.jpg</path>
  <source>
    <database>Unknown</database>
  </source>
  <size>
    <width>970</width>
    <height>626</height>
    <depth>3</depth>
  </size>
  <segmented>0</segmented>
  <object>
    <name>liner</name>
    <pose>Unspecified</pose>
    <truncated>0</truncated>
    <Difficult>0</Difficult>
    <bndbox>
      <xmin>325</xmin>
      <ymin>87</ymin>
      <xmax>721</xmax>
      <ymax>483</ymax>
    </bndbox>
  </object>
  <object>
    <name>other ship</name>
    <pose>Unspecified</pose>
    <truncated>0</truncated>
    <Difficult>0</Difficult>
    <bndbox>
      <xmin>312</xmin>
      <ymin>447</ymin>
      <xmax>343</xmax>
      <ymax>474</ymax>
    </bndbox>
  </object>
</annotation>