<annotation verified="no">
  <folder>ship</folder>
  <filename>00503</filename>
  <path>00503.jpg</path>
  <source>
    <database>Unknown</database>
  </source>
  <size>
    <width>1920</width>
    <height>1080</height>
    <depth>3</depth>
  </size>
  <segmented>0</segmented>
  <object>
    <name>bulk carrier</name>
    <pose>Unspecified</pose>
    <truncated>1</truncated>
    <Difficult>0</Difficult>
    <bndbox>
      <xmin>1</xmin>
      <ymin>203</ymin>
      <xmax>1647</xmax>
      <ymax>552</ymax>
    </bndbox>
  </object>
</annotation>