<annotation verified="no">
  <folder>ship</folder>
  <filename>00509</filename>
  <path>00509.jpg</path>
  <source>
    <database>Unknown</database>
  </source>
  <size>
    <width>900</width>
    <height>600</height>
    <depth>3</depth>
  </size>
  <segmented>0</segmented>
  <object>
    <name>container ship</name>
    <pose>Unspecified</pose>
    <truncated>0</truncated>
    <Difficult>0</Difficult>
    <bndbox>
      <xmin>123</xmin>
      <ymin>202</ymin>
      <xmax>664</xmax>
      <ymax>433</ymax>
    </bndbox>
  </object>
</annotation>