<annotation verified="no">
  <folder>ship</folder>
  <filename>00500</filename>
  <path>00500.jpg</path>
  <source>
    <database>Unknown</database>
  </source>
  <size>
    <width>970</width>
    <height>1359</height>
    <depth>3</depth>
  </size>
  <segmented>0</segmented>
  <object>
    <name>other ship</name>
    <pose>Unspecified</pose>
    <truncated>0</truncated>
    <Difficult>0</Difficult>
    <bndbox>
      <xmin>215</xmin>
      <ymin>538</ymin>
      <xmax>654</xmax>
      <ymax>735</ymax>
    </bndbox>
  </object>
  <object>
    <name>island reef</name>
    <pose>Unspecified</pose>
    <truncated>1</truncated>
    <Difficult>0</Difficult>
    <bndbox>
      <xmin>690</xmin>
      <ymin>618</ymin>
      <xmax>970</xmax>
      <ymax>718</ymax>
    </bndbox>
  </object>
</annotation>