<annotation verified="no">
  <folder>ship</folder>
  <filename>00507</filename>
  <path>00507.jpg</path>
  <source>
    <database>Unknown</database>
  </source>
  <size>
    <width>600</width>
    <height>400</height>
    <depth>3</depth>
  </size>
  <segmented>0</segmented>
  <object>
    <name>liner</name>
    <pose>Unspecified</pose>
    <truncated>0</truncated>
    <Difficult>0</Difficult>
    <bndbox>
      <xmin>141</xmin>
      <ymin>116</ymin>
      <xmax>538</xmax>
      <ymax>300</ymax>
    </bndbox>
  </object>
</annotation>