<annotation verified="no">
  <folder>ship</folder>
  <filename>00502</filename>
  <path>00502.jpg</path>
  <source>
    <database>Unknown</database>
  </source>
  <size>
    <width>1920</width>
    <height>1080</height>
    <depth>3</depth>
  </size>
  <segmented>0</segmented>
  <object>
    <name>liner</name>
    <pose>Unspecified</pose>
    <truncated>0</truncated>
    <Difficult>0</Difficult>
    <bndbox>
      <xmin>567</xmin>
      <ymin>662</ymin>
      <xmax>659</xmax>
      <ymax>721</ymax>
    </bndbox>
  </object>
  <object>
    <name>liner</name>
    <pose>Unspecified</pose>
    <truncated>0</truncated>
    <Difficult>0</Difficult>
    <bndbox>
      <xmin>367</xmin>
      <ymin>603</ymin>
      <xmax>446</xmax>
      <ymax>647</ymax>
    </bndbox>
  </object>
  <object>
    <name>liner</name>
    <pose>Unspecified</pose>
    <truncated>0</truncated>
    <Difficult>0</Difficult>
    <bndbox>
      <xmin>964</xmin>
      <ymin>491</ymin>
      <xmax>996</xmax>
      <ymax>522</ymax>
    </bndbox>
  </object>
  <object>
    <name>other ship</name>
    <pose>Unspecified</pose>
    <truncated>0</truncated>
    <Difficult>0</Difficult>
    <bndbox>
      <xmin>1871</xmin>
      <ymin>400</ymin>
      <xmax>1893</xmax>
      <ymax>418</ymax>
    </bndbox>
  </object>
  <object>
    <name>other ship</name>
    <pose>Unspecified</pose>
    <truncated>0</truncated>
    <Difficult>0</Difficult>
    <bndbox>
      <xmin>723</xmin>
      <ymin>580</ymin>
      <xmax>771</xmax>
      <ymax>615</ymax>
    </bndbox>
  </object>
  <object>
    <name>other ship</name>
    <pose>Unspecified</pose>
    <truncated>0</truncated>
    <Difficult>0</Difficult>
    <bndbox>
      <xmin>498</xmin>
      <ymin>503</ymin>
      <xmax>516</xmax>
      <ymax>523</ymax>
    </bndbox>
  </object>
  <object>
    <name>island reef</name>
    <pose>Unspecified</pose>
    <truncated>1</truncated>
    <Difficult>0</Difficult>
    <bndbox>
      <xmin>1</xmin>
      <ymin>256</ymin>
      <xmax>858</xmax>
      <ymax>476</ymax>
    </bndbox>
  </object>
  <object>
    <name>island reef</name>
    <pose>Unspecified</pose>
    <truncated>1</truncated>
    <Difficult>0</Difficult>
    <bndbox>
      <xmin>1013</xmin>
      <ymin>177</ymin>
      <xmax>1920</xmax>
      <ymax>350</ymax>
    </bndbox>
  </object>
</annotation>