<annotation verified="no">
  <folder>ship</folder>
  <filename>00505</filename>
  <path>00505.jpg</path>
  <source>
    <database>Unknown</database>
  </source>
  <size>
    <width>640</width>
    <height>313</height>
    <depth>3</depth>
  </size>
  <segmented>0</segmented>
  <object>
    <name>bulk carrier</name>
    <pose>Unspecified</pose>
    <truncated>0</truncated>
    <Difficult>0</Difficult>
    <bndbox>
      <xmin>305</xmin>
      <ymin>138</ymin>
      <xmax>544</xmax>
      <ymax>224</ymax>
    </bndbox>
  </object>
</annotation>