<annotation verified="no">
  <folder>ship</folder>
  <filename>00508</filename>
  <path>00508.jpg</path>
  <source>
    <database>Unknown</database>
  </source>
  <size>
    <width>500</width>
    <height>224</height>
    <depth>3</depth>
  </size>
  <segmented>0</segmented>
  <object>
    <name>liner</name>
    <pose>Unspecified</pose>
    <truncated>0</truncated>
    <Difficult>0</Difficult>
    <bndbox>
      <xmin>25</xmin>
      <ymin>52</ymin>
      <xmax>375</xmax>
      <ymax>223</ymax>
    </bndbox>
  </object>
  <object>
    <name>island reef</name>
    <pose>Unspecified</pose>
    <truncated>1</truncated>
    <Difficult>0</Difficult>
    <bndbox>
      <xmin>331</xmin>
      <ymin>46</ymin>
      <xmax>500</xmax>
      <ymax>74</ymax>
    </bndbox>
  </object>
</annotation>