<annotation verified="no">
  <folder>ship</folder>
  <filename>00513</filename>
  <path>00513.jpg</path>
  <source>
    <database>Unknown</database>
  </source>
  <size>
    <width>550</width>
    <height>356</height>
    <depth>3</depth>
  </size>
  <segmented>0</segmented>
  <object>
    <name>other ship</name>
    <pose>Unspecified</pose>
    <truncated>0</truncated>
    <Difficult>0</Difficult>
    <bndbox>
      <xmin>71</xmin>
      <ymin>155</ymin>
      <xmax>234</xmax>
      <ymax>235</ymax>
    </bndbox>
  </object>
</annotation>