<annotation verified="no">
  <folder>ship</folder>
  <filename>00511</filename>
  <path>00511.jpg</path>
  <source>
    <database>Unknown</database>
  </source>
  <size>
    <width>660</width>
    <height>370</height>
    <depth>3</depth>
  </size>
  <segmented>0</segmented>
  <object>
    <name>other ship</name>
    <pose>Unspecified</pose>
    <truncated>0</truncated>
    <Difficult>0</Difficult>
    <bndbox>
      <xmin>512</xmin>
      <ymin>157</ymin>
      <xmax>547</xmax>
      <ymax>165</ymax>
    </bndbox>
  </object>
  <object>
    <name>other ship</name>
    <pose>Unspecified</pose>
    <truncated>0</truncated>
    <Difficult>0</Difficult>
    <bndbox>
      <xmin>403</xmin>
      <ymin>159</ymin>
      <xmax>423</xmax>
      <ymax>166</ymax>
    </bndbox>
  </object>
  <object>
    <name>bulk carrier</name>
    <pose>Unspecified</pose>
    <truncated>0</truncated>
    <Difficult>0</Difficult>
    <bndbox>
      <xmin>90</xmin>
      <ymin>150</ymin>
      <xmax>229</xmax>
      <ymax>178</ymax>
    </bndbox>
  </object>
  <object>
    <name>bulk carrier</name>
    <pose>Unspecified</pose>
    <truncated>0</truncated>
    <Difficult>0</Difficult>
    <bndbox>
      <xmin>204</xmin>
      <ymin>171</ymin>
      <xmax>452</xmax>
      <ymax>225</ymax>
    </bndbox>
  </object>
</annotation>