<annotation verified="no">
  <folder>ship</folder>
  <filename>00510</filename>
  <path>00510.jpg</path>
  <source>
    <database>Unknown</database>
  </source>
  <size>
    <width>640</width>
    <height>394</height>
    <depth>3</depth>
  </size>
  <segmented>0</segmented>
  <object>
    <name>sailboat</name>
    <pose>Unspecified</pose>
    <truncated>0</truncated>
    <Difficult>0</Difficult>
    <bndbox>
      <xmin>36</xmin>
      <ymin>53</ymin>
      <xmax>478</xmax>
      <ymax>327</ymax>
    </bndbox>
  </object>
  <object>
    <name>island reef</name>
    <pose>Unspecified</pose>
    <truncated>1</truncated>
    <Difficult>0</Difficult>
    <bndbox>
      <xmin>481</xmin>
      <ymin>255</ymin>
      <xmax>640</xmax>
      <ymax>310</ymax>
    </bndbox>
  </object>
  <object>
    <name>island reef</name>
    <pose>Unspecified</pose>
    <truncated>1</truncated>
    <Difficult>0</Difficult>
    <bndbox>
      <xmin>1</xmin>
      <ymin>264</ymin>
      <xmax>139</xmax>
      <ymax>317</ymax>
    </bndbox>
  </object>
</annotation>