<annotation verified="no">
  <folder>ship</folder>
  <filename>00518</filename>
  <path>00518.jpg</path>
  <source>
    <database>Unknown</database>
  </source>
  <size>
    <width>650</width>
    <height>419</height>
    <depth>3</depth>
  </size>
  <segmented>0</segmented>
  <object>
    <name>sailboat</name>
    <pose>Unspecified</pose>
    <truncated>0</truncated>
    <Difficult>0</Difficult>
    <bndbox>
      <xmin>257</xmin>
      <ymin>39</ymin>
      <xmax>459</xmax>
      <ymax>271</ymax>
    </bndbox>
  </object>
</annotation>