<annotation verified="no">
  <folder>ship</folder>
  <filename>00517</filename>
  <path>00517.jpg</path>
  <source>
    <database>Unknown</database>
  </source>
  <size>
    <width>550</width>
    <height>364</height>
    <depth>3</depth>
  </size>
  <segmented>0</segmented>
  <object>
    <name>other ship</name>
    <pose>Unspecified</pose>
    <truncated>0</truncated>
    <Difficult>0</Difficult>
    <bndbox>
      <xmin>211</xmin>
      <ymin>112</ymin>
      <xmax>423</xmax>
      <ymax>308</ymax>
    </bndbox>
  </object>
</annotation>