<annotation verified="no">
  <folder>ship</folder>
  <filename>00512</filename>
  <path>00512.jpg</path>
  <source>
    <database>Unknown</database>
  </source>
  <size>
    <width>649</width>
    <height>487</height>
    <depth>3</depth>
  </size>
  <segmented>0</segmented>
  <object>
    <name>container ship</name>
    <pose>Unspecified</pose>
    <truncated>0</truncated>
    <Difficult>0</Difficult>
    <bndbox>
      <xmin>118</xmin>
      <ymin>171</ymin>
      <xmax>467</xmax>
      <ymax>241</ymax>
    </bndbox>
  </object>
</annotation>