<annotation verified="no">
  <folder>ship</folder>
  <filename>00519</filename>
  <path>00519.jpg</path>
  <source>
    <database>Unknown</database>
  </source>
  <size>
    <width>640</width>
    <height>433</height>
    <depth>3</depth>
  </size>
  <segmented>0</segmented>
  <object>
    <name>bulk carrier</name>
    <pose>Unspecified</pose>
    <truncated>0</truncated>
    <Difficult>0</Difficult>
    <bndbox>
      <xmin>4</xmin>
      <ymin>18</ymin>
      <xmax>557</xmax>
      <ymax>182</ymax>
    </bndbox>
  </object>
  <object>
    <name>other ship</name>
    <pose>Unspecified</pose>
    <truncated>1</truncated>
    <Difficult>0</Difficult>
    <bndbox>
      <xmin>1</xmin>
      <ymin>200</ymin>
      <xmax>248</xmax>
      <ymax>433</ymax>
    </bndbox>
  </object>
</annotation>