<annotation verified="no">
  <folder>ship</folder>
  <filename>00515</filename>
  <path>00515.jpg</path>
  <source>
    <database>Unknown</database>
  </source>
  <size>
    <width>1208</width>
    <height>800</height>
    <depth>3</depth>
  </size>
  <segmented>0</segmented>
  <object>
    <name>other ship</name>
    <pose>Unspecified</pose>
    <truncated>0</truncated>
    <Difficult>0</Difficult>
    <bndbox>
      <xmin>241</xmin>
      <ymin>345</ymin>
      <xmax>878</xmax>
      <ymax>709</ymax>
    </bndbox>
  </object>
  <object>
    <name>other ship</name>
    <pose>Unspecified</pose>
    <truncated>0</truncated>
    <Difficult>0</Difficult>
    <bndbox>
      <xmin>913</xmin>
      <ymin>528</ymin>
      <xmax>1093</xmax>
      <ymax>573</ymax>
    </bndbox>
  </object>
  <object>
    <name>other ship</name>
    <pose>Unspecified</pose>
    <truncated>0</truncated>
    <Difficult>0</Difficult>
    <bndbox>
      <xmin>935</xmin>
      <ymin>439</ymin>
      <xmax>1195</xmax>
      <ymax>520</ymax>
    </bndbox>
  </object>
  <object>
    <name>island reef</name>
    <pose>Unspecified</pose>
    <truncated>1</truncated>
    <Difficult>0</Difficult>
    <bndbox>
      <xmin>7</xmin>
      <ymin>308</ymin>
      <xmax>1208</xmax>
      <ymax>494</ymax>
    </bndbox>
  </object>
</annotation>