<annotation verified="no">
  <folder>ship</folder>
  <filename>00514</filename>
  <path>00514.jpg</path>
  <source>
    <database>Unknown</database>
  </source>
  <size>
    <width>1200</width>
    <height>800</height>
    <depth>3</depth>
  </size>
  <segmented>0</segmented>
  <object>
    <name>bulk carrier</name>
    <pose>Unspecified</pose>
    <truncated>0</truncated>
    <Difficult>0</Difficult>
    <bndbox>
      <xmin>162</xmin>
      <ymin>648</ymin>
      <xmax>801</xmax>
      <ymax>704</ymax>
    </bndbox>
  </object>
  <object>
    <name>island reef</name>
    <pose>Unspecified</pose>
    <truncated>1</truncated>
    <Difficult>0</Difficult>
    <bndbox>
      <xmin>7</xmin>
      <ymin>395</ymin>
      <xmax>1200</xmax>
      <ymax>676</ymax>
    </bndbox>
  </object>
</annotation>