<annotation verified="no">
  <folder>ship</folder>
  <filename>00516</filename>
  <path>00516.jpg</path>
  <source>
    <database>Unknown</database>
  </source>
  <size>
    <width>720</width>
    <height>480</height>
    <depth>3</depth>
  </size>
  <segmented>0</segmented>
  <object>
    <name>sailboat</name>
    <pose>Unspecified</pose>
    <truncated>0</truncated>
    <Difficult>0</Difficult>
    <bndbox>
      <xmin>303</xmin>
      <ymin>163</ymin>
      <xmax>351</xmax>
      <ymax>277</ymax>
    </bndbox>
  </object>
  <object>
    <name>other ship</name>
    <pose>Unspecified</pose>
    <truncated>0</truncated>
    <Difficult>0</Difficult>
    <bndbox>
      <xmin>362</xmin>
      <ymin>268</ymin>
      <xmax>378</xmax>
      <ymax>276</ymax>
    </bndbox>
  </object>
  <object>
    <name>island reef</name>
    <pose>Unspecified</pose>
    <truncated>1</truncated>
    <Difficult>0</Difficult>
    <bndbox>
      <xmin>643</xmin>
      <ymin>229</ymin>
      <xmax>720</xmax>
      <ymax>256</ymax>
    </bndbox>
  </object>
  <object>
    <name>island reef</name>
    <pose>Unspecified</pose>
    <truncated>0</truncated>
    <Difficult>0</Difficult>
    <bndbox>
      <xmin>9</xmin>
      <ymin>239</ymin>
      <xmax>70</xmax>
      <ymax>265</ymax>
    </bndbox>
  </object>
  <object>
    <name>island reef</name>
    <pose>Unspecified</pose>
    <truncated>0</truncated>
    <Difficult>0</Difficult>
    <bndbox>
      <xmin>136</xmin>
      <ymin>228</ymin>
      <xmax>470</xmax>
      <ymax>260</ymax>
    </bndbox>
  </object>
</annotation>