<annotation verified="no">
  <folder>ship</folder>
  <filename>00529</filename>
  <path>00529.jpg</path>
  <source>
    <database>Unknown</database>
  </source>
  <size>
    <width>650</width>
    <height>381</height>
    <depth>3</depth>
  </size>
  <segmented>0</segmented>
  <object>
    <name>other ship</name>
    <pose>Unspecified</pose>
    <truncated>1</truncated>
    <Difficult>0</Difficult>
    <bndbox>
      <xmin>1</xmin>
      <ymin>8</ymin>
      <xmax>545</xmax>
      <ymax>259</ymax>
    </bndbox>
  </object>
</annotation>