<annotation verified="no">
  <folder>ship</folder>
  <filename>00525</filename>
  <path>00525.jpg</path>
  <source>
    <database>Unknown</database>
  </source>
  <size>
    <width>900</width>
    <height>900</height>
    <depth>3</depth>
  </size>
  <segmented>0</segmented>
  <object>
    <name>other ship</name>
    <pose>Unspecified</pose>
    <truncated>0</truncated>
    <Difficult>0</Difficult>
    <bndbox>
      <xmin>50</xmin>
      <ymin>48</ymin>
      <xmax>833</xmax>
      <ymax>816</ymax>
    </bndbox>
  </object>
</annotation>