<annotation verified="no">
  <folder>ship</folder>
  <filename>00522</filename>
  <path>00522.jpg</path>
  <source>
    <database>Unknown</database>
  </source>
  <size>
    <width>467</width>
    <height>269</height>
    <depth>3</depth>
  </size>
  <segmented>0</segmented>
  <object>
    <name>bulk carrier</name>
    <pose>Unspecified</pose>
    <truncated>0</truncated>
    <Difficult>0</Difficult>
    <bndbox>
      <xmin>48</xmin>
      <ymin>6</ymin>
      <xmax>408</xmax>
      <ymax>237</ymax>
    </bndbox>
  </object>
</annotation>