<annotation verified="no">
  <folder>ship</folder>
  <filename>00526</filename>
  <path>00526.jpg</path>
  <source>
    <database>Unknown</database>
  </source>
  <size>
    <width>1024</width>
    <height>602</height>
    <depth>3</depth>
  </size>
  <segmented>0</segmented>
  <object>
    <name>other ship</name>
    <pose>Unspecified</pose>
    <truncated>0</truncated>
    <Difficult>0</Difficult>
    <bndbox>
      <xmin>236</xmin>
      <ymin>218</ymin>
      <xmax>871</xmax>
      <ymax>461</ymax>
    </bndbox>
  </object>
  <object>
    <name>island reef</name>
    <pose>Unspecified</pose>
    <truncated>1</truncated>
    <Difficult>0</Difficult>
    <bndbox>
      <xmin>200</xmin>
      <ymin>6</ymin>
      <xmax>1024</xmax>
      <ymax>126</ymax>
    </bndbox>
  </object>
</annotation>