<annotation verified="no">
  <folder>ship</folder>
  <filename>00523</filename>
  <path>00523.jpg</path>
  <source>
    <database>Unknown</database>
  </source>
  <size>
    <width>640</width>
    <height>480</height>
    <depth>3</depth>
  </size>
  <segmented>0</segmented>
  <object>
    <name>liner</name>
    <pose>Unspecified</pose>
    <truncated>0</truncated>
    <Difficult>0</Difficult>
    <bndbox>
      <xmin>43</xmin>
      <ymin>163</ymin>
      <xmax>566</xmax>
      <ymax>287</ymax>
    </bndbox>
  </object>
</annotation>