<annotation verified="no">
  <folder>ship</folder>
  <filename>00520</filename>
  <path>00520.jpg</path>
  <source>
    <database>Unknown</database>
  </source>
  <size>
    <width>1500</width>
    <height>963</height>
    <depth>3</depth>
  </size>
  <segmented>0</segmented>
  <object>
    <name>liner</name>
    <pose>Unspecified</pose>
    <truncated>0</truncated>
    <Difficult>0</Difficult>
    <bndbox>
      <xmin>446</xmin>
      <ymin>221</ymin>
      <xmax>1407</xmax>
      <ymax>640</ymax>
    </bndbox>
  </object>
</annotation>