<annotation verified="no">
  <folder>ship</folder>
  <filename>00527</filename>
  <path>00527.jpg</path>
  <source>
    <database>Unknown</database>
  </source>
  <size>
    <width>1024</width>
    <height>623</height>
    <depth>3</depth>
  </size>
  <segmented>0</segmented>
  <object>
    <name>other ship</name>
    <pose>Unspecified</pose>
    <truncated>0</truncated>
    <Difficult>0</Difficult>
    <bndbox>
      <xmin>161</xmin>
      <ymin>232</ymin>
      <xmax>891</xmax>
      <ymax>496</ymax>
    </bndbox>
  </object>
</annotation>