<annotation verified="no">
  <folder>ship</folder>
  <filename>00521</filename>
  <path>00521.jpg</path>
  <source>
    <database>Unknown</database>
  </source>
  <size>
    <width>646</width>
    <height>421</height>
    <depth>3</depth>
  </size>
  <segmented>0</segmented>
  <object>
    <name>liner</name>
    <pose>Unspecified</pose>
    <truncated>0</truncated>
    <Difficult>0</Difficult>
    <bndbox>
      <xmin>52</xmin>
      <ymin>106</ymin>
      <xmax>645</xmax>
      <ymax>324</ymax>
    </bndbox>
  </object>
</annotation>