<annotation verified="no">
  <folder>ship</folder>
  <filename>00528</filename>
  <path>00528.jpg</path>
  <source>
    <database>Unknown</database>
  </source>
  <size>
    <width>550</width>
    <height>543</height>
    <depth>3</depth>
  </size>
  <segmented>0</segmented>
  <object>
    <name>other ship</name>
    <pose>Unspecified</pose>
    <truncated>0</truncated>
    <Difficult>0</Difficult>
    <bndbox>
      <xmin>37</xmin>
      <ymin>90</ymin>
      <xmax>517</xmax>
      <ymax>428</ymax>
    </bndbox>
  </object>
</annotation>