<annotation verified="no">
  <folder>ship</folder>
  <filename>00524</filename>
  <path>00524.jpg</path>
  <source>
    <database>Unknown</database>
  </source>
  <size>
    <width>650</width>
    <height>488</height>
    <depth>3</depth>
  </size>
  <segmented>0</segmented>
  <object>
    <name>liner</name>
    <pose>Unspecified</pose>
    <truncated>0</truncated>
    <Difficult>0</Difficult>
    <bndbox>
      <xmin>37</xmin>
      <ymin>205</ymin>
      <xmax>614</xmax>
      <ymax>353</ymax>
    </bndbox>
  </object>
</annotation>