<annotation verified="no">
  <folder>ship</folder>
  <filename>00532</filename>
  <path>00532.jpg</path>
  <source>
    <database>Unknown</database>
  </source>
  <size>
    <width>1280</width>
    <height>720</height>
    <depth>3</depth>
  </size>
  <segmented>0</segmented>
  <object>
    <name>other ship</name>
    <pose>Unspecified</pose>
    <truncated>0</truncated>
    <Difficult>0</Difficult>
    <bndbox>
      <xmin>48</xmin>
      <ymin>27</ymin>
      <xmax>1277</xmax>
      <ymax>688</ymax>
    </bndbox>
  </object>
</annotation>