<annotation verified="no">
  <folder>ship</folder>
  <filename>00535</filename>
  <path>00535.jpg</path>
  <source>
    <database>Unknown</database>
  </source>
  <size>
    <width>1440</width>
    <height>1280</height>
    <depth>3</depth>
  </size>
  <segmented>0</segmented>
  <object>
    <name>other ship</name>
    <pose>Unspecified</pose>
    <truncated>0</truncated>
    <Difficult>0</Difficult>
    <bndbox>
      <xmin>226</xmin>
      <ymin>599</ymin>
      <xmax>1199</xmax>
      <ymax>979</ymax>
    </bndbox>
  </object>
  <object>
    <name>island reef</name>
    <pose>Unspecified</pose>
    <truncated>1</truncated>
    <Difficult>0</Difficult>
    <bndbox>
      <xmin>635</xmin>
      <ymin>367</ymin>
      <xmax>1440</xmax>
      <ymax>523</ymax>
    </bndbox>
  </object>
</annotation>