<annotation verified="no">
  <folder>ship</folder>
  <filename>00530</filename>
  <path>00530.jpg</path>
  <source>
    <database>Unknown</database>
  </source>
  <size>
    <width>870</width>
    <height>402</height>
    <depth>3</depth>
  </size>
  <segmented>0</segmented>
  <object>
    <name>other ship</name>
    <pose>Unspecified</pose>
    <truncated>0</truncated>
    <Difficult>0</Difficult>
    <bndbox>
      <xmin>23</xmin>
      <ymin>107</ymin>
      <xmax>822</xmax>
      <ymax>349</ymax>
    </bndbox>
  </object>
</annotation>