<annotation verified="no">
  <folder>ship</folder>
  <filename>00536</filename>
  <path>00536.jpg</path>
  <source>
    <database>Unknown</database>
  </source>
  <size>
    <width>500</width>
    <height>306</height>
    <depth>3</depth>
  </size>
  <segmented>0</segmented>
  <object>
    <name>other ship</name>
    <pose>Unspecified</pose>
    <truncated>0</truncated>
    <Difficult>0</Difficult>
    <bndbox>
      <xmin>10</xmin>
      <ymin>127</ymin>
      <xmax>493</xmax>
      <ymax>230</ymax>
    </bndbox>
  </object>
</annotation>