<annotation verified="no">
  <folder>ship</folder>
  <filename>00538</filename>
  <path>00538.jpg</path>
  <source>
    <database>Unknown</database>
  </source>
  <size>
    <width>700</width>
    <height>500</height>
    <depth>3</depth>
  </size>
  <segmented>0</segmented>
  <object>
    <name>other ship</name>
    <pose>Unspecified</pose>
    <truncated>0</truncated>
    <Difficult>0</Difficult>
    <bndbox>
      <xmin>68</xmin>
      <ymin>61</ymin>
      <xmax>640</xmax>
      <ymax>409</ymax>
    </bndbox>
  </object>
</annotation>