<annotation verified="no">
  <folder>ship</folder>
  <filename>00531</filename>
  <path>00531.jpg</path>
  <source>
    <database>Unknown</database>
  </source>
  <size>
    <width>800</width>
    <height>480</height>
    <depth>3</depth>
  </size>
  <segmented>0</segmented>
  <object>
    <name>liner</name>
    <pose>Unspecified</pose>
    <truncated>0</truncated>
    <Difficult>0</Difficult>
    <bndbox>
      <xmin>25</xmin>
      <ymin>84</ymin>
      <xmax>741</xmax>
      <ymax>400</ymax>
    </bndbox>
  </object>
  <object>
    <name>island reef</name>
    <pose>Unspecified</pose>
    <truncated>1</truncated>
    <Difficult>0</Difficult>
    <bndbox>
      <xmin>739</xmin>
      <ymin>263</ymin>
      <xmax>800</xmax>
      <ymax>394</ymax>
    </bndbox>
  </object>
</annotation>