<annotation verified="no">
  <folder>ship</folder>
  <filename>00533</filename>
  <path>00533.jpg</path>
  <source>
    <database>Unknown</database>
  </source>
  <size>
    <width>950</width>
    <height>633</height>
    <depth>3</depth>
  </size>
  <segmented>0</segmented>
  <object>
    <name>other ship</name>
    <pose>Unspecified</pose>
    <truncated>0</truncated>
    <Difficult>0</Difficult>
    <bndbox>
      <xmin>124</xmin>
      <ymin>268</ymin>
      <xmax>267</xmax>
      <ymax>473</ymax>
    </bndbox>
  </object>
  <object>
    <name>other ship</name>
    <pose>Unspecified</pose>
    <truncated>0</truncated>
    <Difficult>0</Difficult>
    <bndbox>
      <xmin>233</xmin>
      <ymin>256</ymin>
      <xmax>372</xmax>
      <ymax>409</ymax>
    </bndbox>
  </object>
  <object>
    <name>other ship</name>
    <pose>Unspecified</pose>
    <truncated>0</truncated>
    <Difficult>0</Difficult>
    <bndbox>
      <xmin>378</xmin>
      <ymin>174</ymin>
      <xmax>673</xmax>
      <ymax>472</ymax>
    </bndbox>
  </object>
  <object>
    <name>other ship</name>
    <pose>Unspecified</pose>
    <truncated>0</truncated>
    <Difficult>0</Difficult>
    <bndbox>
      <xmin>610</xmin>
      <ymin>179</ymin>
      <xmax>841</xmax>
      <ymax>468</ymax>
    </bndbox>
  </object>
  <object>
    <name>other ship</name>
    <pose>Unspecified</pose>
    <truncated>0</truncated>
    <Difficult>0</Difficult>
    <bndbox>
      <xmin>835</xmin>
      <ymin>356</ymin>
      <xmax>920</xmax>
      <ymax>391</ymax>
    </bndbox>
  </object>
  <object>
    <name>other ship</name>
    <pose>Unspecified</pose>
    <truncated>0</truncated>
    <Difficult>0</Difficult>
    <bndbox>
      <xmin>87</xmin>
      <ymin>279</ymin>
      <xmax>143</xmax>
      <ymax>396</ymax>
    </bndbox>
  </object>
</annotation>