<annotation verified="no">
  <folder>ship</folder>
  <filename>00537</filename>
  <path>00537.jpg</path>
  <source>
    <database>Unknown</database>
  </source>
  <size>
    <width>700</width>
    <height>500</height>
    <depth>3</depth>
  </size>
  <segmented>0</segmented>
  <object>
    <name>other ship</name>
    <pose>Unspecified</pose>
    <truncated>0</truncated>
    <Difficult>0</Difficult>
    <bndbox>
      <xmin>40</xmin>
      <ymin>83</ymin>
      <xmax>663</xmax>
      <ymax>293</ymax>
    </bndbox>
  </object>
  <object>
    <name>island reef</name>
    <pose>Unspecified</pose>
    <truncated>1</truncated>
    <Difficult>0</Difficult>
    <bndbox>
      <xmin>1</xmin>
      <ymin>5</ymin>
      <xmax>473</xmax>
      <ymax>213</ymax>
    </bndbox>
  </object>
</annotation>