<annotation verified="no">
  <folder>ship</folder>
  <filename>00539</filename>
  <path>00539.jpg</path>
  <source>
    <database>Unknown</database>
  </source>
  <size>
    <width>742</width>
    <height>428</height>
    <depth>3</depth>
  </size>
  <segmented>0</segmented>
  <object>
    <name>other ship</name>
    <pose>Unspecified</pose>
    <truncated>0</truncated>
    <Difficult>0</Difficult>
    <bndbox>
      <xmin>53</xmin>
      <ymin>94</ymin>
      <xmax>704</xmax>
      <ymax>324</ymax>
    </bndbox>
  </object>
  <object>
    <name>other ship</name>
    <pose>Unspecified</pose>
    <truncated>0</truncated>
    <Difficult>0</Difficult>
    <bndbox>
      <xmin>42</xmin>
      <ymin>190</ymin>
      <xmax>133</xmax>
      <ymax>237</ymax>
    </bndbox>
  </object>
</annotation>