<annotation verified="no">
  <folder>ship</folder>
  <filename>00534</filename>
  <path>00534.jpg</path>
  <source>
    <database>Unknown</database>
  </source>
  <size>
    <width>1024</width>
    <height>699</height>
    <depth>3</depth>
  </size>
  <segmented>0</segmented>
  <object>
    <name>bulk carrier</name>
    <pose>Unspecified</pose>
    <truncated>0</truncated>
    <Difficult>0</Difficult>
    <bndbox>
      <xmin>112</xmin>
      <ymin>40</ymin>
      <xmax>886</xmax>
      <ymax>582</ymax>
    </bndbox>
  </object>
</annotation>