<annotation verified="no">
  <folder>ship</folder>
  <filename>00542</filename>
  <path>00542.jpg</path>
  <source>
    <database>Unknown</database>
  </source>
  <size>
    <width>950</width>
    <height>482</height>
    <depth>3</depth>
  </size>
  <segmented>0</segmented>
  <object>
    <name>other ship</name>
    <pose>Unspecified</pose>
    <truncated>0</truncated>
    <Difficult>0</Difficult>
    <bndbox>
      <xmin>22</xmin>
      <ymin>105</ymin>
      <xmax>911</xmax>
      <ymax>391</ymax>
    </bndbox>
  </object>
</annotation>