<annotation verified="no">
  <folder>ship</folder>
  <filename>00549</filename>
  <path>00549.jpg</path>
  <source>
    <database>Unknown</database>
  </source>
  <size>
    <width>1024</width>
    <height>678</height>
    <depth>3</depth>
  </size>
  <segmented>0</segmented>
  <object>
    <name>liner</name>
    <pose>Unspecified</pose>
    <truncated>0</truncated>
    <Difficult>0</Difficult>
    <bndbox>
      <xmin>305</xmin>
      <ymin>193</ymin>
      <xmax>882</xmax>
      <ymax>467</ymax>
    </bndbox>
  </object>
</annotation>