<annotation verified="no">
  <folder>ship</folder>
  <filename>00546</filename>
  <path>00546.jpg</path>
  <source>
    <database>Unknown</database>
  </source>
  <size>
    <width>1391</width>
    <height>821</height>
    <depth>3</depth>
  </size>
  <segmented>0</segmented>
  <object>
    <name>other ship</name>
    <pose>Unspecified</pose>
    <truncated>1</truncated>
    <Difficult>0</Difficult>
    <bndbox>
      <xmin>1</xmin>
      <ymin>1</ymin>
      <xmax>1391</xmax>
      <ymax>821</ymax>
    </bndbox>
  </object>
</annotation>