<annotation verified="no">
  <folder>ship</folder>
  <filename>00543</filename>
  <path>00543.jpg</path>
  <source>
    <database>Unknown</database>
  </source>
  <size>
    <width>2100</width>
    <height>1574</height>
    <depth>3</depth>
  </size>
  <segmented>0</segmented>
  <object>
    <name>sailboat</name>
    <pose>Unspecified</pose>
    <truncated>0</truncated>
    <Difficult>0</Difficult>
    <bndbox>
      <xmin>673</xmin>
      <ymin>675</ymin>
      <xmax>851</xmax>
      <ymax>982</ymax>
    </bndbox>
  </object>
  <object>
    <name>other ship</name>
    <pose>Unspecified</pose>
    <truncated>0</truncated>
    <Difficult>0</Difficult>
    <bndbox>
      <xmin>190</xmin>
      <ymin>792</ymin>
      <xmax>563</xmax>
      <ymax>964</ymax>
    </bndbox>
  </object>
</annotation>