<annotation verified="no">
  <folder>ship</folder>
  <filename>00540</filename>
  <path>00540.jpg</path>
  <source>
    <database>Unknown</database>
  </source>
  <size>
    <width>720</width>
    <height>450</height>
    <depth>3</depth>
  </size>
  <segmented>0</segmented>
  <object>
    <name>other ship</name>
    <pose>Unspecified</pose>
    <truncated>0</truncated>
    <Difficult>0</Difficult>
    <bndbox>
      <xmin>342</xmin>
      <ymin>89</ymin>
      <xmax>699</xmax>
      <ymax>354</ymax>
    </bndbox>
  </object>
  <object>
    <name>other ship</name>
    <pose>Unspecified</pose>
    <truncated>0</truncated>
    <Difficult>0</Difficult>
    <bndbox>
      <xmin>136</xmin>
      <ymin>167</ymin>
      <xmax>313</xmax>
      <ymax>306</ymax>
    </bndbox>
  </object>
  <object>
    <name>other ship</name>
    <pose>Unspecified</pose>
    <truncated>0</truncated>
    <Difficult>0</Difficult>
    <bndbox>
      <xmin>27</xmin>
      <ymin>269</ymin>
      <xmax>68</xmax>
      <ymax>288</ymax>
    </bndbox>
  </object>
</annotation>