<annotation verified="no">
  <folder>ship</folder>
  <filename>00545</filename>
  <path>00545.jpg</path>
  <source>
    <database>Unknown</database>
  </source>
  <size>
    <width>600</width>
    <height>450</height>
    <depth>3</depth>
  </size>
  <segmented>0</segmented>
  <object>
    <name>other ship</name>
    <pose>Unspecified</pose>
    <truncated>0</truncated>
    <Difficult>0</Difficult>
    <bndbox>
      <xmin>32</xmin>
      <ymin>185</ymin>
      <xmax>581</xmax>
      <ymax>273</ymax>
    </bndbox>
  </object>
</annotation>