<annotation verified="no">
  <folder>ship</folder>
  <filename>00541</filename>
  <path>00541.jpg</path>
  <source>
    <database>Unknown</database>
  </source>
  <size>
    <width>551</width>
    <height>627</height>
    <depth>3</depth>
  </size>
  <segmented>0</segmented>
  <object>
    <name>other ship</name>
    <pose>Unspecified</pose>
    <truncated>0</truncated>
    <Difficult>0</Difficult>
    <bndbox>
      <xmin>12</xmin>
      <ymin>6</ymin>
      <xmax>536</xmax>
      <ymax>586</ymax>
    </bndbox>
  </object>
</annotation>