<annotation verified="no">
  <folder>ship</folder>
  <filename>00547</filename>
  <path>00547.jpg</path>
  <source>
    <database>Unknown</database>
  </source>
  <size>
    <width>733</width>
    <height>555</height>
    <depth>3</depth>
  </size>
  <segmented>0</segmented>
  <object>
    <name>other ship</name>
    <pose>Unspecified</pose>
    <truncated>0</truncated>
    <Difficult>0</Difficult>
    <bndbox>
      <xmin>467</xmin>
      <ymin>162</ymin>
      <xmax>677</xmax>
      <ymax>289</ymax>
    </bndbox>
  </object>
  <object>
    <name>other ship</name>
    <pose>Unspecified</pose>
    <truncated>0</truncated>
    <Difficult>0</Difficult>
    <bndbox>
      <xmin>161</xmin>
      <ymin>216</ymin>
      <xmax>358</xmax>
      <ymax>324</ymax>
    </bndbox>
  </object>
</annotation>