<annotation verified="no">
  <folder>ship</folder>
  <filename>00544</filename>
  <path>00544.jpg</path>
  <source>
    <database>Unknown</database>
  </source>
  <size>
    <width>600</width>
    <height>400</height>
    <depth>3</depth>
  </size>
  <segmented>0</segmented>
  <object>
    <name>liner</name>
    <pose>Unspecified</pose>
    <truncated>1</truncated>
    <Difficult>0</Difficult>
    <bndbox>
      <xmin>35</xmin>
      <ymin>170</ymin>
      <xmax>600</xmax>
      <ymax>347</ymax>
    </bndbox>
  </object>
  <object>
    <name>island reef</name>
    <pose>Unspecified</pose>
    <truncated>1</truncated>
    <Difficult>0</Difficult>
    <bndbox>
      <xmin>1</xmin>
      <ymin>272</ymin>
      <xmax>82</xmax>
      <ymax>317</ymax>
    </bndbox>
  </object>
</annotation>