<annotation verified="no">
  <folder>ship</folder>
  <filename>00548</filename>
  <path>00548.jpg</path>
  <source>
    <database>Unknown</database>
  </source>
  <size>
    <width>660</width>
    <height>402</height>
    <depth>3</depth>
  </size>
  <segmented>0</segmented>
  <object>
    <name>liner</name>
    <pose>Unspecified</pose>
    <truncated>0</truncated>
    <Difficult>0</Difficult>
    <bndbox>
      <xmin>66</xmin>
      <ymin>144</ymin>
      <xmax>539</xmax>
      <ymax>321</ymax>
    </bndbox>
  </object>
  <object>
    <name>island reef</name>
    <pose>Unspecified</pose>
    <truncated>0</truncated>
    <Difficult>0</Difficult>
    <bndbox>
      <xmin>619</xmin>
      <ymin>286</ymin>
      <xmax>659</xmax>
      <ymax>306</ymax>
    </bndbox>
  </object>
</annotation>