<annotation verified="no">
  <folder>ship</folder>
  <filename>00552</filename>
  <path>00552.jpg</path>
  <source>
    <database>Unknown</database>
  </source>
  <size>
    <width>540</width>
    <height>357</height>
    <depth>3</depth>
  </size>
  <segmented>0</segmented>
  <object>
    <name>other ship</name>
    <pose>Unspecified</pose>
    <truncated>0</truncated>
    <Difficult>0</Difficult>
    <bndbox>
      <xmin>195</xmin>
      <ymin>157</ymin>
      <xmax>487</xmax>
      <ymax>270</ymax>
    </bndbox>
  </object>
  <object>
    <name>other ship</name>
    <pose>Unspecified</pose>
    <truncated>0</truncated>
    <Difficult>0</Difficult>
    <bndbox>
      <xmin>134</xmin>
      <ymin>196</ymin>
      <xmax>187</xmax>
      <ymax>243</ymax>
    </bndbox>
  </object>
</annotation>