<annotation verified="no">
  <folder>ship</folder>
  <filename>00554</filename>
  <path>00554.jpg</path>
  <source>
    <database>Unknown</database>
  </source>
  <size>
    <width>600</width>
    <height>449</height>
    <depth>3</depth>
  </size>
  <segmented>0</segmented>
  <object>
    <name>other ship</name>
    <pose>Unspecified</pose>
    <truncated>1</truncated>
    <Difficult>0</Difficult>
    <bndbox>
      <xmin>1</xmin>
      <ymin>41</ymin>
      <xmax>597</xmax>
      <ymax>316</ymax>
    </bndbox>
  </object>
</annotation>