<annotation verified="no">
  <folder>ship</folder>
  <filename>00553</filename>
  <path>00553.jpg</path>
  <source>
    <database>Unknown</database>
  </source>
  <size>
    <width>1024</width>
    <height>576</height>
    <depth>3</depth>
  </size>
  <segmented>0</segmented>
  <object>
    <name>liner</name>
    <pose>Unspecified</pose>
    <truncated>0</truncated>
    <Difficult>0</Difficult>
    <bndbox>
      <xmin>144</xmin>
      <ymin>99</ymin>
      <xmax>947</xmax>
      <ymax>401</ymax>
    </bndbox>
  </object>
</annotation>