<annotation verified="no">
  <folder>ship</folder>
  <filename>00555</filename>
  <path>00555.jpg</path>
  <source>
    <database>Unknown</database>
  </source>
  <size>
    <width>700</width>
    <height>500</height>
    <depth>3</depth>
  </size>
  <segmented>0</segmented>
  <object>
    <name>other ship</name>
    <pose>Unspecified</pose>
    <truncated>1</truncated>
    <Difficult>0</Difficult>
    <bndbox>
      <xmin>1</xmin>
      <ymin>105</ymin>
      <xmax>699</xmax>
      <ymax>355</ymax>
    </bndbox>
  </object>
</annotation>