<annotation verified="no">
  <folder>ship</folder>
  <filename>00551</filename>
  <path>00551.jpg</path>
  <source>
    <database>Unknown</database>
  </source>
  <size>
    <width>640</width>
    <height>332</height>
    <depth>3</depth>
  </size>
  <segmented>0</segmented>
  <object>
    <name>other ship</name>
    <pose>Unspecified</pose>
    <truncated>0</truncated>
    <Difficult>0</Difficult>
    <bndbox>
      <xmin>73</xmin>
      <ymin>107</ymin>
      <xmax>563</xmax>
      <ymax>233</ymax>
    </bndbox>
  </object>
</annotation>