<annotation verified="no">
  <folder>ship</folder>
  <filename>00558</filename>
  <path>00558.jpg</path>
  <source>
    <database>Unknown</database>
  </source>
  <size>
    <width>411</width>
    <height>234</height>
    <depth>3</depth>
  </size>
  <segmented>0</segmented>
  <object>
    <name>liner</name>
    <pose>Unspecified</pose>
    <truncated>0</truncated>
    <Difficult>0</Difficult>
    <bndbox>
      <xmin>25</xmin>
      <ymin>38</ymin>
      <xmax>400</xmax>
      <ymax>224</ymax>
    </bndbox>
  </object>
</annotation>