<annotation verified="no">
  <folder>ship</folder>
  <filename>00559</filename>
  <path>00559.jpg</path>
  <source>
    <database>Unknown</database>
  </source>
  <size>
    <width>1024</width>
    <height>683</height>
    <depth>3</depth>
  </size>
  <segmented>0</segmented>
  <object>
    <name>bulk carrier</name>
    <pose>Unspecified</pose>
    <truncated>0</truncated>
    <Difficult>0</Difficult>
    <bndbox>
      <xmin>98</xmin>
      <ymin>143</ymin>
      <xmax>982</xmax>
      <ymax>540</ymax>
    </bndbox>
  </object>
</annotation>