<annotation verified="no">
  <folder>ship</folder>
  <filename>00557</filename>
  <path>00557.jpg</path>
  <source>
    <database>Unknown</database>
  </source>
  <size>
    <width>1024</width>
    <height>753</height>
    <depth>3</depth>
  </size>
  <segmented>0</segmented>
  <object>
    <name>bulk carrier</name>
    <pose>Unspecified</pose>
    <truncated>0</truncated>
    <Difficult>0</Difficult>
    <bndbox>
      <xmin>46</xmin>
      <ymin>151</ymin>
      <xmax>993</xmax>
      <ymax>581</ymax>
    </bndbox>
  </object>
</annotation>