<annotation verified="no">
  <folder>ship</folder>
  <filename>00556</filename>
  <path>00556.jpg</path>
  <source>
    <database>Unknown</database>
  </source>
  <size>
    <width>900</width>
    <height>600</height>
    <depth>3</depth>
  </size>
  <segmented>0</segmented>
  <object>
    <name>other ship</name>
    <pose>Unspecified</pose>
    <truncated>0</truncated>
    <Difficult>0</Difficult>
    <bndbox>
      <xmin>107</xmin>
      <ymin>23</ymin>
      <xmax>898</xmax>
      <ymax>356</ymax>
    </bndbox>
  </object>
</annotation>