<annotation verified="no">
  <folder>ship</folder>
  <filename>00550</filename>
  <path>00550.jpg</path>
  <source>
    <database>Unknown</database>
  </source>
  <size>
    <width>1280</width>
    <height>720</height>
    <depth>3</depth>
  </size>
  <segmented>0</segmented>
  <object>
    <name>other ship</name>
    <pose>Unspecified</pose>
    <truncated>0</truncated>
    <Difficult>0</Difficult>
    <bndbox>
      <xmin>122</xmin>
      <ymin>186</ymin>
      <xmax>1038</xmax>
      <ymax>602</ymax>
    </bndbox>
  </object>
</annotation>