<annotation verified="no">
  <folder>ship</folder>
  <filename>00561</filename>
  <path>00561.jpg</path>
  <source>
    <database>Unknown</database>
  </source>
  <size>
    <width>1024</width>
    <height>768</height>
    <depth>3</depth>
  </size>
  <segmented>0</segmented>
  <object>
    <name>sailboat</name>
    <pose>Unspecified</pose>
    <truncated>0</truncated>
    <Difficult>0</Difficult>
    <bndbox>
      <xmin>248</xmin>
      <ymin>256</ymin>
      <xmax>444</xmax>
      <ymax>529</ymax>
    </bndbox>
  </object>
</annotation>