<annotation verified="no">
  <folder>ship</folder>
  <filename>00567</filename>
  <path>00567.jpg</path>
  <source>
    <database>Unknown</database>
  </source>
  <size>
    <width>1077</width>
    <height>716</height>
    <depth>3</depth>
  </size>
  <segmented>0</segmented>
  <object>
    <name>other ship</name>
    <pose>Unspecified</pose>
    <truncated>0</truncated>
    <Difficult>0</Difficult>
    <bndbox>
      <xmin>100</xmin>
      <ymin>198</ymin>
      <xmax>1046</xmax>
      <ymax>442</ymax>
    </bndbox>
  </object>
</annotation>