<annotation verified="no">
  <folder>ship</folder>
  <filename>00568</filename>
  <path>00568.jpg</path>
  <source>
    <database>Unknown</database>
  </source>
  <size>
    <width>900</width>
    <height>598</height>
    <depth>3</depth>
  </size>
  <segmented>0</segmented>
  <object>
    <name>other ship</name>
    <pose>Unspecified</pose>
    <truncated>0</truncated>
    <Difficult>0</Difficult>
    <bndbox>
      <xmin>315</xmin>
      <ymin>212</ymin>
      <xmax>500</xmax>
      <ymax>351</ymax>
    </bndbox>
  </object>
  <object>
    <name>other ship</name>
    <pose>Unspecified</pose>
    <truncated>0</truncated>
    <Difficult>0</Difficult>
    <bndbox>
      <xmin>624</xmin>
      <ymin>245</ymin>
      <xmax>659</xmax>
      <ymax>289</ymax>
    </bndbox>
  </object>
  <object>
    <name>other ship</name>
    <pose>Unspecified</pose>
    <truncated>0</truncated>
    <Difficult>0</Difficult>
    <bndbox>
      <xmin>660</xmin>
      <ymin>260</ymin>
      <xmax>686</xmax>
      <ymax>283</ymax>
    </bndbox>
  </object>
  <object>
    <name>other ship</name>
    <pose>Unspecified</pose>
    <truncated>0</truncated>
    <Difficult>0</Difficult>
    <bndbox>
      <xmin>743</xmin>
      <ymin>255</ymin>
      <xmax>769</xmax>
      <ymax>278</ymax>
    </bndbox>
  </object>
  <object>
    <name>island reef</name>
    <pose>Unspecified</pose>
    <truncated>1</truncated>
    <Difficult>0</Difficult>
    <bndbox>
      <xmin>460</xmin>
      <ymin>177</ymin>
      <xmax>900</xmax>
      <ymax>260</ymax>
    </bndbox>
  </object>
  <object>
    <name>island reef</name>
    <pose>Unspecified</pose>
    <truncated>1</truncated>
    <Difficult>0</Difficult>
    <bndbox>
      <xmin>1</xmin>
      <ymin>205</ymin>
      <xmax>344</xmax>
      <ymax>259</ymax>
    </bndbox>
  </object>
</annotation>