<annotation verified="no">
  <folder>ship</folder>
  <filename>00566</filename>
  <path>00566.jpg</path>
  <source>
    <database>Unknown</database>
  </source>
  <size>
    <width>900</width>
    <height>600</height>
    <depth>3</depth>
  </size>
  <segmented>0</segmented>
  <object>
    <name>island reef</name>
    <pose>Unspecified</pose>
    <truncated>1</truncated>
    <Difficult>0</Difficult>
    <bndbox>
      <xmin>1</xmin>
      <ymin>136</ymin>
      <xmax>752</xmax>
      <ymax>309</ymax>
    </bndbox>
  </object>
  <object>
    <name>other ship</name>
    <pose>Unspecified</pose>
    <truncated>0</truncated>
    <Difficult>0</Difficult>
    <bndbox>
      <xmin>401</xmin>
      <ymin>285</ymin>
      <xmax>498</xmax>
      <ymax>310</ymax>
    </bndbox>
  </object>
  <object>
    <name>other ship</name>
    <pose>Unspecified</pose>
    <truncated>0</truncated>
    <Difficult>0</Difficult>
    <bndbox>
      <xmin>499</xmin>
      <ymin>279</ymin>
      <xmax>590</xmax>
      <ymax>306</ymax>
    </bndbox>
  </object>
  <object>
    <name>other ship</name>
    <pose>Unspecified</pose>
    <truncated>1</truncated>
    <Difficult>0</Difficult>
    <bndbox>
      <xmin>1</xmin>
      <ymin>402</ymin>
      <xmax>313</xmax>
      <ymax>600</ymax>
    </bndbox>
  </object>
  <object>
    <name>other ship</name>
    <pose>Unspecified</pose>
    <truncated>1</truncated>
    <Difficult>0</Difficult>
    <bndbox>
      <xmin>229</xmin>
      <ymin>350</ymin>
      <xmax>554</xmax>
      <ymax>600</ymax>
    </bndbox>
  </object>
  <object>
    <name>other ship</name>
    <pose>Unspecified</pose>
    <truncated>1</truncated>
    <Difficult>0</Difficult>
    <bndbox>
      <xmin>613</xmin>
      <ymin>401</ymin>
      <xmax>900</xmax>
      <ymax>600</ymax>
    </bndbox>
  </object>
  <object>
    <name>other ship</name>
    <pose>Unspecified</pose>
    <truncated>0</truncated>
    <Difficult>0</Difficult>
    <bndbox>
      <xmin>584</xmin>
      <ymin>323</ymin>
      <xmax>883</xmax>
      <ymax>396</ymax>
    </bndbox>
  </object>
</annotation>