<annotation verified="no">
  <folder>ship</folder>
  <filename>00560</filename>
  <path>00560.jpg</path>
  <source>
    <database>Unknown</database>
  </source>
  <size>
    <width>900</width>
    <height>596</height>
    <depth>3</depth>
  </size>
  <segmented>0</segmented>
  <object>
    <name>other ship</name>
    <pose>Unspecified</pose>
    <truncated>0</truncated>
    <Difficult>0</Difficult>
    <bndbox>
      <xmin>214</xmin>
      <ymin>473</ymin>
      <xmax>326</xmax>
      <ymax>498</ymax>
    </bndbox>
  </object>
</annotation>