<annotation verified="no">
  <folder>ship</folder>
  <filename>00569</filename>
  <path>00569.jpg</path>
  <source>
    <database>Unknown</database>
  </source>
  <size>
    <width>900</width>
    <height>596</height>
    <depth>3</depth>
  </size>
  <segmented>0</segmented>
  <object>
    <name>other ship</name>
    <pose>Unspecified</pose>
    <truncated>0</truncated>
    <Difficult>0</Difficult>
    <bndbox>
      <xmin>153</xmin>
      <ymin>18</ymin>
      <xmax>797</xmax>
      <ymax>465</ymax>
    </bndbox>
  </object>
</annotation>