<annotation verified="no">
  <folder>ship</folder>
  <filename>00563</filename>
  <path>00563.jpg</path>
  <source>
    <database>Unknown</database>
  </source>
  <size>
    <width>900</width>
    <height>602</height>
    <depth>3</depth>
  </size>
  <segmented>0</segmented>
  <object>
    <name>other ship</name>
    <pose>Unspecified</pose>
    <truncated>0</truncated>
    <Difficult>0</Difficult>
    <bndbox>
      <xmin>237</xmin>
      <ymin>231</ymin>
      <xmax>786</xmax>
      <ymax>388</ymax>
    </bndbox>
  </object>
</annotation>