<annotation verified="no">
  <folder>ship</folder>
  <filename>00564</filename>
  <path>00564.jpg</path>
  <source>
    <database>Unknown</database>
  </source>
  <size>
    <width>750</width>
    <height>499</height>
    <depth>3</depth>
  </size>
  <segmented>0</segmented>
  <object>
    <name>sailboat</name>
    <pose>Unspecified</pose>
    <truncated>1</truncated>
    <Difficult>0</Difficult>
    <bndbox>
      <xmin>312</xmin>
      <ymin>1</ymin>
      <xmax>750</xmax>
      <ymax>479</ymax>
    </bndbox>
  </object>
</annotation>