<annotation verified="no">
  <folder>ship</folder>
  <filename>00562</filename>
  <path>00562.jpg</path>
  <source>
    <database>Unknown</database>
  </source>
  <size>
    <width>450</width>
    <height>338</height>
    <depth>3</depth>
  </size>
  <segmented>0</segmented>
  <object>
    <name>other ship</name>
    <pose>Unspecified</pose>
    <truncated>0</truncated>
    <Difficult>0</Difficult>
    <bndbox>
      <xmin>21</xmin>
      <ymin>51</ymin>
      <xmax>423</xmax>
      <ymax>245</ymax>
    </bndbox>
  </object>
</annotation>