<annotation verified="no">
  <folder>ship</folder>
  <filename>00577</filename>
  <path>00577.jpg</path>
  <source>
    <database>Unknown</database>
  </source>
  <size>
    <width>600</width>
    <height>421</height>
    <depth>3</depth>
  </size>
  <segmented>0</segmented>
  <object>
    <name>other ship</name>
    <pose>Unspecified</pose>
    <truncated>1</truncated>
    <Difficult>0</Difficult>
    <bndbox>
      <xmin>1</xmin>
      <ymin>253</ymin>
      <xmax>484</xmax>
      <ymax>411</ymax>
    </bndbox>
  </object>
  <object>
    <name>other ship</name>
    <pose>Unspecified</pose>
    <truncated>1</truncated>
    <Difficult>0</Difficult>
    <bndbox>
      <xmin>1</xmin>
      <ymin>200</ymin>
      <xmax>495</xmax>
      <ymax>249</ymax>
    </bndbox>
  </object>
  <object>
    <name>other ship</name>
    <pose>Unspecified</pose>
    <truncated>0</truncated>
    <Difficult>0</Difficult>
    <bndbox>
      <xmin>139</xmin>
      <ymin>162</ymin>
      <xmax>518</xmax>
      <ymax>201</ymax>
    </bndbox>
  </object>
  <object>
    <name>other ship</name>
    <pose>Unspecified</pose>
    <truncated>0</truncated>
    <Difficult>0</Difficult>
    <bndbox>
      <xmin>393</xmin>
      <ymin>75</ymin>
      <xmax>522</xmax>
      <ymax>165</ymax>
    </bndbox>
  </object>
</annotation>