<annotation verified="no">
  <folder>ship</folder>
  <filename>00574</filename>
  <path>00574.jpg</path>
  <source>
    <database>Unknown</database>
  </source>
  <size>
    <width>768</width>
    <height>1024</height>
    <depth>3</depth>
  </size>
  <segmented>0</segmented>
  <object>
    <name>other ship</name>
    <pose>Unspecified</pose>
    <truncated>0</truncated>
    <Difficult>0</Difficult>
    <bndbox>
      <xmin>149</xmin>
      <ymin>306</ymin>
      <xmax>435</xmax>
      <ymax>720</ymax>
    </bndbox>
  </object>
  <object>
    <name>other ship</name>
    <pose>Unspecified</pose>
    <truncated>0</truncated>
    <Difficult>0</Difficult>
    <bndbox>
      <xmin>384</xmin>
      <ymin>391</ymin>
      <xmax>618</xmax>
      <ymax>801</ymax>
    </bndbox>
  </object>
</annotation>