<annotation verified="no">
  <folder>ship</folder>
  <filename>00576</filename>
  <path>00576.jpg</path>
  <source>
    <database>Unknown</database>
  </source>
  <size>
    <width>500</width>
    <height>329</height>
    <depth>3</depth>
  </size>
  <segmented>0</segmented>
  <object>
    <name>other ship</name>
    <pose>Unspecified</pose>
    <truncated>1</truncated>
    <Difficult>0</Difficult>
    <bndbox>
      <xmin>40</xmin>
      <ymin>38</ymin>
      <xmax>500</xmax>
      <ymax>301</ymax>
    </bndbox>
  </object>
</annotation>