<annotation verified="no">
  <folder>ship</folder>
  <filename>00579</filename>
  <path>00579.jpg</path>
  <source>
    <database>Unknown</database>
  </source>
  <size>
    <width>900</width>
    <height>600</height>
    <depth>3</depth>
  </size>
  <segmented>0</segmented>
  <object>
    <name>other ship</name>
    <pose>Unspecified</pose>
    <truncated>0</truncated>
    <Difficult>0</Difficult>
    <bndbox>
      <xmin>312</xmin>
      <ymin>435</ymin>
      <xmax>524</xmax>
      <ymax>497</ymax>
    </bndbox>
  </object>
  <object>
    <name>other ship</name>
    <pose>Unspecified</pose>
    <truncated>0</truncated>
    <Difficult>0</Difficult>
    <bndbox>
      <xmin>731</xmin>
      <ymin>399</ymin>
      <xmax>807</xmax>
      <ymax>435</ymax>
    </bndbox>
  </object>
  <object>
    <name>other ship</name>
    <pose>Unspecified</pose>
    <truncated>0</truncated>
    <Difficult>0</Difficult>
    <bndbox>
      <xmin>600</xmin>
      <ymin>397</ymin>
      <xmax>643</xmax>
      <ymax>416</ymax>
    </bndbox>
  </object>
  <object>
    <name>other ship</name>
    <pose>Unspecified</pose>
    <truncated>0</truncated>
    <Difficult>0</Difficult>
    <bndbox>
      <xmin>528</xmin>
      <ymin>399</ymin>
      <xmax>547</xmax>
      <ymax>413</ymax>
    </bndbox>
  </object>
  <object>
    <name>other ship</name>
    <pose>Unspecified</pose>
    <truncated>0</truncated>
    <Difficult>0</Difficult>
    <bndbox>
      <xmin>491</xmin>
      <ymin>396</ymin>
      <xmax>505</xmax>
      <ymax>411</ymax>
    </bndbox>
  </object>
  <object>
    <name>other ship</name>
    <pose>Unspecified</pose>
    <truncated>0</truncated>
    <Difficult>0</Difficult>
    <bndbox>
      <xmin>195</xmin>
      <ymin>410</ymin>
      <xmax>260</xmax>
      <ymax>439</ymax>
    </bndbox>
  </object>
  <object>
    <name>other ship</name>
    <pose>Unspecified</pose>
    <truncated>0</truncated>
    <Difficult>0</Difficult>
    <bndbox>
      <xmin>862</xmin>
      <ymin>396</ymin>
      <xmax>878</xmax>
      <ymax>408</ymax>
    </bndbox>
  </object>
  <object>
    <name>other ship</name>
    <pose>Unspecified</pose>
    <truncated>0</truncated>
    <Difficult>0</Difficult>
    <bndbox>
      <xmin>579</xmin>
      <ymin>400</ymin>
      <xmax>593</xmax>
      <ymax>412</ymax>
    </bndbox>
  </object>
</annotation>