<annotation verified="no">
  <folder>ship</folder>
  <filename>00572</filename>
  <path>00572.jpg</path>
  <source>
    <database>Unknown</database>
  </source>
  <size>
    <width>1000</width>
    <height>666</height>
    <depth>3</depth>
  </size>
  <segmented>0</segmented>
  <object>
    <name>other ship</name>
    <pose>Unspecified</pose>
    <truncated>0</truncated>
    <Difficult>0</Difficult>
    <bndbox>
      <xmin>162</xmin>
      <ymin>348</ymin>
      <xmax>340</xmax>
      <ymax>384</ymax>
    </bndbox>
  </object>
  <object>
    <name>island reef</name>
    <pose>Unspecified</pose>
    <truncated>1</truncated>
    <Difficult>0</Difficult>
    <bndbox>
      <xmin>1</xmin>
      <ymin>543</ymin>
      <xmax>425</xmax>
      <ymax>666</ymax>
    </bndbox>
  </object>
</annotation>