<annotation verified="no">
  <folder>ship</folder>
  <filename>00575</filename>
  <path>00575.jpg</path>
  <source>
    <database>Unknown</database>
  </source>
  <size>
    <width>900</width>
    <height>600</height>
    <depth>3</depth>
  </size>
  <segmented>0</segmented>
  <object>
    <name>other ship</name>
    <pose>Unspecified</pose>
    <truncated>1</truncated>
    <Difficult>0</Difficult>
    <bndbox>
      <xmin>20</xmin>
      <ymin>77</ymin>
      <xmax>551</xmax>
      <ymax>600</ymax>
    </bndbox>
  </object>
  <object>
    <name>other ship</name>
    <pose>Unspecified</pose>
    <truncated>0</truncated>
    <Difficult>0</Difficult>
    <bndbox>
      <xmin>516</xmin>
      <ymin>232</ymin>
      <xmax>592</xmax>
      <ymax>297</ymax>
    </bndbox>
  </object>
  <object>
    <name>other ship</name>
    <pose>Unspecified</pose>
    <truncated>0</truncated>
    <Difficult>0</Difficult>
    <bndbox>
      <xmin>606</xmin>
      <ymin>231</ymin>
      <xmax>747</xmax>
      <ymax>294</ymax>
    </bndbox>
  </object>
  <object>
    <name>other ship</name>
    <pose>Unspecified</pose>
    <truncated>0</truncated>
    <Difficult>0</Difficult>
    <bndbox>
      <xmin>702</xmin>
      <ymin>214</ymin>
      <xmax>843</xmax>
      <ymax>267</ymax>
    </bndbox>
  </object>
</annotation>