<annotation verified="no">
  <folder>ship</folder>
  <filename>00570</filename>
  <path>00570.jpg</path>
  <source>
    <database>Unknown</database>
  </source>
  <size>
    <width>800</width>
    <height>526</height>
    <depth>3</depth>
  </size>
  <segmented>0</segmented>
  <object>
    <name>other ship</name>
    <pose>Unspecified</pose>
    <truncated>0</truncated>
    <Difficult>0</Difficult>
    <bndbox>
      <xmin>68</xmin>
      <ymin>174</ymin>
      <xmax>755</xmax>
      <ymax>436</ymax>
    </bndbox>
  </object>
</annotation>