<annotation verified="no">
  <folder>ship</folder>
  <filename>00578</filename>
  <path>00578.jpg</path>
  <source>
    <database>Unknown</database>
  </source>
  <size>
    <width>1024</width>
    <height>674</height>
    <depth>3</depth>
  </size>
  <segmented>0</segmented>
  <object>
    <name>other ship</name>
    <pose>Unspecified</pose>
    <truncated>0</truncated>
    <Difficult>0</Difficult>
    <bndbox>
      <xmin>386</xmin>
      <ymin>409</ymin>
      <xmax>491</xmax>
      <ymax>469</ymax>
    </bndbox>
  </object>
  <object>
    <name>other ship</name>
    <pose>Unspecified</pose>
    <truncated>0</truncated>
    <Difficult>0</Difficult>
    <bndbox>
      <xmin>511</xmin>
      <ymin>376</ymin>
      <xmax>581</xmax>
      <ymax>439</ymax>
    </bndbox>
  </object>
  <object>
    <name>sailboat</name>
    <pose>Unspecified</pose>
    <truncated>0</truncated>
    <Difficult>0</Difficult>
    <bndbox>
      <xmin>388</xmin>
      <ymin>194</ymin>
      <xmax>508</xmax>
      <ymax>408</ymax>
    </bndbox>
  </object>
  <object>
    <name>other ship</name>
    <pose>Unspecified</pose>
    <truncated>0</truncated>
    <Difficult>0</Difficult>
    <bndbox>
      <xmin>651</xmin>
      <ymin>322</ymin>
      <xmax>712</xmax>
      <ymax>412</ymax>
    </bndbox>
  </object>
  <object>
    <name>other ship</name>
    <pose>Unspecified</pose>
    <truncated>0</truncated>
    <Difficult>0</Difficult>
    <bndbox>
      <xmin>826</xmin>
      <ymin>382</ymin>
      <xmax>879</xmax>
      <ymax>428</ymax>
    </bndbox>
  </object>
  <object>
    <name>other ship</name>
    <pose>Unspecified</pose>
    <truncated>0</truncated>
    <Difficult>0</Difficult>
    <bndbox>
      <xmin>888</xmin>
      <ymin>428</ymin>
      <xmax>975</xmax>
      <ymax>454</ymax>
    </bndbox>
  </object>
  <object>
    <name>other ship</name>
    <pose>Unspecified</pose>
    <truncated>0</truncated>
    <Difficult>0</Difficult>
    <bndbox>
      <xmin>914</xmin>
      <ymin>404</ymin>
      <xmax>933</xmax>
      <ymax>419</ymax>
    </bndbox>
  </object>
</annotation>