<annotation verified="no">
  <folder>ship</folder>
  <filename>00571</filename>
  <path>00571.jpg</path>
  <source>
    <database>Unknown</database>
  </source>
  <size>
    <width>1024</width>
    <height>576</height>
    <depth>3</depth>
  </size>
  <segmented>0</segmented>
  <object>
    <name>sailboat</name>
    <pose>Unspecified</pose>
    <truncated>1</truncated>
    <Difficult>0</Difficult>
    <bndbox>
      <xmin>235</xmin>
      <ymin>1</ymin>
      <xmax>810</xmax>
      <ymax>394</ymax>
    </bndbox>
  </object>
  <object>
    <name>island reef</name>
    <pose>Unspecified</pose>
    <truncated>1</truncated>
    <Difficult>0</Difficult>
    <bndbox>
      <xmin>46</xmin>
      <ymin>57</ymin>
      <xmax>1024</xmax>
      <ymax>249</ymax>
    </bndbox>
  </object>
</annotation>