<annotation verified="no">
  <folder>ship</folder>
  <filename>00587</filename>
  <path>00587.jpg</path>
  <source>
    <database>Unknown</database>
  </source>
  <size>
    <width>614</width>
    <height>410</height>
    <depth>3</depth>
  </size>
  <segmented>0</segmented>
  <object>
    <name>other ship</name>
    <pose>Unspecified</pose>
    <truncated>0</truncated>
    <Difficult>0</Difficult>
    <bndbox>
      <xmin>30</xmin>
      <ymin>31</ymin>
      <xmax>581</xmax>
      <ymax>344</ymax>
    </bndbox>
  </object>
</annotation>