<annotation verified="no">
  <folder>ship</folder>
  <filename>00585</filename>
  <path>00585.jpg</path>
  <source>
    <database>Unknown</database>
  </source>
  <size>
    <width>560</width>
    <height>258</height>
    <depth>3</depth>
  </size>
  <segmented>0</segmented>
  <object>
    <name>other ship</name>
    <pose>Unspecified</pose>
    <truncated>0</truncated>
    <Difficult>0</Difficult>
    <bndbox>
      <xmin>46</xmin>
      <ymin>86</ymin>
      <xmax>522</xmax>
      <ymax>172</ymax>
    </bndbox>
  </object>
</annotation>