<annotation verified="no">
  <folder>ship</folder>
  <filename>00588</filename>
  <path>00588.jpg</path>
  <source>
    <database>Unknown</database>
  </source>
  <size>
    <width>900</width>
    <height>672</height>
    <depth>3</depth>
  </size>
  <segmented>0</segmented>
  <object>
    <name>other ship</name>
    <pose>Unspecified</pose>
    <truncated>0</truncated>
    <Difficult>0</Difficult>
    <bndbox>
      <xmin>164</xmin>
      <ymin>256</ymin>
      <xmax>517</xmax>
      <ymax>386</ymax>
    </bndbox>
  </object>
  <object>
    <name>other ship</name>
    <pose>Unspecified</pose>
    <truncated>1</truncated>
    <Difficult>0</Difficult>
    <bndbox>
      <xmin>488</xmin>
      <ymin>276</ymin>
      <xmax>900</xmax>
      <ymax>464</ymax>
    </bndbox>
  </object>
  <object>
    <name>other ship</name>
    <pose>Unspecified</pose>
    <truncated>0</truncated>
    <Difficult>0</Difficult>
    <bndbox>
      <xmin>50</xmin>
      <ymin>284</ymin>
      <xmax>148</xmax>
      <ymax>310</ymax>
    </bndbox>
  </object>
</annotation>