<annotation verified="no">
  <folder>ship</folder>
  <filename>00583</filename>
  <path>00583.jpg</path>
  <source>
    <database>Unknown</database>
  </source>
  <size>
    <width>800</width>
    <height>561</height>
    <depth>3</depth>
  </size>
  <segmented>0</segmented>
  <object>
    <name>other ship</name>
    <pose>Unspecified</pose>
    <truncated>0</truncated>
    <Difficult>0</Difficult>
    <bndbox>
      <xmin>35</xmin>
      <ymin>123</ymin>
      <xmax>746</xmax>
      <ymax>409</ymax>
    </bndbox>
  </object>
</annotation>