<annotation verified="no">
  <folder>ship</folder>
  <filename>00586</filename>
  <path>00586.jpg</path>
  <source>
    <database>Unknown</database>
  </source>
  <size>
    <width>500</width>
    <height>367</height>
    <depth>3</depth>
  </size>
  <segmented>0</segmented>
  <object>
    <name>other ship</name>
    <pose>Unspecified</pose>
    <truncated>0</truncated>
    <Difficult>0</Difficult>
    <bndbox>
      <xmin>43</xmin>
      <ymin>16</ymin>
      <xmax>477</xmax>
      <ymax>346</ymax>
    </bndbox>
  </object>
</annotation>