<annotation verified="no">
  <folder>ship</folder>
  <filename>00581</filename>
  <path>00581.jpg</path>
  <source>
    <database>Unknown</database>
  </source>
  <size>
    <width>800</width>
    <height>480</height>
    <depth>3</depth>
  </size>
  <segmented>0</segmented>
  <object>
    <name>liner</name>
    <pose>Unspecified</pose>
    <truncated>0</truncated>
    <Difficult>0</Difficult>
    <bndbox>
      <xmin>57</xmin>
      <ymin>145</ymin>
      <xmax>760</xmax>
      <ymax>370</ymax>
    </bndbox>
  </object>
</annotation>