<annotation verified="no">
  <folder>ship</folder>
  <filename>00582</filename>
  <path>00582.jpg</path>
  <source>
    <database>Unknown</database>
  </source>
  <size>
    <width>614</width>
    <height>410</height>
    <depth>3</depth>
  </size>
  <segmented>0</segmented>
  <object>
    <name>other ship</name>
    <pose>Unspecified</pose>
    <truncated>0</truncated>
    <Difficult>0</Difficult>
    <bndbox>
      <xmin>73</xmin>
      <ymin>193</ymin>
      <xmax>474</xmax>
      <ymax>324</ymax>
    </bndbox>
  </object>
  <object>
    <name>other ship</name>
    <pose>Unspecified</pose>
    <truncated>0</truncated>
    <Difficult>0</Difficult>
    <bndbox>
      <xmin>515</xmin>
      <ymin>285</ymin>
      <xmax>529</xmax>
      <ymax>293</ymax>
    </bndbox>
  </object>
  <object>
    <name>other ship</name>
    <pose>Unspecified</pose>
    <truncated>0</truncated>
    <Difficult>0</Difficult>
    <bndbox>
      <xmin>569</xmin>
      <ymin>286</ymin>
      <xmax>584</xmax>
      <ymax>294</ymax>
    </bndbox>
  </object>
  <object>
    <name>other ship</name>
    <pose>Unspecified</pose>
    <truncated>0</truncated>
    <Difficult>0</Difficult>
    <bndbox>
      <xmin>585</xmin>
      <ymin>285</ymin>
      <xmax>600</xmax>
      <ymax>293</ymax>
    </bndbox>
  </object>
  <object>
    <name>other ship</name>
    <pose>Unspecified</pose>
    <truncated>0</truncated>
    <Difficult>0</Difficult>
    <bndbox>
      <xmin>538</xmin>
      <ymin>282</ymin>
      <xmax>547</xmax>
      <ymax>288</ymax>
    </bndbox>
  </object>
  <object>
    <name>other ship</name>
    <pose>Unspecified</pose>
    <truncated>0</truncated>
    <Difficult>0</Difficult>
    <bndbox>
      <xmin>480</xmin>
      <ymin>278</ymin>
      <xmax>503</xmax>
      <ymax>286</ymax>
    </bndbox>
  </object>
</annotation>