<annotation verified="no">
  <folder>ship</folder>
  <filename>00589</filename>
  <path>00589.jpg</path>
  <source>
    <database>Unknown</database>
  </source>
  <size>
    <width>1024</width>
    <height>683</height>
    <depth>3</depth>
  </size>
  <segmented>0</segmented>
  <object>
    <name>other ship</name>
    <pose>Unspecified</pose>
    <truncated>0</truncated>
    <Difficult>0</Difficult>
    <bndbox>
      <xmin>211</xmin>
      <ymin>218</ymin>
      <xmax>798</xmax>
      <ymax>503</ymax>
    </bndbox>
  </object>
  <object>
    <name>island reef</name>
    <pose>Unspecified</pose>
    <truncated>1</truncated>
    <Difficult>0</Difficult>
    <bndbox>
      <xmin>394</xmin>
      <ymin>58</ymin>
      <xmax>1024</xmax>
      <ymax>96</ymax>
    </bndbox>
  </object>
</annotation>