<annotation verified="no">
  <folder>ship</folder>
  <filename>00580</filename>
  <path>00580.jpg</path>
  <source>
    <database>Unknown</database>
  </source>
  <size>
    <width>900</width>
    <height>602</height>
    <depth>3</depth>
  </size>
  <segmented>0</segmented>
  <object>
    <name>other ship</name>
    <pose>Unspecified</pose>
    <truncated>0</truncated>
    <Difficult>0</Difficult>
    <bndbox>
      <xmin>77</xmin>
      <ymin>269</ymin>
      <xmax>543</xmax>
      <ymax>448</ymax>
    </bndbox>
  </object>
  <object>
    <name>other ship</name>
    <pose>Unspecified</pose>
    <truncated>0</truncated>
    <Difficult>0</Difficult>
    <bndbox>
      <xmin>236</xmin>
      <ymin>179</ymin>
      <xmax>587</xmax>
      <ymax>283</ymax>
    </bndbox>
  </object>
</annotation>