<annotation verified="no">
  <folder>ship</folder>
  <filename>00584</filename>
  <path>00584.jpg</path>
  <source>
    <database>Unknown</database>
  </source>
  <size>
    <width>900</width>
    <height>600</height>
    <depth>3</depth>
  </size>
  <segmented>0</segmented>
  <object>
    <name>other ship</name>
    <pose>Unspecified</pose>
    <truncated>0</truncated>
    <Difficult>0</Difficult>
    <bndbox>
      <xmin>336</xmin>
      <ymin>125</ymin>
      <xmax>770</xmax>
      <ymax>276</ymax>
    </bndbox>
  </object>
</annotation>