<annotation verified="no">
  <folder>ship</folder>
  <filename>00594</filename>
  <path>00594.jpg</path>
  <source>
    <database>Unknown</database>
  </source>
  <size>
    <width>1024</width>
    <height>809</height>
    <depth>3</depth>
  </size>
  <segmented>0</segmented>
  <object>
    <name>liner</name>
    <pose>Unspecified</pose>
    <truncated>0</truncated>
    <Difficult>0</Difficult>
    <bndbox>
      <xmin>89</xmin>
      <ymin>354</ymin>
      <xmax>865</xmax>
      <ymax>528</ymax>
    </bndbox>
  </object>
</annotation>