<annotation verified="no">
  <folder>ship</folder>
  <filename>00593</filename>
  <path>00593.jpg</path>
  <source>
    <database>Unknown</database>
  </source>
  <size>
    <width>1024</width>
    <height>688</height>
    <depth>3</depth>
  </size>
  <segmented>0</segmented>
  <object>
    <name>liner</name>
    <pose>Unspecified</pose>
    <truncated>0</truncated>
    <Difficult>0</Difficult>
    <bndbox>
      <xmin>203</xmin>
      <ymin>235</ymin>
      <xmax>978</xmax>
      <ymax>406</ymax>
    </bndbox>
  </object>
</annotation>