<annotation verified="no">
  <folder>ship</folder>
  <filename>00596</filename>
  <path>00596.jpg</path>
  <source>
    <database>Unknown</database>
  </source>
  <size>
    <width>614</width>
    <height>410</height>
    <depth>3</depth>
  </size>
  <segmented>0</segmented>
  <object>
    <name>other ship</name>
    <pose>Unspecified</pose>
    <truncated>0</truncated>
    <Difficult>0</Difficult>
    <bndbox>
      <xmin>147</xmin>
      <ymin>167</ymin>
      <xmax>503</xmax>
      <ymax>264</ymax>
    </bndbox>
  </object>
  <object>
    <name>island reef</name>
    <pose>Unspecified</pose>
    <truncated>1</truncated>
    <Difficult>0</Difficult>
    <bndbox>
      <xmin>216</xmin>
      <ymin>363</ymin>
      <xmax>555</xmax>
      <ymax>410</ymax>
    </bndbox>
  </object>
</annotation>