<annotation verified="no">
  <folder>ship</folder>
  <filename>00595</filename>
  <path>00595.jpg</path>
  <source>
    <database>Unknown</database>
  </source>
  <size>
    <width>1024</width>
    <height>800</height>
    <depth>3</depth>
  </size>
  <segmented>0</segmented>
  <object>
    <name>liner</name>
    <pose>Unspecified</pose>
    <truncated>0</truncated>
    <Difficult>0</Difficult>
    <bndbox>
      <xmin>161</xmin>
      <ymin>306</ymin>
      <xmax>737</xmax>
      <ymax>599</ymax>
    </bndbox>
  </object>
  <object>
    <name>island reef</name>
    <pose>Unspecified</pose>
    <truncated>0</truncated>
    <Difficult>0</Difficult>
    <bndbox>
      <xmin>330</xmin>
      <ymin>219</ymin>
      <xmax>1023</xmax>
      <ymax>294</ymax>
    </bndbox>
  </object>
</annotation>