<annotation verified="no">
  <folder>ship</folder>
  <filename>00598</filename>
  <path>00598.jpg</path>
  <source>
    <database>Unknown</database>
  </source>
  <size>
    <width>800</width>
    <height>460</height>
    <depth>3</depth>
  </size>
  <segmented>0</segmented>
  <object>
    <name>other ship</name>
    <pose>Unspecified</pose>
    <truncated>0</truncated>
    <Difficult>0</Difficult>
    <bndbox>
      <xmin>115</xmin>
      <ymin>134</ymin>
      <xmax>686</xmax>
      <ymax>334</ymax>
    </bndbox>
  </object>
  <object>
    <name>island reef</name>
    <pose>Unspecified</pose>
    <truncated>1</truncated>
    <Difficult>0</Difficult>
    <bndbox>
      <xmin>1</xmin>
      <ymin>26</ymin>
      <xmax>800</xmax>
      <ymax>117</ymax>
    </bndbox>
  </object>
</annotation>