<annotation verified="no">
  <folder>ship</folder>
  <filename>00597</filename>
  <path>00597.jpg</path>
  <source>
    <database>Unknown</database>
  </source>
  <size>
    <width>1024</width>
    <height>810</height>
    <depth>3</depth>
  </size>
  <segmented>0</segmented>
  <object>
    <name>liner</name>
    <pose>Unspecified</pose>
    <truncated>0</truncated>
    <Difficult>0</Difficult>
    <bndbox>
      <xmin>192</xmin>
      <ymin>343</ymin>
      <xmax>879</xmax>
      <ymax>613</ymax>
    </bndbox>
  </object>
</annotation>