<annotation verified="no">
  <folder>ship</folder>
  <filename>00592</filename>
  <path>00592.jpg</path>
  <source>
    <database>Unknown</database>
  </source>
  <size>
    <width>1024</width>
    <height>576</height>
    <depth>3</depth>
  </size>
  <segmented>0</segmented>
  <object>
    <name>liner</name>
    <pose>Unspecified</pose>
    <truncated>0</truncated>
    <Difficult>0</Difficult>
    <bndbox>
      <xmin>22</xmin>
      <ymin>157</ymin>
      <xmax>985</xmax>
      <ymax>421</ymax>
    </bndbox>
  </object>
</annotation>