<annotation verified="no">
  <folder>ship</folder>
  <filename>00599</filename>
  <path>00599.jpg</path>
  <source>
    <database>Unknown</database>
  </source>
  <size>
    <width>1024</width>
    <height>428</height>
    <depth>3</depth>
  </size>
  <segmented>0</segmented>
  <object>
    <name>liner</name>
    <pose>Unspecified</pose>
    <truncated>0</truncated>
    <Difficult>0</Difficult>
    <bndbox>
      <xmin>38</xmin>
      <ymin>49</ymin>
      <xmax>996</xmax>
      <ymax>357</ymax>
    </bndbox>
  </object>
</annotation>