<annotation verified="no">
  <folder>ship</folder>
  <filename>00609</filename>
  <path>00609.jpg</path>
  <source>
    <database>Unknown</database>
  </source>
  <size>
    <width>1024</width>
    <height>683</height>
    <depth>3</depth>
  </size>
  <segmented>0</segmented>
  <object>
    <name>liner</name>
    <pose>Unspecified</pose>
    <truncated>0</truncated>
    <Difficult>0</Difficult>
    <bndbox>
      <xmin>50</xmin>
      <ymin>139</ymin>
      <xmax>982</xmax>
      <ymax>582</ymax>
    </bndbox>
  </object>
</annotation>