<annotation verified="no">
  <folder>ship</folder>
  <filename>00605</filename>
  <path>00605.jpg</path>
  <source>
    <database>Unknown</database>
  </source>
  <size>
    <width>1024</width>
    <height>680</height>
    <depth>3</depth>
  </size>
  <segmented>0</segmented>
  <object>
    <name>other ship</name>
    <pose>Unspecified</pose>
    <truncated>0</truncated>
    <Difficult>0</Difficult>
    <bndbox>
      <xmin>329</xmin>
      <ymin>202</ymin>
      <xmax>572</xmax>
      <ymax>658</ymax>
    </bndbox>
  </object>
</annotation>