<annotation verified="no">
  <folder>ship</folder>
  <filename>00601</filename>
  <path>00601.jpg</path>
  <source>
    <database>Unknown</database>
  </source>
  <size>
    <width>1850</width>
    <height>1233</height>
    <depth>3</depth>
  </size>
  <segmented>0</segmented>
  <object>
    <name>other ship</name>
    <pose>Unspecified</pose>
    <truncated>0</truncated>
    <Difficult>0</Difficult>
    <bndbox>
      <xmin>455</xmin>
      <ymin>328</ymin>
      <xmax>1721</xmax>
      <ymax>775</ymax>
    </bndbox>
  </object>
</annotation>