<annotation verified="no">
  <folder>ship</folder>
  <filename>00607</filename>
  <path>00607.jpg</path>
  <source>
    <database>Unknown</database>
  </source>
  <size>
    <width>650</width>
    <height>433</height>
    <depth>3</depth>
  </size>
  <segmented>0</segmented>
  <object>
    <name>liner</name>
    <pose>Unspecified</pose>
    <truncated>0</truncated>
    <Difficult>0</Difficult>
    <bndbox>
      <xmin>40</xmin>
      <ymin>80</ymin>
      <xmax>526</xmax>
      <ymax>398</ymax>
    </bndbox>
  </object>
</annotation>