<annotation verified="no">
  <folder>ship</folder>
  <filename>00604</filename>
  <path>00604.jpg</path>
  <source>
    <database>Unknown</database>
  </source>
  <size>
    <width>721</width>
    <height>720</height>
    <depth>3</depth>
  </size>
  <segmented>0</segmented>
  <object>
    <name>sailboat</name>
    <pose>Unspecified</pose>
    <truncated>1</truncated>
    <Difficult>0</Difficult>
    <bndbox>
      <xmin>169</xmin>
      <ymin>1</ymin>
      <xmax>629</xmax>
      <ymax>649</ymax>
    </bndbox>
  </object>
  <object>
    <name>sailboat</name>
    <pose>Unspecified</pose>
    <truncated>1</truncated>
    <Difficult>0</Difficult>
    <bndbox>
      <xmin>382</xmin>
      <ymin>1</ymin>
      <xmax>721</xmax>
      <ymax>497</ymax>
    </bndbox>
  </object>
</annotation>