<annotation verified="no">
  <folder>ship</folder>
  <filename>00608</filename>
  <path>00608.jpg</path>
  <source>
    <database>Unknown</database>
  </source>
  <size>
    <width>866</width>
    <height>1024</height>
    <depth>3</depth>
  </size>
  <segmented>0</segmented>
  <object>
    <name>liner</name>
    <pose>Unspecified</pose>
    <truncated>0</truncated>
    <Difficult>0</Difficult>
    <bndbox>
      <xmin>87</xmin>
      <ymin>285</ymin>
      <xmax>765</xmax>
      <ymax>699</ymax>
    </bndbox>
  </object>
</annotation>