<annotation verified="no">
  <folder>ship</folder>
  <filename>00603</filename>
  <path>00603.jpg</path>
  <source>
    <database>Unknown</database>
  </source>
  <size>
    <width>600</width>
    <height>420</height>
    <depth>3</depth>
  </size>
  <segmented>0</segmented>
  <object>
    <name>other ship</name>
    <pose>Unspecified</pose>
    <truncated>1</truncated>
    <Difficult>0</Difficult>
    <bndbox>
      <xmin>1</xmin>
      <ymin>248</ymin>
      <xmax>522</xmax>
      <ymax>399</ymax>
    </bndbox>
  </object>
  <object>
    <name>other ship</name>
    <pose>Unspecified</pose>
    <truncated>0</truncated>
    <Difficult>0</Difficult>
    <bndbox>
      <xmin>236</xmin>
      <ymin>215</ymin>
      <xmax>255</xmax>
      <ymax>230</ymax>
    </bndbox>
  </object>
  <object>
    <name>other ship</name>
    <pose>Unspecified</pose>
    <truncated>0</truncated>
    <Difficult>0</Difficult>
    <bndbox>
      <xmin>263</xmin>
      <ymin>223</ymin>
      <xmax>279</xmax>
      <ymax>236</ymax>
    </bndbox>
  </object>
  <object>
    <name>other ship</name>
    <pose>Unspecified</pose>
    <truncated>0</truncated>
    <Difficult>0</Difficult>
    <bndbox>
      <xmin>308</xmin>
      <ymin>219</ymin>
      <xmax>328</xmax>
      <ymax>231</ymax>
    </bndbox>
  </object>
  <object>
    <name>other ship</name>
    <pose>Unspecified</pose>
    <truncated>0</truncated>
    <Difficult>0</Difficult>
    <bndbox>
      <xmin>397</xmin>
      <ymin>224</ymin>
      <xmax>427</xmax>
      <ymax>241</ymax>
    </bndbox>
  </object>
  <object>
    <name>other ship</name>
    <pose>Unspecified</pose>
    <truncated>0</truncated>
    <Difficult>0</Difficult>
    <bndbox>
      <xmin>367</xmin>
      <ymin>219</ymin>
      <xmax>397</xmax>
      <ymax>234</ymax>
    </bndbox>
  </object>
  <object>
    <name>other ship</name>
    <pose>Unspecified</pose>
    <truncated>0</truncated>
    <Difficult>0</Difficult>
    <bndbox>
      <xmin>431</xmin>
      <ymin>217</ymin>
      <xmax>466</xmax>
      <ymax>227</ymax>
    </bndbox>
  </object>
  <object>
    <name>other ship</name>
    <pose>Unspecified</pose>
    <truncated>0</truncated>
    <Difficult>0</Difficult>
    <bndbox>
      <xmin>524</xmin>
      <ymin>211</ymin>
      <xmax>541</xmax>
      <ymax>225</ymax>
    </bndbox>
  </object>
  <object>
    <name>other ship</name>
    <pose>Unspecified</pose>
    <truncated>0</truncated>
    <Difficult>0</Difficult>
    <bndbox>
      <xmin>563</xmin>
      <ymin>217</ymin>
      <xmax>582</xmax>
      <ymax>227</ymax>
    </bndbox>
  </object>
  <object>
    <name>other ship</name>
    <pose>Unspecified</pose>
    <truncated>0</truncated>
    <Difficult>0</Difficult>
    <bndbox>
      <xmin>134</xmin>
      <ymin>224</ymin>
      <xmax>159</xmax>
      <ymax>236</ymax>
    </bndbox>
  </object>
</annotation>