<annotation verified="no">
  <folder>ship</folder>
  <filename>00602</filename>
  <path>00602.jpg</path>
  <source>
    <database>Unknown</database>
  </source>
  <size>
    <width>600</width>
    <height>420</height>
    <depth>3</depth>
  </size>
  <segmented>0</segmented>
  <object>
    <name>other ship</name>
    <pose>Unspecified</pose>
    <truncated>0</truncated>
    <Difficult>0</Difficult>
    <bndbox>
      <xmin>145</xmin>
      <ymin>146</ymin>
      <xmax>233</xmax>
      <ymax>183</ymax>
    </bndbox>
  </object>
  <object>
    <name>island reef</name>
    <pose>Unspecified</pose>
    <truncated>1</truncated>
    <Difficult>0</Difficult>
    <bndbox>
      <xmin>1</xmin>
      <ymin>1</ymin>
      <xmax>236</xmax>
      <ymax>64</ymax>
    </bndbox>
  </object>
  <object>
    <name>island reef</name>
    <pose>Unspecified</pose>
    <truncated>1</truncated>
    <Difficult>0</Difficult>
    <bndbox>
      <xmin>386</xmin>
      <ymin>30</ymin>
      <xmax>600</xmax>
      <ymax>179</ymax>
    </bndbox>
  </object>
</annotation>