<annotation verified="no">
  <folder>ship</folder>
  <filename>00600</filename>
  <path>00600.jpg</path>
  <source>
    <database>Unknown</database>
  </source>
  <size>
    <width>600</width>
    <height>900</height>
    <depth>3</depth>
  </size>
  <segmented>0</segmented>
  <object>
    <name>other ship</name>
    <pose>Unspecified</pose>
    <truncated>0</truncated>
    <Difficult>0</Difficult>
    <bndbox>
      <xmin>92</xmin>
      <ymin>348</ymin>
      <xmax>520</xmax>
      <ymax>777</ymax>
    </bndbox>
  </object>
  <object>
    <name>other ship</name>
    <pose>Unspecified</pose>
    <truncated>1</truncated>
    <Difficult>0</Difficult>
    <bndbox>
      <xmin>499</xmin>
      <ymin>475</ymin>
      <xmax>600</xmax>
      <ymax>564</ymax>
    </bndbox>
  </object>
  <object>
    <name>other ship</name>
    <pose>Unspecified</pose>
    <truncated>0</truncated>
    <Difficult>0</Difficult>
    <bndbox>
      <xmin>375</xmin>
      <ymin>488</ymin>
      <xmax>512</xmax>
      <ymax>537</ymax>
    </bndbox>
  </object>
</annotation>