<annotation verified="no">
  <folder>ship</folder>
  <filename>00617</filename>
  <path>00617.jpg</path>
  <source>
    <database>Unknown</database>
  </source>
  <size>
    <width>1024</width>
    <height>683</height>
    <depth>3</depth>
  </size>
  <segmented>0</segmented>
  <object>
    <name>other ship</name>
    <pose>Unspecified</pose>
    <truncated>0</truncated>
    <Difficult>0</Difficult>
    <bndbox>
      <xmin>95</xmin>
      <ymin>49</ymin>
      <xmax>993</xmax>
      <ymax>618</ymax>
    </bndbox>
  </object>
</annotation>