<annotation verified="no">
  <folder>ship</folder>
  <filename>00613</filename>
  <path>00613.jpg</path>
  <source>
    <database>Unknown</database>
  </source>
  <size>
    <width>1024</width>
    <height>1024</height>
    <depth>3</depth>
  </size>
  <segmented>0</segmented>
  <object>
    <name>liner</name>
    <pose>Unspecified</pose>
    <truncated>0</truncated>
    <Difficult>0</Difficult>
    <bndbox>
      <xmin>299</xmin>
      <ymin>42</ymin>
      <xmax>874</xmax>
      <ymax>247</ymax>
    </bndbox>
  </object>
</annotation>