<annotation verified="no">
  <folder>ship</folder>
  <filename>00611</filename>
  <path>00611.jpg</path>
  <source>
    <database>Unknown</database>
  </source>
  <size>
    <width>1024</width>
    <height>768</height>
    <depth>3</depth>
  </size>
  <segmented>0</segmented>
  <object>
    <name>liner</name>
    <pose>Unspecified</pose>
    <truncated>0</truncated>
    <Difficult>0</Difficult>
    <bndbox>
      <xmin>28</xmin>
      <ymin>157</ymin>
      <xmax>977</xmax>
      <ymax>479</ymax>
    </bndbox>
  </object>
</annotation>