<annotation verified="no">
  <folder>ship</folder>
  <filename>00614</filename>
  <path>00614.jpg</path>
  <source>
    <database>Unknown</database>
  </source>
  <size>
    <width>1024</width>
    <height>768</height>
    <depth>3</depth>
  </size>
  <segmented>0</segmented>
  <object>
    <name>other ship</name>
    <pose>Unspecified</pose>
    <truncated>1</truncated>
    <Difficult>0</Difficult>
    <bndbox>
      <xmin>1</xmin>
      <ymin>94</ymin>
      <xmax>1017</xmax>
      <ymax>613</ymax>
    </bndbox>
  </object>
</annotation>