<annotation verified="no">
  <folder>ship</folder>
  <filename>00610</filename>
  <path>00610.jpg</path>
  <source>
    <database>Unknown</database>
  </source>
  <size>
    <width>1024</width>
    <height>683</height>
    <depth>3</depth>
  </size>
  <segmented>0</segmented>
  <object>
    <name>other ship</name>
    <pose>Unspecified</pose>
    <truncated>0</truncated>
    <Difficult>0</Difficult>
    <bndbox>
      <xmin>118</xmin>
      <ymin>125</ymin>
      <xmax>908</xmax>
      <ymax>468</ymax>
    </bndbox>
  </object>
</annotation>