<annotation verified="no">
  <folder>ship</folder>
  <filename>00616</filename>
  <path>00616.jpg</path>
  <source>
    <database>Unknown</database>
  </source>
  <size>
    <width>1024</width>
    <height>768</height>
    <depth>3</depth>
  </size>
  <segmented>0</segmented>
  <object>
    <name>other ship</name>
    <pose>Unspecified</pose>
    <truncated>1</truncated>
    <Difficult>0</Difficult>
    <bndbox>
      <xmin>1</xmin>
      <ymin>485</ymin>
      <xmax>295</xmax>
      <ymax>686</ymax>
    </bndbox>
  </object>
  <object>
    <name>other ship</name>
    <pose>Unspecified</pose>
    <truncated>0</truncated>
    <Difficult>0</Difficult>
    <bndbox>
      <xmin>311</xmin>
      <ymin>170</ymin>
      <xmax>549</xmax>
      <ymax>509</ymax>
    </bndbox>
  </object>
  <object>
    <name>other ship</name>
    <pose>Unspecified</pose>
    <truncated>0</truncated>
    <Difficult>0</Difficult>
    <bndbox>
      <xmin>550</xmin>
      <ymin>180</ymin>
      <xmax>906</xmax>
      <ymax>524</ymax>
    </bndbox>
  </object>
</annotation>