<annotation verified="no">
  <folder>ship</folder>
  <filename>00619</filename>
  <path>00619.jpg</path>
  <source>
    <database>Unknown</database>
  </source>
  <size>
    <width>1024</width>
    <height>683</height>
    <depth>3</depth>
  </size>
  <segmented>0</segmented>
  <object>
    <name>liner</name>
    <pose>Unspecified</pose>
    <truncated>0</truncated>
    <Difficult>0</Difficult>
    <bndbox>
      <xmin>81</xmin>
      <ymin>297</ymin>
      <xmax>988</xmax>
      <ymax>575</ymax>
    </bndbox>
  </object>
</annotation>