<annotation verified="no">
  <folder>ship</folder>
  <filename>00615</filename>
  <path>00615.jpg</path>
  <source>
    <database>Unknown</database>
  </source>
  <size>
    <width>1772</width>
    <height>999</height>
    <depth>3</depth>
  </size>
  <segmented>0</segmented>
  <object>
    <name>bulk carrier</name>
    <pose>Unspecified</pose>
    <truncated>0</truncated>
    <Difficult>0</Difficult>
    <bndbox>
      <xmin>41</xmin>
      <ymin>262</ymin>
      <xmax>1755</xmax>
      <ymax>725</ymax>
    </bndbox>
  </object>
</annotation>