<annotation verified="no">
  <folder>ship</folder>
  <filename>00618</filename>
  <path>00618.jpg</path>
  <source>
    <database>Unknown</database>
  </source>
  <size>
    <width>1024</width>
    <height>683</height>
    <depth>3</depth>
  </size>
  <segmented>0</segmented>
  <object>
    <name>other ship</name>
    <pose>Unspecified</pose>
    <truncated>0</truncated>
    <Difficult>0</Difficult>
    <bndbox>
      <xmin>12</xmin>
      <ymin>223</ymin>
      <xmax>914</xmax>
      <ymax>511</ymax>
    </bndbox>
  </object>
</annotation>