<annotation verified="no">
  <folder>ship</folder>
  <filename>00623</filename>
  <path>00623.jpg</path>
  <source>
    <database>Unknown</database>
  </source>
  <size>
    <width>1024</width>
    <height>759</height>
    <depth>3</depth>
  </size>
  <segmented>0</segmented>
  <object>
    <name>liner</name>
    <pose>Unspecified</pose>
    <truncated>0</truncated>
    <Difficult>0</Difficult>
    <bndbox>
      <xmin>85</xmin>
      <ymin>272</ymin>
      <xmax>932</xmax>
      <ymax>456</ymax>
    </bndbox>
  </object>
</annotation>