<annotation verified="no">
  <folder>ship</folder>
  <filename>00620</filename>
  <path>00620.jpg</path>
  <source>
    <database>Unknown</database>
  </source>
  <size>
    <width>682</width>
    <height>1024</height>
    <depth>3</depth>
  </size>
  <segmented>0</segmented>
  <object>
    <name>other ship</name>
    <pose>Unspecified</pose>
    <truncated>0</truncated>
    <Difficult>0</Difficult>
    <bndbox>
      <xmin>23</xmin>
      <ymin>286</ymin>
      <xmax>600</xmax>
      <ymax>809</ymax>
    </bndbox>
  </object>
</annotation>