<annotation verified="no">
  <folder>ship</folder>
  <filename>00629</filename>
  <path>00629.jpg</path>
  <source>
    <database>Unknown</database>
  </source>
  <size>
    <width>1024</width>
    <height>685</height>
    <depth>3</depth>
  </size>
  <segmented>0</segmented>
  <object>
    <name>liner</name>
    <pose>Unspecified</pose>
    <truncated>0</truncated>
    <Difficult>0</Difficult>
    <bndbox>
      <xmin>237</xmin>
      <ymin>302</ymin>
      <xmax>681</xmax>
      <ymax>384</ymax>
    </bndbox>
  </object>
  <object>
    <name>sailboat</name>
    <pose>Unspecified</pose>
    <truncated>0</truncated>
    <Difficult>0</Difficult>
    <bndbox>
      <xmin>211</xmin>
      <ymin>481</ymin>
      <xmax>301</xmax>
      <ymax>591</ymax>
    </bndbox>
  </object>
  <object>
    <name>sailboat</name>
    <pose>Unspecified</pose>
    <truncated>0</truncated>
    <Difficult>0</Difficult>
    <bndbox>
      <xmin>461</xmin>
      <ymin>406</ymin>
      <xmax>558</xmax>
      <ymax>548</ymax>
    </bndbox>
  </object>
  <object>
    <name>sailboat</name>
    <pose>Unspecified</pose>
    <truncated>0</truncated>
    <Difficult>0</Difficult>
    <bndbox>
      <xmin>406</xmin>
      <ymin>569</ymin>
      <xmax>468</xmax>
      <ymax>684</ymax>
    </bndbox>
  </object>
  <object>
    <name>sailboat</name>
    <pose>Unspecified</pose>
    <truncated>1</truncated>
    <Difficult>0</Difficult>
    <bndbox>
      <xmin>1</xmin>
      <ymin>537</ymin>
      <xmax>44</xmax>
      <ymax>677</ymax>
    </bndbox>
  </object>
  <object>
    <name>other ship</name>
    <pose>Unspecified</pose>
    <truncated>0</truncated>
    <Difficult>0</Difficult>
    <bndbox>
      <xmin>70</xmin>
      <ymin>474</ymin>
      <xmax>89</xmax>
      <ymax>486</ymax>
    </bndbox>
  </object>
  <object>
    <name>other ship</name>
    <pose>Unspecified</pose>
    <truncated>0</truncated>
    <Difficult>0</Difficult>
    <bndbox>
      <xmin>420</xmin>
      <ymin>415</ymin>
      <xmax>431</xmax>
      <ymax>421</ymax>
    </bndbox>
  </object>
  <object>
    <name>other ship</name>
    <pose>Unspecified</pose>
    <truncated>0</truncated>
    <Difficult>0</Difficult>
    <bndbox>
      <xmin>697</xmin>
      <ymin>388</ymin>
      <xmax>708</xmax>
      <ymax>395</ymax>
    </bndbox>
  </object>
  <object>
    <name>other ship</name>
    <pose>Unspecified</pose>
    <truncated>0</truncated>
    <Difficult>0</Difficult>
    <bndbox>
      <xmin>768</xmin>
      <ymin>528</ymin>
      <xmax>783</xmax>
      <ymax>534</ymax>
    </bndbox>
  </object>
</annotation>