<annotation verified="no">
  <folder>ship</folder>
  <filename>00627</filename>
  <path>00627.jpg</path>
  <source>
    <database>Unknown</database>
  </source>
  <size>
    <width>1024</width>
    <height>680</height>
    <depth>3</depth>
  </size>
  <segmented>0</segmented>
  <object>
    <name>liner</name>
    <pose>Unspecified</pose>
    <truncated>0</truncated>
    <Difficult>0</Difficult>
    <bndbox>
      <xmin>149</xmin>
      <ymin>161</ymin>
      <xmax>931</xmax>
      <ymax>625</ymax>
    </bndbox>
  </object>
</annotation>