<annotation verified="no">
  <folder>ship</folder>
  <filename>00621</filename>
  <path>00621.jpg</path>
  <source>
    <database>Unknown</database>
  </source>
  <size>
    <width>1024</width>
    <height>683</height>
    <depth>3</depth>
  </size>
  <segmented>0</segmented>
  <object>
    <name>liner</name>
    <pose>Unspecified</pose>
    <truncated>0</truncated>
    <Difficult>0</Difficult>
    <bndbox>
      <xmin>434</xmin>
      <ymin>232</ymin>
      <xmax>992</xmax>
      <ymax>396</ymax>
    </bndbox>
  </object>
  <object>
    <name>other ship</name>
    <pose>Unspecified</pose>
    <truncated>0</truncated>
    <Difficult>0</Difficult>
    <bndbox>
      <xmin>350</xmin>
      <ymin>391</ymin>
      <xmax>466</xmax>
      <ymax>427</ymax>
    </bndbox>
  </object>
  <object>
    <name>island reef</name>
    <pose>Unspecified</pose>
    <truncated>1</truncated>
    <Difficult>0</Difficult>
    <bndbox>
      <xmin>1</xmin>
      <ymin>292</ymin>
      <xmax>434</xmax>
      <ymax>368</ymax>
    </bndbox>
  </object>
</annotation>