<annotation verified="no">
  <folder>ship</folder>
  <filename>00626</filename>
  <path>00626.jpg</path>
  <source>
    <database>Unknown</database>
  </source>
  <size>
    <width>1024</width>
    <height>680</height>
    <depth>3</depth>
  </size>
  <segmented>0</segmented>
  <object>
    <name>liner</name>
    <pose>Unspecified</pose>
    <truncated>1</truncated>
    <Difficult>0</Difficult>
    <bndbox>
      <xmin>10</xmin>
      <ymin>126</ymin>
      <xmax>1024</xmax>
      <ymax>680</ymax>
    </bndbox>
  </object>
</annotation>