<annotation verified="no">
  <folder>ship</folder>
  <filename>00624</filename>
  <path>00624.jpg</path>
  <source>
    <database>Unknown</database>
  </source>
  <size>
    <width>1024</width>
    <height>683</height>
    <depth>3</depth>
  </size>
  <segmented>0</segmented>
  <object>
    <name>liner</name>
    <pose>Unspecified</pose>
    <truncated>0</truncated>
    <Difficult>0</Difficult>
    <bndbox>
      <xmin>38</xmin>
      <ymin>278</ymin>
      <xmax>944</xmax>
      <ymax>515</ymax>
    </bndbox>
  </object>
  <object>
    <name>island reef</name>
    <pose>Unspecified</pose>
    <truncated>1</truncated>
    <Difficult>0</Difficult>
    <bndbox>
      <xmin>1</xmin>
      <ymin>233</ymin>
      <xmax>302</xmax>
      <ymax>298</ymax>
    </bndbox>
  </object>
</annotation>