<annotation verified="no">
  <folder>ship</folder>
  <filename>00625</filename>
  <path>00625.jpg</path>
  <source>
    <database>Unknown</database>
  </source>
  <size>
    <width>1024</width>
    <height>768</height>
    <depth>3</depth>
  </size>
  <segmented>0</segmented>
  <object>
    <name>other ship</name>
    <pose>Unspecified</pose>
    <truncated>0</truncated>
    <Difficult>0</Difficult>
    <bndbox>
      <xmin>316</xmin>
      <ymin>293</ymin>
      <xmax>597</xmax>
      <ymax>414</ymax>
    </bndbox>
  </object>
  <object>
    <name>other ship</name>
    <pose>Unspecified</pose>
    <truncated>0</truncated>
    <Difficult>0</Difficult>
    <bndbox>
      <xmin>410</xmin>
      <ymin>16</ymin>
      <xmax>669</xmax>
      <ymax>71</ymax>
    </bndbox>
  </object>
  <object>
    <name>other ship</name>
    <pose>Unspecified</pose>
    <truncated>0</truncated>
    <Difficult>0</Difficult>
    <bndbox>
      <xmin>157</xmin>
      <ymin>7</ymin>
      <xmax>384</xmax>
      <ymax>63</ymax>
    </bndbox>
  </object>
  <object>
    <name>other ship</name>
    <pose>Unspecified</pose>
    <truncated>0</truncated>
    <Difficult>0</Difficult>
    <bndbox>
      <xmin>16</xmin>
      <ymin>3</ymin>
      <xmax>184</xmax>
      <ymax>48</ymax>
    </bndbox>
  </object>
</annotation>