<annotation verified="no">
  <folder>ship</folder>
  <filename>00628</filename>
  <path>00628.jpg</path>
  <source>
    <database>Unknown</database>
  </source>
  <size>
    <width>683</width>
    <height>1024</height>
    <depth>3</depth>
  </size>
  <segmented>0</segmented>
  <object>
    <name>liner</name>
    <pose>Unspecified</pose>
    <truncated>0</truncated>
    <Difficult>0</Difficult>
    <bndbox>
      <xmin>117</xmin>
      <ymin>692</ymin>
      <xmax>385</xmax>
      <ymax>829</ymax>
    </bndbox>
  </object>
</annotation>