<annotation verified="no">
  <folder>ship</folder>
  <filename>00633</filename>
  <path>00633.jpg</path>
  <source>
    <database>Unknown</database>
  </source>
  <size>
    <width>1024</width>
    <height>679</height>
    <depth>3</depth>
  </size>
  <segmented>0</segmented>
  <object>
    <name>liner</name>
    <pose>Unspecified</pose>
    <truncated>1</truncated>
    <Difficult>0</Difficult>
    <bndbox>
      <xmin>1</xmin>
      <ymin>250</ymin>
      <xmax>686</xmax>
      <ymax>459</ymax>
    </bndbox>
  </object>
  <object>
    <name>island reef</name>
    <pose>Unspecified</pose>
    <truncated>1</truncated>
    <Difficult>0</Difficult>
    <bndbox>
      <xmin>1</xmin>
      <ymin>314</ymin>
      <xmax>346</xmax>
      <ymax>488</ymax>
    </bndbox>
  </object>
  <object>
    <name>other ship</name>
    <pose>Unspecified</pose>
    <truncated>0</truncated>
    <Difficult>0</Difficult>
    <bndbox>
      <xmin>521</xmin>
      <ymin>441</ymin>
      <xmax>557</xmax>
      <ymax>471</ymax>
    </bndbox>
  </object>
  <object>
    <name>other ship</name>
    <pose>Unspecified</pose>
    <truncated>0</truncated>
    <Difficult>0</Difficult>
    <bndbox>
      <xmin>657</xmin>
      <ymin>458</ymin>
      <xmax>710</xmax>
      <ymax>474</ymax>
    </bndbox>
  </object>
</annotation>