<annotation verified="no">
  <folder>ship</folder>
  <filename>00632</filename>
  <path>00632.jpg</path>
  <source>
    <database>Unknown</database>
  </source>
  <size>
    <width>1024</width>
    <height>680</height>
    <depth>3</depth>
  </size>
  <segmented>0</segmented>
  <object>
    <name>liner</name>
    <pose>Unspecified</pose>
    <truncated>0</truncated>
    <Difficult>0</Difficult>
    <bndbox>
      <xmin>290</xmin>
      <ymin>343</ymin>
      <xmax>1006</xmax>
      <ymax>535</ymax>
    </bndbox>
  </object>
</annotation>