<annotation verified="no">
  <folder>ship</folder>
  <filename>00639</filename>
  <path>00639.jpg</path>
  <source>
    <database>Unknown</database>
  </source>
  <size>
    <width>1024</width>
    <height>683</height>
    <depth>3</depth>
  </size>
  <segmented>0</segmented>
  <object>
    <name>liner</name>
    <pose>Unspecified</pose>
    <truncated>0</truncated>
    <Difficult>0</Difficult>
    <bndbox>
      <xmin>131</xmin>
      <ymin>366</ymin>
      <xmax>753</xmax>
      <ymax>555</ymax>
    </bndbox>
  </object>
  <object>
    <name>island reef</name>
    <pose>Unspecified</pose>
    <truncated>1</truncated>
    <Difficult>0</Difficult>
    <bndbox>
      <xmin>1</xmin>
      <ymin>1</ymin>
      <xmax>1023</xmax>
      <ymax>332</ymax>
    </bndbox>
  </object>
</annotation>