<annotation verified="no">
  <folder>ship</folder>
  <filename>00638</filename>
  <path>00638.jpg</path>
  <source>
    <database>Unknown</database>
  </source>
  <size>
    <width>1024</width>
    <height>683</height>
    <depth>3</depth>
  </size>
  <segmented>0</segmented>
  <object>
    <name>other ship</name>
    <pose>Unspecified</pose>
    <truncated>0</truncated>
    <Difficult>0</Difficult>
    <bndbox>
      <xmin>153</xmin>
      <ymin>160</ymin>
      <xmax>824</xmax>
      <ymax>555</ymax>
    </bndbox>
  </object>
</annotation>