<annotation verified="no">
  <folder>ship</folder>
  <filename>00630</filename>
  <path>00630.jpg</path>
  <source>
    <database>Unknown</database>
  </source>
  <size>
    <width>600</width>
    <height>400</height>
    <depth>3</depth>
  </size>
  <segmented>0</segmented>
  <object>
    <name>other ship</name>
    <pose>Unspecified</pose>
    <truncated>0</truncated>
    <Difficult>0</Difficult>
    <bndbox>
      <xmin>44</xmin>
      <ymin>249</ymin>
      <xmax>451</xmax>
      <ymax>350</ymax>
    </bndbox>
  </object>
</annotation>