<annotation verified="no">
  <folder>ship</folder>
  <filename>00636</filename>
  <path>00636.jpg</path>
  <source>
    <database>Unknown</database>
  </source>
  <size>
    <width>1024</width>
    <height>651</height>
    <depth>3</depth>
  </size>
  <segmented>0</segmented>
  <object>
    <name>liner</name>
    <pose>Unspecified</pose>
    <truncated>0</truncated>
    <Difficult>0</Difficult>
    <bndbox>
      <xmin>218</xmin>
      <ymin>238</ymin>
      <xmax>847</xmax>
      <ymax>451</ymax>
    </bndbox>
  </object>
</annotation>