<annotation verified="no">
  <folder>ship</folder>
  <filename>00635</filename>
  <path>00635.jpg</path>
  <source>
    <database>Unknown</database>
  </source>
  <size>
    <width>1024</width>
    <height>676</height>
    <depth>3</depth>
  </size>
  <segmented>0</segmented>
  <object>
    <name>liner</name>
    <pose>Unspecified</pose>
    <truncated>0</truncated>
    <Difficult>0</Difficult>
    <bndbox>
      <xmin>136</xmin>
      <ymin>75</ymin>
      <xmax>931</xmax>
      <ymax>505</ymax>
    </bndbox>
  </object>
</annotation>