<annotation verified="no">
  <folder>ship</folder>
  <filename>00634</filename>
  <path>00634.jpg</path>
  <source>
    <database>Unknown</database>
  </source>
  <size>
    <width>1024</width>
    <height>768</height>
    <depth>3</depth>
  </size>
  <segmented>0</segmented>
  <object>
    <name>liner</name>
    <pose>Unspecified</pose>
    <truncated>0</truncated>
    <Difficult>0</Difficult>
    <bndbox>
      <xmin>97</xmin>
      <ymin>154</ymin>
      <xmax>896</xmax>
      <ymax>470</ymax>
    </bndbox>
  </object>
</annotation>