<annotation verified="no">
  <folder>ship</folder>
  <filename>00637</filename>
  <path>00637.jpg</path>
  <source>
    <database>Unknown</database>
  </source>
  <size>
    <width>1024</width>
    <height>685</height>
    <depth>3</depth>
  </size>
  <segmented>0</segmented>
  <object>
    <name>liner</name>
    <pose>Unspecified</pose>
    <truncated>0</truncated>
    <Difficult>0</Difficult>
    <bndbox>
      <xmin>86</xmin>
      <ymin>88</ymin>
      <xmax>995</xmax>
      <ymax>621</ymax>
    </bndbox>
  </object>
</annotation>