<annotation verified="no">
  <folder>ship</folder>
  <filename>00642</filename>
  <path>00642.jpg</path>
  <source>
    <database>Unknown</database>
  </source>
  <size>
    <width>1024</width>
    <height>681</height>
    <depth>3</depth>
  </size>
  <segmented>0</segmented>
  <object>
    <name>other ship</name>
    <pose>Unspecified</pose>
    <truncated>0</truncated>
    <Difficult>0</Difficult>
    <bndbox>
      <xmin>157</xmin>
      <ymin>170</ymin>
      <xmax>899</xmax>
      <ymax>539</ymax>
    </bndbox>
  </object>
  <object>
    <name>island reef</name>
    <pose>Unspecified</pose>
    <truncated>1</truncated>
    <Difficult>0</Difficult>
    <bndbox>
      <xmin>305</xmin>
      <ymin>190</ymin>
      <xmax>1024</xmax>
      <ymax>242</ymax>
    </bndbox>
  </object>
</annotation>