<annotation verified="no">
  <folder>ship</folder>
  <filename>00646</filename>
  <path>00646.jpg</path>
  <source>
    <database>Unknown</database>
  </source>
  <size>
    <width>1024</width>
    <height>640</height>
    <depth>3</depth>
  </size>
  <segmented>0</segmented>
  <object>
    <name>other ship</name>
    <pose>Unspecified</pose>
    <truncated>0</truncated>
    <Difficult>0</Difficult>
    <bndbox>
      <xmin>201</xmin>
      <ymin>23</ymin>
      <xmax>755</xmax>
      <ymax>429</ymax>
    </bndbox>
  </object>
  <object>
    <name>island reef</name>
    <pose>Unspecified</pose>
    <truncated>1</truncated>
    <Difficult>0</Difficult>
    <bndbox>
      <xmin>1</xmin>
      <ymin>536</ymin>
      <xmax>968</xmax>
      <ymax>640</ymax>
    </bndbox>
  </object>
</annotation>