<annotation verified="no">
  <folder>ship</folder>
  <filename>00645</filename>
  <path>00645.jpg</path>
  <source>
    <database>Unknown</database>
  </source>
  <size>
    <width>1024</width>
    <height>973</height>
    <depth>3</depth>
  </size>
  <segmented>0</segmented>
  <object>
    <name>liner</name>
    <pose>Unspecified</pose>
    <truncated>0</truncated>
    <Difficult>0</Difficult>
    <bndbox>
      <xmin>142</xmin>
      <ymin>512</ymin>
      <xmax>813</xmax>
      <ymax>779</ymax>
    </bndbox>
  </object>
  <object>
    <name>island reef</name>
    <pose>Unspecified</pose>
    <truncated>1</truncated>
    <Difficult>0</Difficult>
    <bndbox>
      <xmin>1</xmin>
      <ymin>408</ymin>
      <xmax>1024</xmax>
      <ymax>475</ymax>
    </bndbox>
  </object>
</annotation>