<annotation verified="no">
  <folder>ship</folder>
  <filename>00648</filename>
  <path>00648.jpg</path>
  <source>
    <database>Unknown</database>
  </source>
  <size>
    <width>1024</width>
    <height>684</height>
    <depth>3</depth>
  </size>
  <segmented>0</segmented>
  <object>
    <name>liner</name>
    <pose>Unspecified</pose>
    <truncated>0</truncated>
    <Difficult>0</Difficult>
    <bndbox>
      <xmin>108</xmin>
      <ymin>166</ymin>
      <xmax>912</xmax>
      <ymax>474</ymax>
    </bndbox>
  </object>
</annotation>