<annotation verified="no">
  <folder>ship</folder>
  <filename>00643</filename>
  <path>00643.jpg</path>
  <source>
    <database>Unknown</database>
  </source>
  <size>
    <width>1024</width>
    <height>659</height>
    <depth>3</depth>
  </size>
  <segmented>0</segmented>
  <object>
    <name>other ship</name>
    <pose>Unspecified</pose>
    <truncated>0</truncated>
    <Difficult>0</Difficult>
    <bndbox>
      <xmin>143</xmin>
      <ymin>388</ymin>
      <xmax>494</xmax>
      <ymax>504</ymax>
    </bndbox>
  </object>
</annotation>