<annotation verified="no">
  <folder>ship</folder>
  <filename>00641</filename>
  <path>00641.jpg</path>
  <source>
    <database>Unknown</database>
  </source>
  <size>
    <width>1024</width>
    <height>437</height>
    <depth>3</depth>
  </size>
  <segmented>0</segmented>
  <object>
    <name>other ship</name>
    <pose>Unspecified</pose>
    <truncated>0</truncated>
    <Difficult>0</Difficult>
    <bndbox>
      <xmin>36</xmin>
      <ymin>57</ymin>
      <xmax>718</xmax>
      <ymax>336</ymax>
    </bndbox>
  </object>
</annotation>