<annotation verified="no">
  <folder>ship</folder>
  <filename>00647</filename>
  <path>00647.jpg</path>
  <source>
    <database>Unknown</database>
  </source>
  <size>
    <width>1024</width>
    <height>739</height>
    <depth>3</depth>
  </size>
  <segmented>0</segmented>
  <object>
    <name>bulk carrier</name>
    <pose>Unspecified</pose>
    <truncated>0</truncated>
    <Difficult>0</Difficult>
    <bndbox>
      <xmin>46</xmin>
      <ymin>100</ymin>
      <xmax>893</xmax>
      <ymax>532</ymax>
    </bndbox>
  </object>
</annotation>