<annotation verified="no">
  <folder>ship</folder>
  <filename>00649</filename>
  <path>00649.jpg</path>
  <source>
    <database>Unknown</database>
  </source>
  <size>
    <width>1024</width>
    <height>683</height>
    <depth>3</depth>
  </size>
  <segmented>0</segmented>
  <object>
    <name>liner</name>
    <pose>Unspecified</pose>
    <truncated>0</truncated>
    <Difficult>0</Difficult>
    <bndbox>
      <xmin>124</xmin>
      <ymin>201</ymin>
      <xmax>969</xmax>
      <ymax>444</ymax>
    </bndbox>
  </object>
</annotation>