<annotation verified="no">
  <folder>ship</folder>
  <filename>00640</filename>
  <path>00640.jpg</path>
  <source>
    <database>Unknown</database>
  </source>
  <size>
    <width>1024</width>
    <height>718</height>
    <depth>3</depth>
  </size>
  <segmented>0</segmented>
  <object>
    <name>bulk carrier</name>
    <pose>Unspecified</pose>
    <truncated>0</truncated>
    <Difficult>0</Difficult>
    <bndbox>
      <xmin>158</xmin>
      <ymin>104</ymin>
      <xmax>937</xmax>
      <ymax>544</ymax>
    </bndbox>
  </object>
</annotation>