<annotation verified="no">
  <folder>ship</folder>
  <filename>00650</filename>
  <path>00650.jpg</path>
  <source>
    <database>Unknown</database>
  </source>
  <size>
    <width>800</width>
    <height>532</height>
    <depth>3</depth>
  </size>
  <segmented>0</segmented>
  <object>
    <name>other ship</name>
    <pose>Unspecified</pose>
    <truncated>0</truncated>
    <Difficult>0</Difficult>
    <bndbox>
      <xmin>47</xmin>
      <ymin>170</ymin>
      <xmax>686</xmax>
      <ymax>348</ymax>
    </bndbox>
  </object>
</annotation>