<annotation verified="no">
  <folder>ship</folder>
  <filename>00651</filename>
  <path>00651.jpg</path>
  <source>
    <database>Unknown</database>
  </source>
  <size>
    <width>600</width>
    <height>265</height>
    <depth>3</depth>
  </size>
  <segmented>0</segmented>
  <object>
    <name>liner</name>
    <pose>Unspecified</pose>
    <truncated>0</truncated>
    <Difficult>0</Difficult>
    <bndbox>
      <xmin>32</xmin>
      <ymin>13</ymin>
      <xmax>557</xmax>
      <ymax>222</ymax>
    </bndbox>
  </object>
</annotation>