<annotation verified="no">
  <folder>ship</folder>
  <filename>00652</filename>
  <path>00652.jpg</path>
  <source>
    <database>Unknown</database>
  </source>
  <size>
    <width>1024</width>
    <height>680</height>
    <depth>3</depth>
  </size>
  <segmented>0</segmented>
  <object>
    <name>liner</name>
    <pose>Unspecified</pose>
    <truncated>0</truncated>
    <Difficult>0</Difficult>
    <bndbox>
      <xmin>193</xmin>
      <ymin>261</ymin>
      <xmax>730</xmax>
      <ymax>370</ymax>
    </bndbox>
  </object>
  <object>
    <name>other ship</name>
    <pose>Unspecified</pose>
    <truncated>0</truncated>
    <Difficult>0</Difficult>
    <bndbox>
      <xmin>116</xmin>
      <ymin>459</ymin>
      <xmax>144</xmax>
      <ymax>470</ymax>
    </bndbox>
  </object>
  <object>
    <name>bulk carrier</name>
    <pose>Unspecified</pose>
    <truncated>0</truncated>
    <Difficult>0</Difficult>
    <bndbox>
      <xmin>823</xmin>
      <ymin>323</ymin>
      <xmax>939</xmax>
      <ymax>351</ymax>
    </bndbox>
  </object>
</annotation>