<annotation verified="no">
  <folder>ship</folder>
  <filename>00655</filename>
  <path>00655.jpg</path>
  <source>
    <database>Unknown</database>
  </source>
  <size>
    <width>670</width>
    <height>406</height>
    <depth>3</depth>
  </size>
  <segmented>0</segmented>
  <object>
    <name>other ship</name>
    <pose>Unspecified</pose>
    <truncated>0</truncated>
    <Difficult>0</Difficult>
    <bndbox>
      <xmin>50</xmin>
      <ymin>106</ymin>
      <xmax>589</xmax>
      <ymax>298</ymax>
    </bndbox>
  </object>
</annotation>