<annotation verified="no">
  <folder>ship</folder>
  <filename>00659</filename>
  <path>00659.jpg</path>
  <source>
    <database>Unknown</database>
  </source>
  <size>
    <width>1024</width>
    <height>681</height>
    <depth>3</depth>
  </size>
  <segmented>0</segmented>
  <object>
    <name>other ship</name>
    <pose>Unspecified</pose>
    <truncated>0</truncated>
    <Difficult>0</Difficult>
    <bndbox>
      <xmin>129</xmin>
      <ymin>390</ymin>
      <xmax>558</xmax>
      <ymax>508</ymax>
    </bndbox>
  </object>
</annotation>