<annotation verified="no">
  <folder>ship</folder>
  <filename>00656</filename>
  <path>00656.jpg</path>
  <source>
    <database>Unknown</database>
  </source>
  <size>
    <width>1200</width>
    <height>794</height>
    <depth>3</depth>
  </size>
  <segmented>0</segmented>
  <object>
    <name>other ship</name>
    <pose>Unspecified</pose>
    <truncated>0</truncated>
    <Difficult>0</Difficult>
    <bndbox>
      <xmin>54</xmin>
      <ymin>127</ymin>
      <xmax>1177</xmax>
      <ymax>533</ymax>
    </bndbox>
  </object>
  <object>
    <name>other ship</name>
    <pose>Unspecified</pose>
    <truncated>0</truncated>
    <Difficult>0</Difficult>
    <bndbox>
      <xmin>625</xmin>
      <ymin>191</ymin>
      <xmax>750</xmax>
      <ymax>226</ymax>
    </bndbox>
  </object>
  <object>
    <name>other ship</name>
    <pose>Unspecified</pose>
    <truncated>0</truncated>
    <Difficult>0</Difficult>
    <bndbox>
      <xmin>614</xmin>
      <ymin>162</ymin>
      <xmax>772</xmax>
      <ymax>199</ymax>
    </bndbox>
  </object>
</annotation>