<annotation verified="no">
  <folder>ship</folder>
  <filename>00657</filename>
  <path>00657.jpg</path>
  <source>
    <database>Unknown</database>
  </source>
  <size>
    <width>950</width>
    <height>629</height>
    <depth>3</depth>
  </size>
  <segmented>0</segmented>
  <object>
    <name>other ship</name>
    <pose>Unspecified</pose>
    <truncated>0</truncated>
    <Difficult>0</Difficult>
    <bndbox>
      <xmin>111</xmin>
      <ymin>79</ymin>
      <xmax>793</xmax>
      <ymax>349</ymax>
    </bndbox>
  </object>
</annotation>