<annotation verified="no">
  <folder>ship</folder>
  <filename>00658</filename>
  <path>00658.jpg</path>
  <source>
    <database>Unknown</database>
  </source>
  <size>
    <width>798</width>
    <height>537</height>
    <depth>3</depth>
  </size>
  <segmented>0</segmented>
  <object>
    <name>other ship</name>
    <pose>Unspecified</pose>
    <truncated>0</truncated>
    <Difficult>0</Difficult>
    <bndbox>
      <xmin>480</xmin>
      <ymin>197</ymin>
      <xmax>764</xmax>
      <ymax>277</ymax>
    </bndbox>
  </object>
  <object>
    <name>other ship</name>
    <pose>Unspecified</pose>
    <truncated>0</truncated>
    <Difficult>0</Difficult>
    <bndbox>
      <xmin>277</xmin>
      <ymin>226</ymin>
      <xmax>442</xmax>
      <ymax>269</ymax>
    </bndbox>
  </object>
  <object>
    <name>other ship</name>
    <pose>Unspecified</pose>
    <truncated>0</truncated>
    <Difficult>0</Difficult>
    <bndbox>
      <xmin>436</xmin>
      <ymin>211</ymin>
      <xmax>468</xmax>
      <ymax>258</ymax>
    </bndbox>
  </object>
  <object>
    <name>other ship</name>
    <pose>Unspecified</pose>
    <truncated>0</truncated>
    <Difficult>0</Difficult>
    <bndbox>
      <xmin>28</xmin>
      <ymin>208</ymin>
      <xmax>207</xmax>
      <ymax>257</ymax>
    </bndbox>
  </object>
</annotation>