<annotation verified="no">
  <folder>ship</folder>
  <filename>00654</filename>
  <path>00654.jpg</path>
  <source>
    <database>Unknown</database>
  </source>
  <size>
    <width>800</width>
    <height>490</height>
    <depth>3</depth>
  </size>
  <segmented>0</segmented>
  <object>
    <name>other ship</name>
    <pose>Unspecified</pose>
    <truncated>0</truncated>
    <Difficult>0</Difficult>
    <bndbox>
      <xmin>188</xmin>
      <ymin>51</ymin>
      <xmax>513</xmax>
      <ymax>426</ymax>
    </bndbox>
  </object>
  <object>
    <name>island reef</name>
    <pose>Unspecified</pose>
    <truncated>1</truncated>
    <Difficult>0</Difficult>
    <bndbox>
      <xmin>696</xmin>
      <ymin>241</ymin>
      <xmax>800</xmax>
      <ymax>291</ymax>
    </bndbox>
  </object>
  <object>
    <name>island reef</name>
    <pose>Unspecified</pose>
    <truncated>1</truncated>
    <Difficult>0</Difficult>
    <bndbox>
      <xmin>1</xmin>
      <ymin>253</ymin>
      <xmax>138</xmax>
      <ymax>300</ymax>
    </bndbox>
  </object>
</annotation>