<annotation verified="no">
  <folder>ship</folder>
  <filename>00663</filename>
  <path>00663.jpg</path>
  <source>
    <database>Unknown</database>
  </source>
  <size>
    <width>1024</width>
    <height>683</height>
    <depth>3</depth>
  </size>
  <segmented>0</segmented>
  <object>
    <name>liner</name>
    <pose>Unspecified</pose>
    <truncated>0</truncated>
    <Difficult>0</Difficult>
    <bndbox>
      <xmin>218</xmin>
      <ymin>8</ymin>
      <xmax>868</xmax>
      <ymax>644</ymax>
    </bndbox>
  </object>
</annotation>