<annotation verified="no">
  <folder>ship</folder>
  <filename>00660</filename>
  <path>00660.jpg</path>
  <source>
    <database>Unknown</database>
  </source>
  <size>
    <width>800</width>
    <height>600</height>
    <depth>3</depth>
  </size>
  <segmented>0</segmented>
  <object>
    <name>other ship</name>
    <pose>Unspecified</pose>
    <truncated>0</truncated>
    <Difficult>0</Difficult>
    <bndbox>
      <xmin>35</xmin>
      <ymin>254</ymin>
      <xmax>309</xmax>
      <ymax>318</ymax>
    </bndbox>
  </object>
  <object>
    <name>other ship</name>
    <pose>Unspecified</pose>
    <truncated>0</truncated>
    <Difficult>0</Difficult>
    <bndbox>
      <xmin>176</xmin>
      <ymin>172</ymin>
      <xmax>579</xmax>
      <ymax>288</ymax>
    </bndbox>
  </object>
</annotation>