<annotation verified="no">
  <folder>ship</folder>
  <filename>00668</filename>
  <path>00668.jpg</path>
  <source>
    <database>Unknown</database>
  </source>
  <size>
    <width>1200</width>
    <height>801</height>
    <depth>3</depth>
  </size>
  <segmented>0</segmented>
  <object>
    <name>other ship</name>
    <pose>Unspecified</pose>
    <truncated>0</truncated>
    <Difficult>0</Difficult>
    <bndbox>
      <xmin>701</xmin>
      <ymin>504</ymin>
      <xmax>1156</xmax>
      <ymax>639</ymax>
    </bndbox>
  </object>
  <object>
    <name>other ship</name>
    <pose>Unspecified</pose>
    <truncated>0</truncated>
    <Difficult>0</Difficult>
    <bndbox>
      <xmin>520</xmin>
      <ymin>466</ymin>
      <xmax>679</xmax>
      <ymax>489</ymax>
    </bndbox>
  </object>
  <object>
    <name>other ship</name>
    <pose>Unspecified</pose>
    <truncated>1</truncated>
    <Difficult>0</Difficult>
    <bndbox>
      <xmin>1</xmin>
      <ymin>453</ymin>
      <xmax>157</xmax>
      <ymax>479</ymax>
    </bndbox>
  </object>
  <object>
    <name>other ship</name>
    <pose>Unspecified</pose>
    <truncated>0</truncated>
    <Difficult>0</Difficult>
    <bndbox>
      <xmin>1049</xmin>
      <ymin>461</ymin>
      <xmax>1073</xmax>
      <ymax>473</ymax>
    </bndbox>
  </object>
  <object>
    <name>other ship</name>
    <pose>Unspecified</pose>
    <truncated>0</truncated>
    <Difficult>0</Difficult>
    <bndbox>
      <xmin>560</xmin>
      <ymin>456</ymin>
      <xmax>585</xmax>
      <ymax>462</ymax>
    </bndbox>
  </object>
  <object>
    <name>other ship</name>
    <pose>Unspecified</pose>
    <truncated>0</truncated>
    <Difficult>0</Difficult>
    <bndbox>
      <xmin>616</xmin>
      <ymin>456</ymin>
      <xmax>649</xmax>
      <ymax>462</ymax>
    </bndbox>
  </object>
</annotation>