<annotation verified="no">
  <folder>ship</folder>
  <filename>00666</filename>
  <path>00666.jpg</path>
  <source>
    <database>Unknown</database>
  </source>
  <size>
    <width>2784</width>
    <height>1848</height>
    <depth>3</depth>
  </size>
  <segmented>0</segmented>
  <object>
    <name>other ship</name>
    <pose>Unspecified</pose>
    <truncated>0</truncated>
    <Difficult>0</Difficult>
    <bndbox>
      <xmin>747</xmin>
      <ymin>437</ymin>
      <xmax>1376</xmax>
      <ymax>1067</ymax>
    </bndbox>
  </object>
  <object>
    <name>other ship</name>
    <pose>Unspecified</pose>
    <truncated>0</truncated>
    <Difficult>0</Difficult>
    <bndbox>
      <xmin>1390</xmin>
      <ymin>676</ymin>
      <xmax>1764</xmax>
      <ymax>943</ymax>
    </bndbox>
  </object>
  <object>
    <name>other ship</name>
    <pose>Unspecified</pose>
    <truncated>0</truncated>
    <Difficult>0</Difficult>
    <bndbox>
      <xmin>1755</xmin>
      <ymin>619</ymin>
      <xmax>2141</xmax>
      <ymax>851</ymax>
    </bndbox>
  </object>
  <object>
    <name>other ship</name>
    <pose>Unspecified</pose>
    <truncated>0</truncated>
    <Difficult>0</Difficult>
    <bndbox>
      <xmin>586</xmin>
      <ymin>645</ymin>
      <xmax>886</xmax>
      <ymax>833</ymax>
    </bndbox>
  </object>
  <object>
    <name>other ship</name>
    <pose>Unspecified</pose>
    <truncated>0</truncated>
    <Difficult>0</Difficult>
    <bndbox>
      <xmin>2147</xmin>
      <ymin>623</ymin>
      <xmax>2351</xmax>
      <ymax>812</ymax>
    </bndbox>
  </object>
  <object>
    <name>other ship</name>
    <pose>Unspecified</pose>
    <truncated>0</truncated>
    <Difficult>0</Difficult>
    <bndbox>
      <xmin>2323</xmin>
      <ymin>621</ymin>
      <xmax>2521</xmax>
      <ymax>755</ymax>
    </bndbox>
  </object>
</annotation>