<annotation verified="no">
  <folder>ship</folder>
  <filename>00664</filename>
  <path>00664.jpg</path>
  <source>
    <database>Unknown</database>
  </source>
  <size>
    <width>1024</width>
    <height>683</height>
    <depth>3</depth>
  </size>
  <segmented>0</segmented>
  <object>
    <name>other ship</name>
    <pose>Unspecified</pose>
    <truncated>0</truncated>
    <Difficult>0</Difficult>
    <bndbox>
      <xmin>35</xmin>
      <ymin>293</ymin>
      <xmax>813</xmax>
      <ymax>585</ymax>
    </bndbox>
  </object>
  <object>
    <name>island reef</name>
    <pose>Unspecified</pose>
    <truncated>1</truncated>
    <Difficult>0</Difficult>
    <bndbox>
      <xmin>514</xmin>
      <ymin>83</ymin>
      <xmax>1024</xmax>
      <ymax>187</ymax>
    </bndbox>
  </object>
</annotation>