<annotation verified="no">
  <folder>ship</folder>
  <filename>00662</filename>
  <path>00662.jpg</path>
  <source>
    <database>Unknown</database>
  </source>
  <size>
    <width>600</width>
    <height>415</height>
    <depth>3</depth>
  </size>
  <segmented>0</segmented>
  <object>
    <name>liner</name>
    <pose>Unspecified</pose>
    <truncated>0</truncated>
    <Difficult>0</Difficult>
    <bndbox>
      <xmin>255</xmin>
      <ymin>165</ymin>
      <xmax>599</xmax>
      <ymax>347</ymax>
    </bndbox>
  </object>
  <object>
    <name>liner</name>
    <pose>Unspecified</pose>
    <truncated>0</truncated>
    <Difficult>0</Difficult>
    <bndbox>
      <xmin>134</xmin>
      <ymin>192</ymin>
      <xmax>326</xmax>
      <ymax>332</ymax>
    </bndbox>
  </object>
</annotation>