<annotation verified="no">
  <folder>ship</folder>
  <filename>00667</filename>
  <path>00667.jpg</path>
  <source>
    <database>Unknown</database>
  </source>
  <size>
    <width>600</width>
    <height>348</height>
    <depth>3</depth>
  </size>
  <segmented>0</segmented>
  <object>
    <name>other ship</name>
    <pose>Unspecified</pose>
    <truncated>0</truncated>
    <Difficult>0</Difficult>
    <bndbox>
      <xmin>70</xmin>
      <ymin>62</ymin>
      <xmax>564</xmax>
      <ymax>314</ymax>
    </bndbox>
  </object>
</annotation>