<annotation verified="no">
  <folder>ship</folder>
  <filename>00665</filename>
  <path>00665.jpg</path>
  <source>
    <database>Unknown</database>
  </source>
  <size>
    <width>1600</width>
    <height>1067</height>
    <depth>3</depth>
  </size>
  <segmented>0</segmented>
  <object>
    <name>liner</name>
    <pose>Unspecified</pose>
    <truncated>0</truncated>
    <Difficult>0</Difficult>
    <bndbox>
      <xmin>519</xmin>
      <ymin>534</ymin>
      <xmax>1501</xmax>
      <ymax>772</ymax>
    </bndbox>
  </object>
</annotation>