<annotation verified="no">
  <folder>ship</folder>
  <filename>00661</filename>
  <path>00661.jpg</path>
  <source>
    <database>Unknown</database>
  </source>
  <size>
    <width>1200</width>
    <height>675</height>
    <depth>3</depth>
  </size>
  <segmented>0</segmented>
  <object>
    <name>liner</name>
    <pose>Unspecified</pose>
    <truncated>0</truncated>
    <Difficult>0</Difficult>
    <bndbox>
      <xmin>637</xmin>
      <ymin>304</ymin>
      <xmax>1165</xmax>
      <ymax>519</ymax>
    </bndbox>
  </object>
  <object>
    <name>liner</name>
    <pose>Unspecified</pose>
    <truncated>0</truncated>
    <Difficult>0</Difficult>
    <bndbox>
      <xmin>345</xmin>
      <ymin>283</ymin>
      <xmax>701</xmax>
      <ymax>512</ymax>
    </bndbox>
  </object>
  <object>
    <name>liner</name>
    <pose>Unspecified</pose>
    <truncated>0</truncated>
    <Difficult>0</Difficult>
    <bndbox>
      <xmin>87</xmin>
      <ymin>359</ymin>
      <xmax>397</xmax>
      <ymax>487</ymax>
    </bndbox>
  </object>
</annotation>