<annotation verified="no">
  <folder>ship</folder>
  <filename>00669</filename>
  <path>00669.jpg</path>
  <source>
    <database>Unknown</database>
  </source>
  <size>
    <width>776</width>
    <height>496</height>
    <depth>3</depth>
  </size>
  <segmented>0</segmented>
  <object>
    <name>sailboat</name>
    <pose>Unspecified</pose>
    <truncated>1</truncated>
    <Difficult>0</Difficult>
    <bndbox>
      <xmin>92</xmin>
      <ymin>1</ymin>
      <xmax>685</xmax>
      <ymax>467</ymax>
    </bndbox>
  </object>
</annotation>