<annotation verified="no">
  <folder>ship</folder>
  <filename>00673</filename>
  <path>00673.jpg</path>
  <source>
    <database>Unknown</database>
  </source>
  <size>
    <width>1430</width>
    <height>983</height>
    <depth>3</depth>
  </size>
  <segmented>0</segmented>
  <object>
    <name>other ship</name>
    <pose>Unspecified</pose>
    <truncated>0</truncated>
    <Difficult>0</Difficult>
    <bndbox>
      <xmin>177</xmin>
      <ymin>107</ymin>
      <xmax>1263</xmax>
      <ymax>922</ymax>
    </bndbox>
  </object>
</annotation>