<annotation verified="no">
  <folder>ship</folder>
  <filename>00679</filename>
  <path>00679.jpg</path>
  <source>
    <database>Unknown</database>
  </source>
  <size>
    <width>700</width>
    <height>272</height>
    <depth>3</depth>
  </size>
  <segmented>0</segmented>
  <object>
    <name>bulk carrier</name>
    <pose>Unspecified</pose>
    <truncated>0</truncated>
    <Difficult>0</Difficult>
    <bndbox>
      <xmin>256</xmin>
      <ymin>114</ymin>
      <xmax>593</xmax>
      <ymax>181</ymax>
    </bndbox>
  </object>
  <object>
    <name>other ship</name>
    <pose>Unspecified</pose>
    <truncated>0</truncated>
    <Difficult>0</Difficult>
    <bndbox>
      <xmin>354</xmin>
      <ymin>121</ymin>
      <xmax>481</xmax>
      <ymax>149</ymax>
    </bndbox>
  </object>
</annotation>