<annotation verified="no">
  <folder>ship</folder>
  <filename>00676</filename>
  <path>00676.jpg</path>
  <source>
    <database>Unknown</database>
  </source>
  <size>
    <width>640</width>
    <height>426</height>
    <depth>3</depth>
  </size>
  <segmented>0</segmented>
  <object>
    <name>other ship</name>
    <pose>Unspecified</pose>
    <truncated>0</truncated>
    <Difficult>0</Difficult>
    <bndbox>
      <xmin>93</xmin>
      <ymin>149</ymin>
      <xmax>550</xmax>
      <ymax>351</ymax>
    </bndbox>
  </object>
</annotation>