<annotation verified="no">
  <folder>ship</folder>
  <filename>00674</filename>
  <path>00674.jpg</path>
  <source>
    <database>Unknown</database>
  </source>
  <size>
    <width>550</width>
    <height>358</height>
    <depth>3</depth>
  </size>
  <segmented>0</segmented>
  <object>
    <name>other ship</name>
    <pose>Unspecified</pose>
    <truncated>0</truncated>
    <Difficult>0</Difficult>
    <bndbox>
      <xmin>66</xmin>
      <ymin>158</ymin>
      <xmax>533</xmax>
      <ymax>277</ymax>
    </bndbox>
  </object>
  <object>
    <name>other ship</name>
    <pose>Unspecified</pose>
    <truncated>0</truncated>
    <Difficult>0</Difficult>
    <bndbox>
      <xmin>52</xmin>
      <ymin>88</ymin>
      <xmax>465</xmax>
      <ymax>191</ymax>
    </bndbox>
  </object>
</annotation>