<annotation verified="no">
  <folder>ship</folder>
  <filename>00671</filename>
  <path>00671.jpg</path>
  <source>
    <database>Unknown</database>
  </source>
  <size>
    <width>500</width>
    <height>309</height>
    <depth>3</depth>
  </size>
  <segmented>0</segmented>
  <object>
    <name>other ship</name>
    <pose>Unspecified</pose>
    <truncated>1</truncated>
    <Difficult>0</Difficult>
    <bndbox>
      <xmin>1</xmin>
      <ymin>144</ymin>
      <xmax>271</xmax>
      <ymax>242</ymax>
    </bndbox>
  </object>
  <object>
    <name>other ship</name>
    <pose>Unspecified</pose>
    <truncated>0</truncated>
    <Difficult>0</Difficult>
    <bndbox>
      <xmin>265</xmin>
      <ymin>150</ymin>
      <xmax>340</xmax>
      <ymax>190</ymax>
    </bndbox>
  </object>
  <object>
    <name>other ship</name>
    <pose>Unspecified</pose>
    <truncated>0</truncated>
    <Difficult>0</Difficult>
    <bndbox>
      <xmin>338</xmin>
      <ymin>152</ymin>
      <xmax>396</xmax>
      <ymax>177</ymax>
    </bndbox>
  </object>
</annotation>