<annotation verified="no">
  <folder>ship</folder>
  <filename>00675</filename>
  <path>00675.jpg</path>
  <source>
    <database>Unknown</database>
  </source>
  <size>
    <width>640</width>
    <height>436</height>
    <depth>3</depth>
  </size>
  <segmented>0</segmented>
  <object>
    <name>other ship</name>
    <pose>Unspecified</pose>
    <truncated>0</truncated>
    <Difficult>0</Difficult>
    <bndbox>
      <xmin>73</xmin>
      <ymin>57</ymin>
      <xmax>485</xmax>
      <ymax>354</ymax>
    </bndbox>
  </object>
</annotation>