<annotation verified="no">
  <folder>ship</folder>
  <filename>00677</filename>
  <path>00677.jpg</path>
  <source>
    <database>Unknown</database>
  </source>
  <size>
    <width>600</width>
    <height>365</height>
    <depth>3</depth>
  </size>
  <segmented>0</segmented>
  <object>
    <name>bulk carrier</name>
    <pose>Unspecified</pose>
    <truncated>0</truncated>
    <Difficult>0</Difficult>
    <bndbox>
      <xmin>91</xmin>
      <ymin>111</ymin>
      <xmax>490</xmax>
      <ymax>295</ymax>
    </bndbox>
  </object>
</annotation>