<annotation verified="no">
  <folder>ship</folder>
  <filename>00672</filename>
  <path>00672.jpg</path>
  <source>
    <database>Unknown</database>
  </source>
  <size>
    <width>550</width>
    <height>413</height>
    <depth>3</depth>
  </size>
  <segmented>0</segmented>
  <object>
    <name>other ship</name>
    <pose>Unspecified</pose>
    <truncated>0</truncated>
    <Difficult>0</Difficult>
    <bndbox>
      <xmin>160</xmin>
      <ymin>108</ymin>
      <xmax>527</xmax>
      <ymax>280</ymax>
    </bndbox>
  </object>
</annotation>