<annotation verified="no">
  <folder>ship</folder>
  <filename>00678</filename>
  <path>00678.jpg</path>
  <source>
    <database>Unknown</database>
  </source>
  <size>
    <width>470</width>
    <height>340</height>
    <depth>3</depth>
  </size>
  <segmented>0</segmented>
  <object>
    <name>other ship</name>
    <pose>Unspecified</pose>
    <truncated>1</truncated>
    <Difficult>0</Difficult>
    <bndbox>
      <xmin>19</xmin>
      <ymin>1</ymin>
      <xmax>414</xmax>
      <ymax>336</ymax>
    </bndbox>
  </object>
</annotation>