<annotation verified="no">
  <folder>ship</folder>
  <filename>00682</filename>
  <path>00682.jpg</path>
  <source>
    <database>Unknown</database>
  </source>
  <size>
    <width>940</width>
    <height>568</height>
    <depth>3</depth>
  </size>
  <segmented>0</segmented>
  <object>
    <name>other ship</name>
    <pose>Unspecified</pose>
    <truncated>1</truncated>
    <Difficult>0</Difficult>
    <bndbox>
      <xmin>1</xmin>
      <ymin>3</ymin>
      <xmax>587</xmax>
      <ymax>251</ymax>
    </bndbox>
  </object>
  <object>
    <name>other ship</name>
    <pose>Unspecified</pose>
    <truncated>1</truncated>
    <Difficult>0</Difficult>
    <bndbox>
      <xmin>237</xmin>
      <ymin>1</ymin>
      <xmax>940</xmax>
      <ymax>568</ymax>
    </bndbox>
  </object>
</annotation>