<annotation verified="no">
  <folder>ship</folder>
  <filename>00685</filename>
  <path>00685.jpg</path>
  <source>
    <database>Unknown</database>
  </source>
  <size>
    <width>900</width>
    <height>585</height>
    <depth>3</depth>
  </size>
  <segmented>0</segmented>
  <object>
    <name>liner</name>
    <pose>Unspecified</pose>
    <truncated>0</truncated>
    <Difficult>0</Difficult>
    <bndbox>
      <xmin>419</xmin>
      <ymin>296</ymin>
      <xmax>703</xmax>
      <ymax>480</ymax>
    </bndbox>
  </object>
  <object>
    <name>island reef</name>
    <pose>Unspecified</pose>
    <truncated>1</truncated>
    <Difficult>0</Difficult>
    <bndbox>
      <xmin>1</xmin>
      <ymin>237</ymin>
      <xmax>234</xmax>
      <ymax>326</ymax>
    </bndbox>
  </object>
  <object>
    <name>island reef</name>
    <pose>Unspecified</pose>
    <truncated>1</truncated>
    <Difficult>0</Difficult>
    <bndbox>
      <xmin>371</xmin>
      <ymin>163</ymin>
      <xmax>900</xmax>
      <ymax>344</ymax>
    </bndbox>
  </object>
</annotation>