<annotation verified="no">
  <folder>ship</folder>
  <filename>00681</filename>
  <path>00681.jpg</path>
  <source>
    <database>Unknown</database>
  </source>
  <size>
    <width>600</width>
    <height>433</height>
    <depth>3</depth>
  </size>
  <segmented>0</segmented>
  <object>
    <name>liner</name>
    <pose>Unspecified</pose>
    <truncated>0</truncated>
    <Difficult>0</Difficult>
    <bndbox>
      <xmin>72</xmin>
      <ymin>74</ymin>
      <xmax>524</xmax>
      <ymax>317</ymax>
    </bndbox>
  </object>
</annotation>