<annotation verified="no">
  <folder>ship</folder>
  <filename>00687</filename>
  <path>00687.jpg</path>
  <source>
    <database>Unknown</database>
  </source>
  <size>
    <width>600</width>
    <height>450</height>
    <depth>3</depth>
  </size>
  <segmented>0</segmented>
  <object>
    <name>liner</name>
    <pose>Unspecified</pose>
    <truncated>0</truncated>
    <Difficult>0</Difficult>
    <bndbox>
      <xmin>107</xmin>
      <ymin>39</ymin>
      <xmax>506</xmax>
      <ymax>271</ymax>
    </bndbox>
  </object>
</annotation>