<annotation verified="no">
  <folder>ship</folder>
  <filename>00680</filename>
  <path>00680.jpg</path>
  <source>
    <database>Unknown</database>
  </source>
  <size>
    <width>1024</width>
    <height>681</height>
    <depth>3</depth>
  </size>
  <segmented>0</segmented>
  <object>
    <name>other ship</name>
    <pose>Unspecified</pose>
    <truncated>0</truncated>
    <Difficult>0</Difficult>
    <bndbox>
      <xmin>43</xmin>
      <ymin>162</ymin>
      <xmax>1006</xmax>
      <ymax>426</ymax>
    </bndbox>
  </object>
</annotation>