<annotation verified="no">
  <folder>ship</folder>
  <filename>00683</filename>
  <path>00683.jpg</path>
  <source>
    <database>Unknown</database>
  </source>
  <size>
    <width>429</width>
    <height>650</height>
    <depth>3</depth>
  </size>
  <segmented>0</segmented>
  <object>
    <name>other ship</name>
    <pose>Unspecified</pose>
    <truncated>0</truncated>
    <Difficult>0</Difficult>
    <bndbox>
      <xmin>50</xmin>
      <ymin>162</ymin>
      <xmax>384</xmax>
      <ymax>449</ymax>
    </bndbox>
  </object>
</annotation>