<annotation verified="no">
  <folder>ship</folder>
  <filename>00686</filename>
  <path>00686.jpg</path>
  <source>
    <database>Unknown</database>
  </source>
  <size>
    <width>580</width>
    <height>386</height>
    <depth>3</depth>
  </size>
  <segmented>0</segmented>
  <object>
    <name>other ship</name>
    <pose>Unspecified</pose>
    <truncated>0</truncated>
    <Difficult>0</Difficult>
    <bndbox>
      <xmin>15</xmin>
      <ymin>92</ymin>
      <xmax>564</xmax>
      <ymax>331</ymax>
    </bndbox>
  </object>
</annotation>